time,sx_x,sx_y,sx_z,mat_x,mat_y,mat_z,vicon_x,vicon_y,vicon_z
0.000000000000000000e+00,4.300000000000000488e-01,0.000000000000000000e+00,0.000000000000000000e+00,4.299999999999999933e-01,0.000000000000000000e+00,0.000000000000000000e+00,4.366650863587007159e-01,2.309457295591121895e-03,6.387263913587570840e-04
9.999999999998010480e-03,4.300605016164626426e-01,-9.027197913130520043e-07,5.340209549380772080e-05,4.300605381993475862e-01,-1.087802992203345546e-06,5.329049524631078471e-05,4.366489667375942352e-01,2.364292367747045098e-03,6.622154074745756347e-04
1.999999999999957367e-02,4.302920488008498134e-01,-1.633146797298137037e-05,5.440477357957325876e-04,4.302916058811573907e-01,-1.665554137593129312e-05,5.429648911904732525e-04,4.366885656869281540e-01,2.085671815789835737e-03,4.643884728054992195e-04
2.999999999999758415e-02,4.306929550367086246e-01,-6.667832673819569099e-05,1.853833136375409056e-03,4.306922535664547969e-01,-6.694593191615996709e-05,1.849250531244100992e-03,4.366628338240131635e-01,2.049520360065143487e-03,4.311006491276581087e-04
3.999999999999914735e-02,4.312154278512035366e-01,-1.630553830564992568e-04,4.153949468948622652e-03,4.312145528481016177e-01,-1.633071869979040459e-04,4.147206877702522276e-03,4.367285424964461038e-01,2.100708875047957447e-03,4.674207821381282102e-04
5.000000000000071054e-02,4.318064234356262521e-01,-3.091823938919984133e-04,7.485885093706863731e-03,4.318054243912373136e-01,-3.094603941851533854e-04,7.478108362453823703e-03,4.371120989661169132e-01,2.119168378070135361e-03,6.783169713446834947e-04
5.999999999999872102e-02,4.324090137922430577e-01,-5.041962644267341392e-04,1.181185338588363297e-02,4.324080046389560117e-01,-5.044651030415665469e-04,1.180263805499829309e-02,4.381420679830673182e-01,1.953791476754590528e-03,5.705532676911762024e-04
7.000000000000028422e-02,4.329655446035505229e-01,-7.445247180608833117e-04,1.704828243748617717e-02,4.329646592046501041e-01,-7.447602547293976413e-04,1.703734766923111627e-02,4.397389570546278437e-01,2.922443906970301208e-03,1.788339204556232964e-03
7.999999999999829470e-02,4.334210921917471260e-01,-1.025117575069726299e-03,2.308771000262694814e-02,4.334203780713670184e-01,-1.025355502299613291e-03,2.307578741706870981e-02,4.414867003898935716e-01,2.081708715606950255e-03,2.202492590314131249e-03
8.999999999999985789e-02,4.337263444929285727e-01,-1.340244197338949419e-03,2.981286174770678837e-02,4.337257844233170512e-01,-1.340528451376910577e-03,2.980077618492156522e-02,4.429700056649900075e-01,3.108655115638070399e-03,4.764742131939669889e-03
9.999999999999786837e-02,4.338395605476933481e-01,-1.684001700886414736e-03,3.710552538958385854e-02,4.338392236691373527e-01,-1.684318535646466821e-03,3.709309287458813220e-02,4.438277842551751062e-01,3.409555412089537718e-03,6.089265124563536524e-03
1.099999999999994316e-01,4.337275932177880322e-01,-2.050631542480476147e-03,4.485198705119555068e-02,4.337276039270803740e-01,-2.050956756051092005e-03,4.483873348798544239e-02,4.444968996995363186e-01,3.546520125604663010e-03,8.512801403871672612e-03
1.199999999999974420e-01,4.333661222940857760e-01,-2.434709563738007843e-03,5.294620817943923585e-02,4.333667584631182290e-01,-2.434976165270514876e-03,5.293119088532611399e-02,4.448658056169018105e-01,4.174316397405897217e-03,1.127602853222131607e-02
1.299999999999990052e-01,4.327392996735611730e-01,-2.831252891463689140e-03,6.129152192108462682e-02,4.327406756741262739e-01,-2.831483942267018841e-03,6.127489267239619175e-02,4.453654144089380651e-01,4.990750260724596821e-03,1.408182936735724589e-02
1.400000000000005684e-01,4.318390038880262072e-01,-3.235772043411362653e-03,6.980136304557213456e-02,4.318410431673084804e-01,-3.236173053798657977e-03,6.978393873104445089e-02,4.461117085793545600e-01,5.712121720341467590e-03,1.823494299392103279e-02
1.499999999999985789e-01,4.306638705201074613e-01,-3.644286871487385348e-03,7.839937177279755753e-02,4.306662952469111905e-01,-3.645126628297666767e-03,7.838269695186048103e-02,4.468991285265505597e-01,6.554887758631167127e-03,2.184572474443779999e-02
1.600000000000001421e-01,4.292182266498164589e-01,-4.053319430044937700e-03,8.701909834387060172e-02,4.292208485806384699e-01,-4.054688614902287810e-03,8.700372043958796986e-02,4.474761471025761050e-01,7.166496807940681002e-03,2.639027188821996273e-02
1.699999999999981526e-01,4.275110208823171276e-01,-4.459871843798001757e-03,9.560346084281476364e-02,4.275134385218721245e-01,-4.461778256976120516e-03,9.559066403437808945e-02,4.474885054805488593e-01,7.761223055827742856e-03,3.080900158675425882e-02
1.799999999999997158e-01,4.255548096210839404e-01,-4.861395258316049232e-03,1.041040596873831908e-01,4.255570738971735656e-01,-4.863693264908475894e-03,1.040931241238473998e-01,4.471419811901361507e-01,8.372728213272867537e-03,3.446500426306020604e-02
1.899999999999977263e-01,4.233648360963481183e-01,-5.255753749342033029e-03,1.124804193205081460e-01,4.233671182690293411e-01,-5.258285897206674102e-03,1.124704751259475305e-01,4.467685601563932130e-01,9.018065219159765444e-03,3.954215553869233624e-02
1.999999999999992895e-01,4.209582207853732605e-01,-5.641185846168025354e-03,1.206992052380057023e-01,4.209606311905517151e-01,-5.643855226944734411e-03,1.206897833930195563e-01,4.466123911962409654e-01,9.388166433671019107e-03,4.278074591550384831e-02
2.100000000000008527e-01,4.183532692684569509e-01,-6.016265919019462768e-03,1.287334489605313215e-01,4.183558328528574344e-01,-6.019009274927094623e-03,1.287244107252507874e-01,4.465237837294725454e-01,1.024073678466311255e-02,4.771576222104734200e-02
2.199999999999988631e-01,4.155688951907787199e-01,-6.379866296976843820e-03,1.365618025964983884e-01,4.155692452969746431e-01,-6.382972833660982906e-03,1.365587765319822011e-01,4.463905782268271505e-01,1.088382795593029195e-02,5.171692121837179190e-02
2.300000000000004263e-01,4.126241507483632276e-01,-6.731121311466779951e-03,1.441678368251545772e-01,4.126231670703359722e-01,-6.734480581999890275e-03,1.441680076571798808e-01,4.460917367803826084e-01,1.125301725665969754e-02,5.605448327232109840e-02
2.399999999999984368e-01,4.095378542018546231e-01,-7.069393580771387783e-03,1.515393904874407782e-01,4.095351532611743450e-01,-7.073055951129808561e-03,1.515431270575010869e-01,4.456640470123079956e-01,1.214244455203705719e-02,6.120451402747051350e-02
2.500000000000000000e-01,4.063283025953890459e-01,-7.394243009946229600e-03,1.586679759125666223e-01,4.063237694135823364e-01,-7.398233715467742930e-03,1.586750573780448259e-01,4.454176108419116709e-01,1.138389351128946125e-02,6.384550228581198361e-02
2.599999999999980105e-01,4.030130576434240997e-01,-7.705398510323794095e-03,1.655482411946624932e-01,4.030087914344923639e-01,-7.709532605388768473e-03,1.655544088934162439e-01,4.447648871912742718e-01,1.218573231489833431e-02,6.879179395069068281e-02
2.699999999999995737e-01,3.996087932168454482e-01,-8.002732520311863287e-03,1.721774885837039082e-01,3.996034253415605142e-01,-8.007078502503093761e-03,1.721852243468765531e-01,4.441694763739363339e-01,1.302555945973704610e-02,7.344896948418944138e-02
2.799999999999975842e-01,3.961311937514527259e-01,-8.286238296269734030e-03,1.785552467480504835e-01,3.961273953208114817e-01,-8.290517133461426658e-03,1.785599973087696746e-01,4.435054753173375275e-01,1.384959051599890523e-02,7.910062351876967490e-02
2.899999999999991473e-01,3.925948940169167178e-01,-8.556009726150748743e-03,1.846828937468380782e-01,3.925910113307143900e-01,-8.560294954809446327e-03,1.846875452501604564e-01,4.426682526210269364e-01,1.498265734951353956e-02,8.454814231357721255e-02
3.000000000000007105e-01,3.890134518637649585e-01,-8.812223618780286663e-03,1.905633269992587642e-01,3.890108241689892443e-01,-8.816316583976472471e-03,1.905659059845348224e-01,4.417969444578229155e-01,1.487928997248827434e-02,8.911119729142058521e-02
3.099999999999987210e-01,3.853993467531931505e-01,-9.055124217696754185e-03,1.962006762582095554e-01,3.853977082016709632e-01,-9.059004148169050655e-03,1.962017541579453572e-01,4.405362350598179821e-01,1.561185907229140080e-02,9.486870413225412246e-02
3.200000000000002842e-01,3.817639979874578038e-01,-9.285009741036688927e-03,2.016000555175548048e-01,3.817631996829077279e-01,-9.288658385994496766e-03,2.015999689761962255e-01,4.391195558882996508e-01,1.626555713348987187e-02,1.001211581444076959e-01
3.299999999999982947e-01,3.781177975722301299e-01,-9.502220849739843184e-03,2.067673498467995641e-01,3.781177533502044219e-01,-9.505636310688472812e-03,2.067663122512843898e-01,4.376186009073989025e-01,1.664957976868983169e-02,1.051339389794057055e-01
3.399999999999998579e-01,3.744701535663719771e-01,-9.707130599511816504e-03,2.117090333115415890e-01,3.744697624099198596e-01,-9.710423367988624960e-03,2.117084975727123175e-01,4.358720878240840424e-01,1.768473968601713686e-02,1.111204366850629954e-01
3.499999999999978684e-01,3.708295405373951414e-01,-9.900136037893761398e-03,2.164320143657620099e-01,3.708294006687423150e-01,-9.903302210643255554e-03,2.164312205468112427e-01,4.337765319781267115e-01,1.865666965131276833e-02,1.179970900483288121e-01
3.599999999999994316e-01,3.672035544495958481e-01,-1.008165100510572364e-02,2.209435053704843221e-01,3.672041468691128463e-01,-1.008470373252434889e-02,2.209419152146930854e-01,4.313137429451644467e-01,1.947126926189385321e-02,1.246176621124421846e-01
3.699999999999974420e-01,3.635989698687083216e-01,-1.025210008123323378e-02,2.252509131794361019e-01,3.635993808305346131e-01,-1.025512565795169695e-02,2.252496048565774678e-01,4.287334913425572269e-01,2.028883734237402203e-02,1.312366166211655916e-01
3.799999999999990052e-01,3.600217978525666052e-01,-1.041191351030959326e-02,2.293617480240370265e-01,3.600226501526098688e-01,-1.041492573676000045e-02,2.293600266104011687e-01,4.261317869327090335e-01,2.107581637044916856e-02,1.368940471646430401e-01
3.900000000000005684e-01,3.564773432875826820e-01,-1.056152304905168954e-02,2.332835482151203454e-01,3.564792786507339217e-01,-1.056452080597109107e-02,2.332807711420060159e-01,4.231630997023335672e-01,2.172568366858659838e-02,1.429391158582979937e-01
3.999999999999985789e-01,3.529702607655139102e-01,-1.070135848002254537e-02,2.370238184540021109e-01,3.529726357167118911e-01,-1.070433852264405898e-02,2.370207095103866735e-01,4.202274486852025648e-01,2.238677208088352133e-02,1.485424936189501111e-01
4.100000000000001421e-01,3.495046083425288885e-01,-1.083184478520986434e-02,2.405899798003364454e-01,3.495076946015967523e-01,-1.083476891109814641e-02,2.405862925617040238e-01,4.166805999580014408e-01,2.350815909074449594e-02,1.550823888099770453e-01
4.199999999999981526e-01,3.460838987324459937e-01,-1.095339993771036677e-02,2.439893295809272833e-01,3.460879857544688631e-01,-1.095620248929739596e-02,2.439848239900078708e-01,4.138875876862331271e-01,2.431359316684764127e-02,1.600045384154938910e-01
4.299999999999997158e-01,3.427111476631760634e-01,-1.106643303968458773e-02,2.472290097424960920e-01,3.427159612447724935e-01,-1.106900805673024547e-02,2.472240001124008935e-01,4.102144433834289394e-01,2.499328519092733347e-02,1.661153766327718717e-01
4.399999999999977263e-01,3.393889192289857859e-01,-1.117134296382637712e-02,2.503159823419980889e-01,3.393943905714278397e-01,-1.117356115156583653e-02,2.503105606054609189e-01,4.071623552261721679e-01,2.586871240819044182e-02,1.709469165148831404e-01
4.499999999999992895e-01,3.361193681912594267e-01,-1.126851725606923746e-02,2.532570110470197533e-01,3.361253654760790188e-01,-1.127024019772967546e-02,2.532513130000919599e-01,4.042548847199933792e-01,2.649588167872019007e-02,1.753006076084625553e-01
4.600000000000008527e-01,3.329042792355128566e-01,-1.135833138172806685e-02,2.560586476701332548e-01,3.329108888798990584e-01,-1.135954754008923831e-02,2.560526289506994124e-01,4.012887932728376184e-01,2.729041364037032569e-02,1.795802264792871750e-01
4.699999999999988631e-01,3.297451032610233534e-01,-1.144114814110687266e-02,2.587272229013124480e-01,3.297521345744692800e-01,-1.144179620953214571e-02,2.587210561957105082e-01,3.975900828223444261e-01,2.807430641447622444e-02,1.846835588689265117e-01
4.800000000000004263e-01,3.266429908021257211e-01,-1.151731735055272661e-02,2.612688405189350638e-01,3.266500563910318955e-01,-1.151734874038127902e-02,2.612628341354792383e-01,3.945756428544540118e-01,2.905641486824808717e-02,1.888726498740855853e-01
4.899999999999984368e-01,3.235988227215045865e-01,-1.158717562735137561e-02,2.636893744685607222e-01,3.236057534405649694e-01,-1.158670477936676706e-02,2.636836472254943664e-01,3.921566765860060588e-01,2.957872694449956152e-02,1.922502493256578182e-01
5.000000000000000000e-01,3.206427078469109015e-01,-1.165142189240971765e-02,2.659862983710911122e-01,3.206497175710914527e-01,-1.165062103603949246e-02,2.659806933558074293e-01,3.899955160383297148e-01,3.008624298181888923e-02,1.950927145751226721e-01
5.099999999999980105e-01,3.180585971569699910e-01,-1.171314011269533606e-02,2.680621320912786043e-01,3.180657267328813043e-01,-1.171211801371965962e-02,2.680566444448933550e-01,3.880333116149853323e-01,3.060937210369049644e-02,1.977141022247017599e-01
5.199999999999995737e-01,3.165819305187704269e-01,-1.177828824820480007e-02,2.695933933328393817e-01,3.165903038943013170e-01,-1.177712484908204939e-02,2.695872196715136115e-01,3.861774479528926607e-01,3.097653197441060935e-02,2.000758880260136152e-01
5.299999999999975842e-01,3.167871162933080242e-01,-1.184962176428189760e-02,2.702127541812360256e-01,3.167969410444968492e-01,-1.184836467914243512e-02,2.702054877825461054e-01,3.841839430322794291e-01,3.148471031999899861e-02,2.025750885275803270e-01
5.399999999999991473e-01,3.188996993083961784e-01,-1.192814829833978990e-02,2.697093308213695528e-01,3.189087229360067499e-01,-1.192683478164151614e-02,2.697027571286189085e-01,3.821421368837695232e-01,3.250968403100917836e-02,2.054249759133341957e-01
5.500000000000007105e-01,3.229328351687838494e-01,-1.201332233184128177e-02,2.679718009307267002e-01,3.229419290094930894e-01,-1.201198316753175274e-02,2.679652711615224669e-01,3.813160894032653347e-01,3.280784055180349656e-02,2.064881693205471436e-01
5.599999999999987210e-01,3.287582555876646384e-01,-1.210294749036976668e-02,2.649389641825801167e-01,3.287689772345234185e-01,-1.210160042012097155e-02,2.649310521271897034e-01,3.808683842925745244e-01,3.322125193719205338e-02,2.078403963435819790e-01
5.700000000000002842e-01,3.361590578862210799e-01,-1.219352386912298143e-02,2.605766116356563189e-01,3.361715703216218154e-01,-1.219217751238344492e-02,2.605668987997549202e-01,3.814652302180534527e-01,3.348558460984160656e-02,2.084108015989678542e-01
5.799999999999982947e-01,3.448681834338668817e-01,-1.228075507785077874e-02,2.548692066394471767e-01,3.448813776151866128e-01,-1.227941165887548938e-02,2.548583377200836497e-01,3.823618695985585569e-01,3.354422755051475469e-02,2.090921070085201006e-01
5.899999999999998579e-01,3.545958826625700278e-01,-1.236005198546974437e-02,2.478185969388695953e-01,3.546094797274317312e-01,-1.235870840731393902e-02,2.478065582678078138e-01,3.853552883580828592e-01,3.248714232047442141e-02,2.077299439614503918e-01
5.999999999999978684e-01,3.650489826379407221e-01,-1.242695258672140736e-02,2.394451407085557981e-01,3.650637343293275938e-01,-1.242558830708145358e-02,2.394308509764241089e-01,3.879958417371360824e-01,3.221388584619097606e-02,2.064939859826067092e-01
6.099999999999994316e-01,3.759441800189701199e-01,-1.247743068072301384e-02,2.297888513381952935e-01,3.759596993455512903e-01,-1.247601871141783628e-02,2.297722876472817477e-01,3.920221190619556095e-01,3.162099226025599785e-02,2.039305786421100608e-01
6.199999999999974420e-01,3.870170060304161663e-01,-1.250809583481827733e-02,2.189095492846358793e-01,3.870324458355512420e-01,-1.250662750606625073e-02,2.188913064277434595e-01,3.961296851224137550e-01,3.042089533574751647e-02,2.005499482529324862e-01
6.299999999999990052e-01,3.980276348972039968e-01,-1.251630029942826274e-02,2.068857844947368518e-01,3.980417114206315499e-01,-1.251477727151138405e-02,2.068672864917854293e-01,4.006005888959945915e-01,2.948185322704766076e-02,1.971605831499361194e-01
6.400000000000005684e-01,4.087643555140749729e-01,-1.250017287879598600e-02,1.938126765642670946e-01,4.087759154390865901e-01,-1.249862286547023110e-02,1.937957509889757235e-01,4.060437815443604936e-01,2.850936097985276585e-02,1.925530411181117785e-01
6.499999999999985789e-01,4.190452843069104594e-01,-1.245859914472288547e-02,1.797989729935874637e-01,4.190546682352997987e-01,-1.245702130807403024e-02,1.797835637380915952e-01,4.116442815184371273e-01,2.758041242055964126e-02,1.875831780100629675e-01
6.600000000000001421e-01,4.287187386982607151e-01,-1.239116492589646852e-02,1.649636543415010093e-01,4.287264036881231477e-01,-1.238954766863359890e-02,1.649493860269078127e-01,4.183502435123069851e-01,2.622291517634081637e-02,1.809223074927788222e-01
6.699999999999981526e-01,4.376625890172297639e-01,-1.229807680308247012e-02,1.494323826529335153e-01,4.376691374736819684e-01,-1.229641461258391098e-02,1.494184030982029232e-01,4.252735005089722797e-01,2.467949301638483472e-02,1.726105725506944522e-01
6.799999999999997158e-01,4.457828411028011972e-01,-1.218007040763589670e-02,1.333340324359389428e-01,4.457884695883292947e-01,-1.217837539076127920e-02,1.333200269632323076e-01,4.308618490021108860e-01,2.320299602429759522e-02,1.652232980274029872e-01
6.899999999999977263e-01,4.530116575060012529e-01,-1.203831453119439884e-02,1.167974809483175308e-01,4.530162057460888070e-01,-1.203662186310471699e-02,1.167839537376335196e-01,4.355624197010704579e-01,2.179576182034426157e-02,1.582892846075047988e-01
6.999999999999992895e-01,4.593049925738127981e-01,-1.187431676285276468e-02,9.994877613972130703e-02,4.593084593429555551e-01,-1.187267284369386382e-02,9.993604595893440523e-02,4.407320110757686482e-01,2.017294028140703688e-02,1.498833794139797781e-01
7.100000000000008527e-01,4.646399901463422188e-01,-1.168983494833473503e-02,8.290875045750414896e-02,4.646426554183051838e-01,-1.168826775204515576e-02,8.289624207845244785e-02,4.472947056370989438e-01,1.810906826805661063e-02,1.378565325725177315e-01
7.199999999999988631e-01,4.690122692228259060e-01,-1.148679659707104589e-02,6.579110806152227431e-02,4.690139758923243529e-01,-1.148531090557807811e-02,6.577983332028256025e-02,4.525097634536989766e-01,1.667226201610247371e-02,1.273607746500400317e-01
7.300000000000004263e-01,4.724332011875566062e-01,-1.126722806113902332e-02,4.870098179979207020e-02,4.724343527796366904e-01,-1.126576433726094242e-02,4.868930473149470084e-02,4.580814268954467305e-01,1.489111277717805604e-02,1.147762157055718379e-01
7.399999999999984368e-01,4.749272618228468912e-01,-1.103319377477824173e-02,3.173393353998403554e-02,4.749277766332508088e-01,-1.103171869703242075e-02,3.172241191088324974e-02,4.636600723922218448e-01,1.276420308641959545e-02,9.999183698590929925e-02
7.500000000000000000e-01,4.765295222362082583e-01,-1.078674585680570661e-02,1.497535616524140953e-02,4.765294901766674585e-01,-1.078518348058036744e-02,1.496287515579069159e-02,4.670351411760996774e-01,1.138371743415772519e-02,8.924067166071547597e-02
7.599999999999980105e-01,4.772833254029552608e-01,-1.052988341110132689e-02,-1.499773699866763970e-03,4.772826675531289253e-01,-1.052822392618852666e-02,-1.512951076815418402e-03,4.695996446620330778e-01,1.035209058254490944e-02,8.027162305849766533e-02
7.699999999999995737e-01,4.772381794239193842e-01,-1.026452079731532234e-02,-1.762684743435910875e-02,4.772368415717180290e-01,-1.026275706101969186e-02,-1.764080082639045421e-02,4.724582330002299324e-01,8.750844644880378942e-03,6.948340458270141351e-02
7.799999999999975842e-01,4.764478850958382417e-01,-9.992464067581590878e-03,-3.335133630608247413e-02,4.764458028723359551e-01,-9.990596090348394590e-03,-3.336613782149153856e-02,4.750554869179357542e-01,7.377784345379584385e-03,5.753869825193169696e-02
7.899999999999991473e-01,4.749689040898327219e-01,-9.715394508816104294e-03,-4.862831688121588281e-02,4.749661065859068776e-01,-9.713394154246856801e-03,-4.864327099063436161e-02,4.770757863073239458e-01,6.571129750257753699e-03,4.635467814334615078e-02
8.000000000000007105e-01,4.728589649092013736e-01,-9.434858335164721457e-03,-6.342185909782778463e-02,4.728553928328328437e-01,-9.432645591456286643e-03,-6.343728450219492110e-02,4.784913259762892945e-01,6.313064390827544115e-03,3.681137712404669582e-02
8.099999999999987210e-01,4.701758967601866734e-01,-9.152261334307488019e-03,-7.770432077317825093e-02,4.701716256253294368e-01,-9.149890209692691095e-03,-7.771971771707243681e-02,4.796160613455530131e-01,6.165522195335726430e-03,2.587262254335065403e-02
8.200000000000002842e-01,4.669766763619772054e-01,-8.868867850306692141e-03,-9.145558618184336519e-02,4.669716530050245229e-01,-8.866405634677117231e-03,-9.147117875665822240e-02,4.805787784721160527e-01,5.010730804179464037e-03,1.289648488040395780e-02
8.299999999999982947e-01,4.633166692594795077e-01,-8.585802964859584607e-03,-1.046622803460322132e-01,4.633109405998196983e-01,-8.583414135680629206e-03,-1.046778629995212956e-01,4.810166866940341901e-01,3.557548473172217340e-03,5.228088530957464286e-04
8.399999999999998579e-01,4.592490453369926784e-01,-8.304057221797511018e-03,-1.173169842850614319e-01,4.592426181856027467e-01,-8.301828746444439924e-03,-1.173325434286721231e-01,4.809196403967022082e-01,2.012303022435685262e-03,-1.291127883337284121e-02
8.499999999999978684e-01,4.548243472122953657e-01,-8.024493300969218895e-03,-1.294174715323821168e-01,4.548172125242585517e-01,-8.022335780950235265e-03,-1.294330461997910964e-01,4.805453998446100883e-01,1.238780972917380430e-03,-2.400328448657063074e-02
8.599999999999994316e-01,4.500901905488799981e-01,-7.747853953625925480e-03,-1.409659804990494314e-01,4.500824772293759990e-01,-7.745605224569913905e-03,-1.409812782784400920e-01,4.798362046831615713e-01,7.260414389523295320e-05,-3.477819736746301515e-02
8.699999999999974420e-01,4.450910760556816559e-01,-7.474770757001619748e-03,-1.519685332756783580e-01,4.450827495767627484e-01,-7.472100087150454137e-03,-1.519836894101038727e-01,4.781804931411913762e-01,-1.556512543995969278e-03,-4.940334375449306759e-02
8.799999999999990052e-01,4.398682942178698818e-01,-7.205773337650575421e-03,-1.624343077450521589e-01,4.398594970992925623e-01,-7.202535196498125424e-03,-1.624490695487494085e-01,4.762848461115796184e-01,-2.816827033640750821e-03,-6.181693114903152875e-02
8.900000000000005684e-01,4.344599055304053103e-01,-6.941298752620869532e-03,-1.723750666651348573e-01,4.344506537636911858e-01,-6.937407898879782708e-03,-1.723894619878172940e-01,4.735312429804887646e-01,-4.462972758444205823e-03,-7.615638093343135573e-02
8.999999999999985789e-01,4.289007808607327998e-01,-6.681700630734795608e-03,-1.818046449416526600e-01,4.288910774193041009e-01,-6.677222640027593442e-03,-1.818187110322119215e-01,4.705439401536093413e-01,-5.959355739780930472e-03,-8.859573323116354260e-02
9.100000000000001421e-01,4.232226882472013285e-01,-6.427258206575385199e-03,-1.907384946164530359e-01,4.232125275895251559e-01,-6.422327832462990278e-03,-1.907522722938728987e-01,4.667755300095479676e-01,-8.145773590464006064e-03,-1.018544223928947723e-01
9.199999999999981526e-01,4.174544146008616896e-01,-6.178184777284961848e-03,-1.991932853429622396e-01,4.174438684755161222e-01,-6.173000319942990172e-03,-1.992066920792047446e-01,4.618438828059356904e-01,-1.011161399652563131e-02,-1.165568099829792370e-01
9.299999999999997158e-01,4.116219123065759655e-01,-5.934635653311612011e-03,-2.071865573944328964e-01,4.116110739291090059e-01,-5.929430202523395914e-03,-2.071994947382476138e-01,4.571110712416814881e-01,-1.117827525378742304e-02,-1.289380068566097215e-01
9.399999999999977263e-01,4.057484624480542923e-01,-5.696715608766772868e-03,-2.147364234731465871e-01,4.057373896384177669e-01,-5.691731279733898592e-03,-2.147488555919239983e-01,4.510996106528070149e-01,-1.305867229910590011e-02,-1.429855199347174199e-01
9.499999999999992895e-01,3.998548479189685256e-01,-5.464485634372486661e-03,-2.218613151782720394e-01,3.998436634672482004e-01,-5.459876217902844865e-03,-2.218731339189353169e-01,4.461794956974917126e-01,-1.457554169756680729e-02,-1.533792056470625331e-01
9.600000000000008527e-01,3.939595309139865553e-01,-5.237969161960863429e-03,-2.285797698937701850e-01,3.939483334891503152e-01,-5.233844576914894846e-03,-2.285909135988396512e-01,4.390637593119808280e-01,-1.693224719509467402e-02,-1.669196253936975349e-01
9.699999999999988631e-01,3.880788305346198896e-01,-5.017157607624291547e-03,-2.349102537947209413e-01,3.880677154217633262e-01,-5.013601329582137965e-03,-2.349206743460736935e-01,4.331943600837959707e-01,-1.833627379920566014e-02,-1.767950736135016632e-01
9.800000000000004263e-01,3.822270971728637390e-01,-4.802015355162618689e-03,-2.408710168389605610e-01,3.822162727848416042e-01,-4.799026070748968822e-03,-2.408805560381107602e-01,4.260126889025079855e-01,-1.978304553848928005e-02,-1.880317365437256250e-01
9.899999999999984368e-01,3.764168811978001461e-01,-4.592484228584132501e-03,-2.464799758020616849e-01,3.764062159775181104e-01,-4.590011812050671242e-03,-2.464888415684378109e-01,4.184478652777240404e-01,-2.156798500192905199e-02,-1.987415194567372367e-01
1.000000000000000000e+00,3.706922103252023870e-01,-4.389454158874426734e-03,-2.517393440938367477e-01,3.706818457094927521e-01,-4.387385030229542550e-03,-2.517474772164408070e-01,4.122506051960854734e-01,-2.344791975702123499e-02,-2.069271748389828192e-01
1.009999999999998010e+00,3.653588378074977827e-01,-4.201554405231568493e-03,-2.565035277022602034e-01,3.653490030404427102e-01,-4.199796544519274720e-03,-2.565108718162006918e-01,4.048483777547717821e-01,-2.545398918893174156e-02,-2.169867506870295504e-01
1.019999999999999574e+00,3.611144034367228528e-01,-4.049548756688183503e-03,-2.603648627694931106e-01,3.611044780466284299e-01,-4.048004786752190318e-03,-2.603721177918408847e-01,3.981520005521095307e-01,-2.664104915225784520e-02,-2.243614993984993644e-01
1.029999999999997584e+00,3.585039566394368493e-01,-3.951211891110330103e-03,-2.629380636592315024e-01,3.584964430367968413e-01,-3.949926253714962539e-03,-2.629427793939844715e-01,3.922620713040642082e-01,-2.729131166514070506e-02,-2.305474240566858235e-01
1.039999999999999147e+00,3.577714423384894538e-01,-3.915561851621937595e-03,-2.640447172884701765e-01,3.577630330004694104e-01,-3.914359885120994795e-03,-2.640500285345960818e-01,3.870241215907175292e-01,-2.746570130590231251e-02,-2.354970102809105237e-01
1.050000000000000711e+00,3.589655817244739033e-01,-3.945614877600864441e-03,-2.636284024674562243e-01,3.589555700687818707e-01,-3.944434279163778166e-03,-2.636356927215091628e-01,3.834585387380274879e-01,-2.728091751363087569e-02,-2.380892350829905135e-01
1.059999999999998721e+00,3.619956337076477015e-01,-4.040303778117038114e-03,-2.616932382115469968e-01,3.619866892347846088e-01,-4.039227629360659343e-03,-2.617001430041537291e-01,3.793849472747893303e-01,-2.816869768178656419e-02,-2.434456827367021958e-01
1.070000000000000284e+00,3.666778413672923120e-01,-4.195906896473614207e-03,-2.582714548416812361e-01,3.666702578540743662e-01,-4.194940117787338343e-03,-2.582777548823520508e-01,3.771945743009136320e-01,-2.855418755556765609e-02,-2.475007725168435480e-01
1.079999999999998295e+00,3.727722487640868221e-01,-4.407072703975868644e-03,-2.534088525158950111e-01,3.727669358041666436e-01,-4.406253129138914572e-03,-2.534136127666899996e-01,3.765032092920054252e-01,-2.831539400582752664e-02,-2.496522690041835801e-01
1.089999999999999858e+00,3.800106132947314030e-01,-4.667535146550348679e-03,-2.471599903901333939e-01,3.800086671532482141e-01,-4.666907789035943006e-03,-2.471617262026875039e-01,3.774462969927037115e-01,-2.820166791658773597e-02,-2.496070872313718159e-01
1.099999999999997868e+00,3.881167921736985993e-01,-4.970603754269271694e-03,-2.395878072020082294e-01,3.881180876079988185e-01,-4.970167472776326929e-03,-2.395861968542917220e-01,3.785800368818478256e-01,-2.743897838438053016e-02,-2.486821336697468965e-01
1.109999999999999432e+00,3.968211308008949278e-01,-5.309495731649435495e-03,-2.307646009434622114e-01,3.968284223295668878e-01,-5.309417540123426323e-03,-2.307564119533317970e-01,3.808602748635367963e-01,-2.671883456138543500e-02,-2.475693721823626348e-01
1.119999999999997442e+00,4.058702386167873377e-01,-5.677559854761591793e-03,-2.207728169533174356e-01,4.058838321523494108e-01,-5.677873561929275628e-03,-2.207563551771272725e-01,3.841946093092367676e-01,-2.560894752410219910e-02,-2.455612897148301554e-01
1.129999999999999005e+00,4.150332871631385312e-01,-6.068426933101009682e-03,-2.097050304298522794e-01,4.150511505124476752e-01,-6.069061205819814911e-03,-2.096812010138339455e-01,3.897875235253500659e-01,-2.459215504147624354e-02,-2.415244930055039374e-01
1.140000000000000568e+00,4.241057106703092217e-01,-6.476110053821104023e-03,-1.976630284989107089e-01,4.241258360247458503e-01,-6.477035221001127031e-03,-1.976332947340057045e-01,3.952027177583417039e-01,-2.389551424093561138e-02,-2.373343627566975034e-01
1.149999999999998579e+00,4.329109757492641819e-01,-6.895069779292936803e-03,-1.847561471204223482e-01,4.329338365547023559e-01,-6.896441155761364426e-03,-1.847186744173109907e-01,4.023666268151703251e-01,-2.298530255226638452e-02,-2.310167063159098699e-01
1.160000000000000142e+00,4.413009230840878594e-01,-7.320253988387430584e-03,-1.710991092306105299e-01,4.413231105047922265e-01,-7.322008384932147430e-03,-1.710584225914251189e-01,4.103025287760193596e-01,-2.153730863465397327e-02,-2.232868086133360519e-01
1.169999999999998153e+00,4.491550640801981187e-01,-7.747118900693360927e-03,-1.568096159885815077e-01,4.491751123727766304e-01,-7.749239441143288346e-03,-1.567681943755661611e-01,4.178760631680251691e-01,-2.025868686261506069e-02,-2.148585415185640946e-01
1.179999999999999716e+00,4.563791290543086632e-01,-8.171635357340244210e-03,-1.420059075415945893e-01,4.563972901061328358e-01,-8.174094410554621354e-03,-1.419633010038539034e-01,4.259308303141909890e-01,-1.891496622329508215e-02,-2.049144912567186783e-01
1.189999999999997726e+00,4.629031002984946297e-01,-8.590283457823214008e-03,-1.268044595780611350e-01,4.629193773526098510e-01,-8.592997483372536230e-03,-1.267606144643352861e-01,4.334418277974265710e-01,-1.768438933245622402e-02,-1.943561268973513778e-01
1.199999999999999289e+00,4.686789156327738071e-01,-9.000038082445743076e-03,-1.113179309719960070e-01,4.686924018363510802e-01,-9.002857593163025168e-03,-1.112754981501167945e-01,4.412727614195300907e-01,-1.649207504233368704e-02,-1.820224811735944304e-01
1.210000000000000853e+00,4.736779909338770800e-01,-9.398347037886316951e-03,-9.565343202905021713e-02,4.736886838835066005e-01,-9.401267780550601194e-03,-9.561326612439667583e-02,4.486065266893091152e-01,-1.525135504264008013e-02,-1.690236851434145926e-01
1.219999999999998863e+00,4.778886794693630313e-01,-9.783103604123658675e-03,-7.991114571728950844e-02,4.778973354253263084e-01,-9.786195576566267956e-03,-7.987125977526358944e-02,4.546759831738881319e-01,-1.428093308491026892e-02,-1.567956515741829593e-01
1.230000000000000426e+00,4.813137602566157081e-01,-1.015261493421696325e-02,-6.418330543378769626e-02,4.813201535592088187e-01,-1.015586582590176541e-02,-6.414546090312421567e-02,4.598194356014828621e-01,-1.330575029356281802e-02,-1.453814715097875299e-01
1.239999999999998437e+00,4.839680255848153867e-01,-1.050556767776250795e-02,-4.855351224778550745e-02,4.839723041278374827e-01,-1.050893109738906296e-02,-4.851846573529591811e-02,4.642044961817922699e-01,-1.255759152557461844e-02,-1.347586115408652141e-01
1.250000000000000000e+00,4.858760189149768371e-01,-1.084099199888255254e-02,-3.309636061283680042e-02,4.858785617837514947e-01,-1.084441070707559997e-02,-3.306326636137189856e-02,4.700351646823210938e-01,-1.125722943279583443e-02,-1.190042556171090338e-01
1.259999999999998010e+00,4.870699581295629410e-01,-1.115822503354595326e-02,-1.787733332726948801e-02,4.870709880407482761e-01,-1.116148153583037053e-02,-1.784606340853497203e-02,4.747324271466967227e-01,-1.046664316202428058e-02,-1.049650503112429245e-01
1.269999999999999574e+00,4.875878654100732068e-01,-1.145687463448536066e-02,-2.952922446435393179e-03,4.875875717398887033e-01,-1.145981603420341381e-02,-2.924235428545479774e-03,4.791145161317821310e-01,-8.833266836930614430e-03,-8.934675341682329908e-02
1.279999999999997584e+00,4.874719137023955096e-01,-1.173678421771377420e-02,1.162906708644222131e-02,4.874705261137644574e-01,-1.173987882599264281e-02,1.165516213777248282e-02,4.821941971417368356e-01,-8.230661187259041833e-03,-7.718638453627824081e-02
1.289999999999999147e+00,4.867669906673134927e-01,-1.199799921568477784e-02,2.582907348512876802e-02,4.867646420309300614e-01,-1.200182572315664116e-02,2.585366400258991282e-02,4.846252077127041202e-01,-7.704947811566553728e-03,-6.571245442878603793e-02
1.300000000000000711e+00,4.855194739789526759e-01,-1.224073557597545742e-02,3.961523173556385363e-02,4.855163542213027927e-01,-1.224576166956759839e-02,3.963773170170290655e-02,4.866175579493713377e-01,-6.775586154694285268e-03,-5.367242693466978132e-02
1.309999999999998721e+00,4.837762065781601173e-01,-1.246535066047670462e-02,5.296275925995238415e-02,4.837724996786482157e-01,-1.247156263688412210e-02,5.298311523727523842e-02,4.885039868020319975e-01,-5.973047570003608975e-03,-3.849706532475372089e-02
1.320000000000000284e+00,4.815836569274091206e-01,-1.267231678384890883e-02,6.585330263242818172e-02,4.815794444956687514e-01,-1.267933762614962580e-02,6.587206154559226146e-02,4.894758312146470502e-01,-5.022195356941178135e-03,-2.569724320414190633e-02
1.329999999999998295e+00,4.789872470308711994e-01,-1.286219723693285064e-02,7.827426977939813679e-02,4.789826306824152558e-01,-1.286978434158661706e-02,7.829158504400998697e-02,4.899023531146899368e-01,-4.503145583093282056e-03,-1.390605243589926321e-02
1.339999999999999858e+00,4.760308298283764672e-01,-1.303562515978816568e-02,9.021816729438308924e-02,4.760259681567573509e-01,-1.304372704133012657e-02,9.023387514722998326e-02,4.898446988975818650e-01,-3.413876820936689871e-03,5.362886343992179228e-03
1.349999999999997868e+00,4.727562973608303576e-01,-1.319328489656432755e-02,1.016819580628387926e-01,4.727512381310680634e-01,-1.320206156805047923e-02,1.016962882251443989e-01,4.890628708330241881e-01,-2.511016358522077940e-03,1.871411635523290151e-02
1.359999999999999432e+00,4.692033015107025529e-01,-1.333589589032804432e-02,1.126664505432355134e-01,4.691980635634022123e-01,-1.334536467726414599e-02,1.126796522879332935e-01,4.877583703939784576e-01,-1.873411752303766331e-03,3.168662468070393423e-02
1.369999999999997442e+00,4.654090700728524266e-01,-1.346419888720420781e-02,1.231757276160418829e-01,4.654037845262662954e-01,-1.347429415706508267e-02,1.231876761244509594e-01,4.851607347381493573e-01,-1.493928950196121708e-03,5.037385414050521426e-02
1.379999999999999005e+00,4.614083021840041376e-01,-1.357894422381391089e-02,1.332166200493397346e-01,4.614030251173271702e-01,-1.358944216166859537e-02,1.332274196853296677e-01,4.824283065807479787e-01,-4.646217510649031102e-04,6.482968314762471707e-02
1.390000000000000568e+00,4.572331285928760147e-01,-1.368088226056241204e-02,1.427982272925334695e-01,4.572278197571399416e-01,-1.369171487146256250e-02,1.428081621981208693e-01,4.785690898811534311e-01,1.422475434839920450e-04,8.116463416651442664e-02
1.399999999999998579e+00,4.529131238932001535e-01,-1.377075535391733205e-02,1.519314863689921469e-01,4.529079287278687804e-01,-1.378187203175831356e-02,1.519403815705264171e-01,4.747078799736388355e-01,5.090074789340370831e-04,9.444185418429029699e-02
1.410000000000000142e+00,4.484753593782072612e-01,-1.384929148565626836e-02,1.606287882423163837e-01,4.484702759926094129e-01,-1.386076208965284808e-02,1.606367837634949947e-01,4.678755068648013937e-01,1.400363426735384831e-03,1.153210334148507821e-01
1.419999999999998153e+00,4.439444867617129975e-01,-1.391719931405162834e-02,1.689036399089431095e-01,4.439395414390163719e-01,-1.392905419167811930e-02,1.689107979586429165e-01,4.616990163478736919e-01,2.186813550301536235e-03,1.307811740830366887e-01
1.429999999999999716e+00,4.393428444960792989e-01,-1.397516426156713426e-02,1.767703696948068337e-01,4.393380063672590041e-01,-1.398730535340227295e-02,1.767768488352868539e-01,4.560450870184894478e-01,2.766739476187080049e-03,1.436860356642448711e-01
1.439999999999997726e+00,4.346905797298525331e-01,-1.402384570618308256e-02,1.842438727526749254e-01,4.346858734281687231e-01,-1.403604029398487600e-02,1.842497230438712441e-01,4.481355507839976937e-01,3.249384616565681450e-03,1.595589222335012103e-01
1.449999999999999289e+00,4.300057801992127615e-01,-1.406387504030607964e-02,1.913393934399648944e-01,4.300011380728652743e-01,-1.407570247181728386e-02,1.913448140797261721e-01,4.407424738976878364e-01,3.447156255681455006e-03,1.726607731048556138e-01
1.460000000000000853e+00,4.253046114292926561e-01,-1.409585440212650365e-02,1.980723411335242878e-01,4.253000492691847989e-01,-1.410701867845849493e-02,1.980773711429812678e-01,4.332676288281488430e-01,4.006952718951739545e-03,1.849085627208906235e-01
1.469999999999998863e+00,4.206014555571739311e-01,-1.412035600454799623e-02,2.044581360438966766e-01,4.205969298458083205e-01,-1.413057196124575983e-02,2.044628931864509447e-01,4.256643260983734578e-01,4.490342887509851666e-03,1.960515737079333576e-01
1.480000000000000426e+00,4.159090489070519370e-01,-1.413792194572738303e-02,2.105120816842635245e-01,4.159045668734086543e-01,-1.414716796462996660e-02,2.105165837196278644e-01,4.186834180423264495e-01,4.606816037522110108e-03,2.053050494329704545e-01
1.489999999999998437e+00,4.112386161319247502e-01,-1.414906446018281139e-02,2.162492608141315387e-01,4.112341360247037669e-01,-1.415755457796209933e-02,2.162535725957627220e-01,4.090128281274846289e-01,5.192488101997266847e-03,2.176017859536952814e-01
1.500000000000000000e+00,4.066257482907131848e-01,-1.415445363993178378e-02,2.216654074030842692e-01,4.066213082681058855e-01,-1.416234543688781565e-02,2.216694856101892042e-01,4.019786826368842991e-01,5.667442042559284188e-03,2.259712661931754241e-01
1.509999999999998010e+00,4.023209812004930885e-01,-1.415556971771961790e-02,2.265816534437302687e-01,4.023170387427978945e-01,-1.416294992850451046e-02,2.265850840441111513e-01,3.946768348888016753e-01,6.250610367521308719e-03,2.340576653557879805e-01
1.519999999999999574e+00,3.989389513887821037e-01,-1.415441082082451521e-02,2.304957673012941743e-01,3.989357197249610576e-01,-1.416134494832243032e-02,2.304984312468484065e-01,3.884616187359614115e-01,6.388077609722320194e-03,2.401645668997488547e-01
1.529999999999997584e+00,3.969712884666498631e-01,-1.415169144467766545e-02,2.329461731411729963e-01,3.969703763254831541e-01,-1.415823881269276385e-02,2.329459258246298625e-01,3.828704278112927684e-01,6.548793569353311694e-03,2.453955855672406150e-01
1.539999999999999147e+00,3.966430783734496424e-01,-1.414850796880890230e-02,2.337094406681579639e-01,3.966418222343052746e-01,-1.415472016342391413e-02,2.337093488535251229e-01,3.779370890771110991e-01,6.772862784851424456e-03,2.497399037821741441e-01
1.550000000000000711e+00,3.980027705552234285e-01,-1.414525257713181335e-02,2.327050542695609514e-01,3.980000683290677022e-01,-1.415118775715035887e-02,2.327068643482753940e-01,3.740772948100649087e-01,7.265111030186788277e-03,2.529093192368672138e-01
1.559999999999998721e+00,4.009673768262140836e-01,-1.414098633356057101e-02,2.299318015343755073e-01,4.009636608469803187e-01,-1.414669286365419047e-02,2.299352885871962515e-01,3.716251888904342771e-01,7.781369356835737827e-03,2.559097855716770953e-01
1.570000000000000284e+00,4.053627041099342465e-01,-1.413346966199970599e-02,2.254316329867263047e-01,4.053596983384982755e-01,-1.413898309982428853e-02,2.254347724086632476e-01,3.710787704692476430e-01,7.648077867293850973e-03,2.567260745835490132e-01
1.579999999999998295e+00,4.109571919208520052e-01,-1.411951642987063597e-02,2.192711652760872265e-01,4.109555438784002757e-01,-1.412487096252962662e-02,2.192731004147364660e-01,3.719096495342868458e-01,7.139794359032142212e-03,2.568279505448050060e-01
1.589999999999999858e+00,4.174889594530646897e-01,-1.409545342082503191e-02,2.115333561321846023e-01,4.174892915593990117e-01,-1.410066694822624880e-02,2.115331529596369553e-01,3.747358664291299268e-01,6.048984480359620441e-03,2.553568976571382043e-01
1.599999999999997868e+00,4.246865256908008979e-01,-1.405755686137926015e-02,2.023142774230745067e-01,4.246899756606333787e-01,-1.406260919294884289e-02,2.023097606496200296e-01,3.785936348825098552e-01,5.221020759661409993e-03,2.530054310274250096e-01
1.609999999999999432e+00,4.322840750610441041e-01,-1.400240380991719762e-02,1.917218902074599440e-01,4.322908440645367723e-01,-1.400726898383741238e-02,1.917118038248816492e-01,3.836175566696752304e-01,4.100098098154481008e-03,2.495856388506394463e-01
1.619999999999997442e+00,4.400322338234268216e-01,-1.392711858302545652e-02,1.798751515681364377e-01,4.400415462311999537e-01,-1.393178405619989631e-02,1.798596661742904446e-01,3.906247414176701183e-01,2.414864551508910662e-03,2.432195767867590952e-01
1.629999999999999005e+00,4.477052517188363501e-01,-1.382951882854967923e-02,1.669027100311277489e-01,4.477174828040155763e-01,-1.383397904067151275e-02,1.668800825525431630e-01,3.991934241637129510e-01,3.870792380521459464e-04,2.352422751998173300e-01
1.640000000000000568e+00,4.551053540464590763e-01,-1.370817628971762910e-02,1.529409918751362119e-01,4.551194427581140567e-01,-1.371242372747384121e-02,1.529117374773725224e-01,4.081557265234253551e-01,-1.483216555616201360e-03,2.269462793656046307e-01
1.649999999999998579e+00,4.620648956388075379e-01,-1.356241193427287599e-02,1.381317644234821562e-01,4.620819290992072559e-01,-1.356641961400884347e-02,1.380916947042417076e-01,4.154675034995407579e-01,-2.358038946359303223e-03,2.206539775318786534e-01
1.660000000000000142e+00,4.684468321594887907e-01,-1.339224429021276634e-02,1.226193812717281117e-01,4.684637978386209656e-01,-1.339605586049629100e-02,1.225733407109325240e-01,4.260407649064195112e-01,-4.635547109314797076e-03,2.077153457701096384e-01
1.669999999999998153e+00,4.741439298568174698e-01,-1.319830745080761113e-02,1.065479379353054534e-01,4.741590452898535313e-01,-1.320203366075235231e-02,1.064996638819842578e-01,4.365133957619118377e-01,-7.167380284813562596e-03,1.930067587732671175e-01
1.679999999999999716e+00,4.790770595081520478e-01,-1.298175243476708783e-02,9.005854054534685738e-02,4.790905382760913822e-01,-1.298542499080975084e-02,9.000665686818629108e-02,4.453735395233805461e-01,-8.989430795604796964e-03,1.785309956198206649e-01
1.689999999999997726e+00,4.831928592174756787e-01,-1.274414229637461406e-02,7.328684324858980581e-02,4.832038389268879519e-01,-1.274780519804244450e-02,7.323400423605465337e-02,4.544884746216485416e-01,-1.136602672160080818e-02,1.611487402527330692e-01
1.699999999999999289e+00,4.864609997814036135e-01,-1.248734850895721546e-02,5.636095828624782672e-02,4.864690171927919526e-01,-1.249100902483408528e-02,5.630988627812064801e-02,4.615207079912286847e-01,-1.297278657418138303e-02,1.454321407427455748e-01
1.710000000000000853e+00,4.888712425649112125e-01,-1.221345411987513965e-02,3.939979510599642826e-02,4.888765908412683880e-01,-1.221703283933497745e-02,3.935006383461380625e-02,4.688598696593098136e-01,-1.496679636516845546e-02,1.259094603607271434e-01
1.719999999999998863e+00,4.904304415623515490e-01,-1.192466657807931922e-02,2.251184503471186094e-02,4.904333546550527778e-01,-1.192812337250625729e-02,2.246274938139797978e-02,4.747470519566866498e-01,-1.636440062329488909e-02,1.076015756364572251e-01
1.730000000000000426e+00,4.911596073911155269e-01,-1.162324249720175090e-02,5.794397695959678518e-03,4.911601239546156683e-01,-1.162667436516595827e-02,5.749399573254444437e-03,4.794694706419952990e-01,-1.746169503938402312e-02,8.933195875982535838e-02
1.739999999999998437e+00,4.910911212158189931e-01,-1.131142474895133719e-02,-1.066684633205951249e-02,4.910896397676763891e-01,-1.131488593407332932e-02,-1.070846505963892088e-02,4.831256081411442471e-01,-1.812648810266193067e-02,7.170887838384520929e-02
1.750000000000000000e+00,4.902661606282266438e-01,-1.099139162413716522e-02,-2.679781580266776819e-02,4.902630865574842955e-01,-1.099491841899252059e-02,-2.683511974949490467e-02,4.858329496962846550e-01,-1.830453220494329680e-02,5.582152205621870866e-02
1.759999999999998010e+00,4.887323773588416187e-01,-1.066521781256160248e-02,-4.253581815476264322e-02,4.887280940038121191e-01,-1.066877458009970331e-02,-4.256903997643671916e-02,4.880430824443663385e-01,-1.866574334397161361e-02,3.889839392497851378e-02
1.769999999999999574e+00,4.865418482788176902e-01,-1.033484554264770157e-02,-5.782905641391467705e-02,4.865366504763481426e-01,-1.033833274163564915e-02,-5.785872895632564877e-02,4.895212399935082725e-01,-1.902595508508325706e-02,2.216838765916029352e-02
1.779999999999997584e+00,4.837493062314793257e-01,-1.000206509064967102e-02,-7.263597003226165971e-02,4.837434574010896493e-01,-1.000541349644079418e-02,-7.266238891151187429e-02,4.901018918614531428e-01,-1.856407148735764179e-02,9.428320832102654592e-03
1.789999999999999147e+00,4.804106456408943071e-01,-9.668503019864412365e-03,-8.692445195301758132e-02,4.804042427998754805e-01,-9.671644295105891187e-03,-8.694840278075327555e-02,4.903764346962037335e-01,-1.837870716744857691e-02,-9.562210393136205688e-03
1.800000000000000711e+00,4.765816892411194883e-01,-9.335617047561231910e-03,-1.006709880794958434e-01,4.765748449998863934e-01,-9.338530738813088233e-03,-1.006928333833497918e-01,4.896246257609593311e-01,-1.805819549048023887e-02,-2.784801250860458044e-02
1.809999999999998721e+00,4.723171962564604587e-01,-9.004696059135992511e-03,-1.138597586548843743e-01,4.723100573756933707e-01,-9.007372664583618641e-03,-1.138796076582708761e-01,4.881653528176804757e-01,-1.753116966664441945e-02,-4.440714062696604625e-02
1.820000000000000284e+00,4.676700886511216404e-01,-8.676864254011387723e-03,-1.264817339236079807e-01,4.676627879394122389e-01,-8.679307522822572382e-03,-1.264996883335798017e-01,4.860767471408958817e-01,-1.682100877509429271e-02,-5.810636715478478820e-02
1.829999999999998295e+00,4.626908700461025425e-01,-8.353088418713343344e-03,-1.385337898794382350e-01,4.626835149554842097e-01,-8.355304050759730650e-03,-1.385499767386115522e-01,4.821682949412342545e-01,-1.807854008787868061e-02,-7.890390142974779142e-02
1.839999999999999858e+00,4.574272115404312000e-01,-8.034187330624806972e-03,-1.500178633837902231e-01,4.574199293650218490e-01,-8.036177850932208627e-03,-1.500323270510186824e-01,4.726706594885121682e-01,-2.698031276796553080e-02,-1.176000433423085578e-01
1.849999999999997868e+00,4.519236792083352050e-01,-7.720842574438370465e-03,-1.609401605796947354e-01,4.519163746030601669e-01,-7.722583030626587949e-03,-1.609533790749774207e-01,4.679868043089281393e-01,-2.575975312723222110e-02,-1.305129344142523795e-01
1.859999999999999432e+00,4.462215794373619593e-01,-7.413610306181494386e-03,-1.713104277185039659e-01,4.462144017669566476e-01,-7.415052914795500737e-03,-1.713223146995788704e-01,4.619551346982845308e-01,-2.537942518706459705e-02,-1.452455085189098272e-01
1.869999999999997442e+00,4.403589003182408201e-01,-7.112933231821497865e-03,-1.811412894077794045e-01,4.403516642192552011e-01,-7.113978395045476334e-03,-1.811523529132724186e-01,4.548965794217108005e-01,-2.488978807474820365e-02,-1.602496917660896081e-01
1.879999999999999005e+00,4.343703294151963767e-01,-6.819152568869872415e-03,-1.904476562600088130e-01,4.343631199944416044e-01,-6.819848373185360101e-03,-1.904578637054945844e-01,4.476295794639056913e-01,-2.531261483029328963e-02,-1.739469689965995602e-01
1.890000000000000568e+00,4.282873306762901011e-01,-6.532519690875268105e-03,-1.992462013457906855e-01,4.282800384833376772e-01,-6.532950738595631746e-03,-1.992558186376193752e-01,4.387294520281054266e-01,-2.592759342241901521e-02,-1.892366845547960308e-01
1.899999999999998579e+00,4.221382656217750329e-01,-6.253207203708682077e-03,-2.075549030071018042e-01,4.221309449135548508e-01,-6.253554409305812044e-03,-2.075639146314704198e-01,4.283383338173758492e-01,-2.625694705495229542e-02,-2.053623956160025577e-01
1.910000000000000142e+00,4.159485462236269249e-01,-5.981319288303814548e-03,-2.153926502844628610e-01,4.159411648492935543e-01,-5.981774411135417843e-03,-2.154011592448812351e-01,4.190187161583743825e-01,-2.648696824353038992e-02,-2.183468947845261798e-01
1.919999999999998153e+00,4.097408089980191792e-01,-5.716901280167743099e-03,-2.227789063618573762e-01,4.097333791372690381e-01,-5.717564200805547170e-03,-2.227869450072371971e-01,4.093465813324858038e-01,-2.697304921451659787e-02,-2.304591013174008829e-01
1.929999999999999716e+00,4.035351017698705078e-01,-5.459948463061780818e-03,-2.297334249275912454e-01,4.035276446512127135e-01,-5.460829584718832758e-03,-2.297410117237564386e-01,3.959951996734285551e-01,-2.749175209938076181e-02,-2.457428101088368066e-01
1.939999999999997726e+00,3.973490763049426500e-01,-5.210413937377963989e-03,-2.362760141288709204e-01,3.973415550335061552e-01,-5.211355009850445093e-03,-2.362832338282350453e-01,3.834800738238381967e-01,-2.802292044965787321e-02,-2.585194410643771867e-01
1.949999999999999289e+00,3.911981814490468889e-01,-4.968215668597873030e-03,-2.424263428412657129e-01,3.911906947996067196e-01,-4.969141716459773289e-03,-2.424331217888441581e-01,3.733085478090022447e-01,-2.791984417929127549e-02,-2.677612333778676135e-01
1.960000000000000853e+00,3.850958526874398435e-01,-4.733242856696519632e-03,-2.482037841385462129e-01,3.850884031731152124e-01,-4.733964992679124024e-03,-2.482101574977028657e-01,3.621369826684871507e-01,-2.755001899040337987e-02,-2.770817649037691233e-01
1.969999999999998863e+00,3.790536951817701228e-01,-4.505361321171667648e-03,-2.536272910946257286e-01,3.790464339104200886e-01,-4.505870332316035294e-03,-2.536331435315553051e-01,3.501551492504952900e-01,-2.700982473439256237e-02,-2.862123505068414620e-01
1.980000000000000426e+00,3.730816580771560420e-01,-4.284418475601158190e-03,-2.587153004794464084e-01,3.730745438524191160e-01,-4.284701841985260294e-03,-2.587207109630326740e-01,3.394388240652392863e-01,-2.690023895934720577e-02,-2.936676533563451486e-01
1.989999999999998437e+00,3.671881987732281138e-01,-4.070247367991598059e-03,-2.634856602126529612e-01,3.671810882109540208e-01,-4.070381630790487204e-03,-2.634907887431139906e-01,3.271853129576256514e-01,-2.543686894393276665e-02,-3.015095079945043777e-01
2.000000000000000000e+00,3.614079401498195843e-01,-3.863464408611498851e-03,-2.679458862873778102e-01,3.614009311281193848e-01,-3.863523175073938637e-03,-2.679506743727180784e-01,3.191936120378769948e-01,-2.422555810213958272e-02,-3.062461125089274150e-01
2.009999999999998010e+00,3.560147582807808853e-01,-3.671612353622772003e-03,-2.719957972711155025e-01,3.560078625947834530e-01,-3.671603764473020757e-03,-2.720001848896989594e-01,3.110858868415267153e-01,-2.274229823407894480e-02,-3.103454955722887432e-01
2.019999999999999574e+00,3.517337374067800448e-01,-3.515697889031792981e-03,-2.752841961299170026e-01,3.517258938590512862e-01,-3.515641839597572794e-03,-2.752884004130830564e-01,3.032922760567225984e-01,-2.069415021590392811e-02,-3.143126576991426280e-01
2.029999999999997584e+00,3.491443187595509867e-01,-3.414221533685266822e-03,-2.774371521126340334e-01,3.491358324727515949e-01,-3.414012818105515747e-03,-2.774402962901230119e-01,2.978425328629011881e-01,-1.852935053950027777e-02,-3.166028158190968833e-01
2.039999999999999147e+00,3.485056357363039425e-01,-3.376728076245524932e-03,-2.782668409266188525e-01,3.484896490796492441e-01,-3.376059291901842806e-03,-2.782753951810141846e-01,2.938648390100800922e-01,-1.675634844226417397e-02,-3.179500090547096036e-01
2.050000000000000711e+00,3.498752652327270507e-01,-3.406617672717482653e-03,-2.776997713043776739e-01,3.498522870211737135e-01,-3.405455938777341394e-03,-2.777141548867354537e-01,2.917706942512751089e-01,-1.421943378647111400e-02,-3.187091880622183737e-01
2.059999999999998721e+00,3.531670238804120454e-01,-3.503094327795342518e-03,-2.757187947791882032e-01,3.531401834018518260e-01,-3.501519072044918020e-03,-2.757368426411672124e-01,2.917511744471088520e-01,-1.224454209621952949e-02,-3.186145166321878719e-01
2.070000000000000284e+00,3.581983607451348361e-01,-3.662618153857091427e-03,-2.723329314707914062e-01,3.581684025911066604e-01,-3.660770036771219572e-03,-2.723546209897616532e-01,2.939389840768863449e-01,-1.111403205488870061e-02,-3.171100404532589678e-01
2.079999999999998295e+00,3.647276479126622672e-01,-3.879944118663768236e-03,-2.675644037886069637e-01,3.646967748408375121e-01,-3.877799897745562267e-03,-2.675882795743977360e-01,2.983166003385627763e-01,-9.231247044079071706e-03,-3.153818845739931875e-01
2.089999999999999858e+00,3.724824035986826765e-01,-4.148846482990469105e-03,-2.614449807337594911e-01,3.724522759147865236e-01,-4.146343332617251701e-03,-2.614697853326082844e-01,3.042230037941368037e-01,-7.520321178439981491e-03,-3.135170763893224688e-01
2.099999999999997868e+00,3.811799768629319796e-01,-4.462615764938121163e-03,-2.540164559025873681e-01,3.811516850053776051e-01,-4.459943426678914490e-03,-2.540415374791444303e-01,3.117868626504695095e-01,-5.314484346824910332e-03,-3.098068699002960447e-01
2.109999999999999432e+00,3.905422802478086264e-01,-4.814397138171572915e-03,-2.453322442767994493e-01,3.905171231492580719e-01,-4.811828758724842267e-03,-2.453563989573055160e-01,3.212863852005909404e-01,-3.869209332731687878e-03,-3.054340350068029952e-01
2.119999999999997442e+00,4.003059644717839594e-01,-5.197420781821879276e-03,-2.354585788702027171e-01,4.002848545210564990e-01,-5.195139784545305117e-03,-2.354805217188458144e-01,3.316669919518840937e-01,-2.610400296307463508e-03,-3.001346488227035758e-01
2.129999999999999005e+00,4.102291537297577118e-01,-5.605159244161425636e-03,-2.244747179119731262e-01,4.102125880974023531e-01,-5.603239000341677517e-03,-2.244932766973107008e-01,3.451857511126278366e-01,-1.226904831088754255e-03,-2.924793078753132880e-01
2.140000000000000568e+00,4.200955961870216915e-01,-6.031435218244233371e-03,-2.124720925263626770e-01,4.200822752933909277e-01,-6.029790376092026595e-03,-2.124881441553353734e-01,3.593428841121590889e-01,-1.163823467590641147e-04,-2.833218726249342456e-01
2.149999999999998579e+00,4.297168698622983452e-01,-6.470494313968763560e-03,-1.995525766372497900e-01,4.297055109527460615e-01,-6.469022588222929186e-03,-1.995674349651264112e-01,3.749710561069591330e-01,1.171566779815780279e-03,-2.716213330281570526e-01
2.160000000000000142e+00,4.389331240332083328e-01,-6.917052774968402741e-03,-1.858261530912249659e-01,4.389237452098616044e-01,-6.915740541487186768e-03,-1.858395350050784656e-01,3.911920875449932389e-01,2.287495516215487523e-03,-2.577868936808126454e-01
2.169999999999998153e+00,4.476127225602186122e-01,-7.366325769646800241e-03,-1.714082548758310565e-01,4.476047549702869000e-01,-7.365153081486834792e-03,-1.714208028709378884e-01,4.058127161277319539e-01,3.695815653635386999e-03,-2.427304403920883535e-01
2.179999999999999716e+00,4.556510751446712360e-01,-7.814040622785539680e-03,-1.564170234577042240e-01,4.556460449275571145e-01,-7.813121804288707811e-03,-1.564253689052475804e-01,4.230302444251201610e-01,4.580856876020361623e-03,-2.231718173247847492e-01
2.189999999999997726e+00,4.629688853544643434e-01,-8.256437608912453596e-03,-1.409706733587378635e-01,4.629645348062583765e-01,-8.255685826038458575e-03,-1.409787748042828637e-01,4.347321808312341052e-01,5.031444365081017001e-03,-2.069902599460949899e-01
2.199999999999999289e+00,4.695100014239483865e-01,-8.690260791942868920e-03,-1.251850978376176926e-01,4.695056267699763697e-01,-8.689691478726085938e-03,-1.251946912409059587e-01,4.458949729516039628e-01,5.943478410600000483e-03,-1.888397258971141746e-01
2.210000000000000853e+00,4.752390224583690759e-01,-9.112740519255311741e-03,-1.091718012884057287e-01,4.752353278241209233e-01,-9.112467255721578424e-03,-1.091811325703924140e-01,4.583549207808870207e-01,6.003311957557960765e-03,-1.651108260717258913e-01
2.219999999999998863e+00,4.801387847480053650e-01,-9.521569327914574526e-03,-9.303620313626993765e-02,4.801353957382408777e-01,-9.521640197808425507e-03,-9.304646699739163584e-02,4.664566448409215305e-01,6.087518429154115118e-03,-1.459578334815530010e-01
2.230000000000000426e+00,4.842078288024315724e-01,-9.914872935935249362e-03,-7.687632606869693186e-02,4.842045878549966487e-01,-9.915334131609492008e-03,-7.688856472350577564e-02,4.731316402537922849e-01,5.687557576501300893e-03,-1.275041444464229956e-01
2.239999999999998437e+00,4.874579266858877769e-01,-1.029117737215316797e-02,-6.078185711579147527e-02,4.874551284803299578e-01,-1.029203334730513855e-02,-6.079533256525983254e-02,4.797780951921105652e-01,6.089686993885928823e-03,-1.058829422422566946e-01
2.250000000000000000e+00,4.899117300249650198e-01,-1.064937389338890122e-02,-4.483355421843247118e-02,4.899093672982807735e-01,-1.065055298120573014e-02,-4.484906031180773550e-02,4.842631668640214881e-01,5.464100087113787918e-03,-8.909558630970304538e-02
2.259999999999998010e+00,4.916005826835647130e-01,-1.098868244494491560e-02,-2.910295945060140804e-02,4.915988195421494567e-01,-1.099008828034041436e-02,-2.912045881710069450e-02,4.883182584854793840e-01,5.026460607152338778e-03,-7.089990277743640767e-02
2.269999999999999574e+00,4.925625272393709952e-01,-1.130861503250083118e-02,-1.365237555059515932e-02,4.925615135827655089e-01,-1.131018760807449459e-02,-1.367187239869339412e-02,4.912225939812602249e-01,4.919544383044371916e-03,-5.455704882511125398e-02
2.279999999999997584e+00,4.928405222945584363e-01,-1.160893954380312794e-02,1.464940667184933898e-03,4.928404022039027943e-01,-1.161064988166980380e-02,1.443482174849867712e-03,4.937492259182511001e-01,4.346934786544354168e-03,-3.606654991739866034e-02
2.289999999999999147e+00,4.924808771894740311e-01,-1.188964489490690682e-02,1.620441266156271570e-02,4.924817532712990609e-01,-1.189151027656260191e-02,1.618174136224240917e-02,4.948107232452588211e-01,3.401117288690025386e-03,-2.364079470928159843e-02
2.300000000000000711e+00,4.915319025580319190e-01,-1.215090797458793365e-02,3.052964851126466553e-02,4.915338020510502393e-01,-1.215293957807760984e-02,3.050630234304956695e-02,4.953460488345183266e-01,2.364833510440200737e-03,-1.040661548452981311e-02
2.309999999999998721e+00,4.900427687163148027e-01,-1.239306280195648195e-02,4.441185357709408893e-02,4.900456859362912754e-01,-1.239526329088742017e-02,4.438812292892857503e-02,4.952674209769508118e-01,5.086265189231387041e-04,4.782364141146189240e-03
2.320000000000000284e+00,4.880625593104550020e-01,-1.261657211469499433e-02,5.782918440260489262e-02,4.880664506342549669e-01,-1.261892772218280341e-02,5.780539582389399023e-02,4.944848049052978922e-01,-4.109034909067776908e-04,2.135125699441631220e-02
2.329999999999998295e+00,4.856395043683421342e-01,-1.282200169883801304e-02,7.076607247679839174e-02,4.856443276224546857e-01,-1.282446459648150378e-02,7.074237491054821692e-02,4.928727112804883737e-01,-1.116116896260538338e-03,3.554589323489254493e-02
2.339999999999999858e+00,4.828203750944236594e-01,-1.300999734961131617e-02,8.321254085281615254e-02,4.828261474482762328e-01,-1.301237324557235134e-02,8.318879216789078213e-02,4.902150620766637656e-01,-3.079564696152364833e-03,5.203378317249462981e-02
2.349999999999997868e+00,4.796500218324453169e-01,-1.318126449897813121e-02,9.516353219450940371e-02,4.796566564799022991e-01,-1.318329602465425493e-02,9.514004176959633963e-02,4.874244006415732189e-01,-4.759204500778713154e-03,6.496087702619790516e-02
2.359999999999999432e+00,4.761710365939521017e-01,-1.333655051762800900e-02,1.066182623953035175e-01,4.761785233378427740e-01,-1.333799951149568751e-02,1.065949908710221439e-01,4.829179911933692559e-01,-6.350756415479302808e-03,8.373824831123966028e-02
2.369999999999997442e+00,4.724235221643972027e-01,-1.347662940071310718e-02,1.175796100590229820e-01,4.724317115099462283e-01,-1.347733779840131971e-02,1.175569290086685564e-01,4.780384510293629319e-01,-8.081162336862013351e-03,1.003364196325390312e-01
2.379999999999999005e+00,4.684449508165656750e-01,-1.360228884576122378e-02,1.280535488842625413e-01,4.684537575562417455e-01,-1.360241798886336825e-02,1.280315335562556001e-01,4.725224013733311801e-01,-9.697463235024322836e-03,1.163841695810483579e-01
2.390000000000000568e+00,4.642700970449705200e-01,-1.371431933219471704e-02,1.380486271840076495e-01,4.642793751304952199e-01,-1.371412606334969017e-02,1.380274736805278402e-01,4.661466175332620865e-01,-1.212120332341162787e-02,1.330037108626861420e-01
2.399999999999998579e+00,4.599310302203819534e-01,-1.381350523003613273e-02,1.475754965772211602e-01,4.599406589017803748e-01,-1.381336462663403791e-02,1.475552920879936170e-01,4.587041571071555635e-01,-1.395604319200746679e-02,1.496802221155761892e-01
2.410000000000000142e+00,4.554571547112571395e-01,-1.390061750797364284e-02,1.566464900612094258e-01,4.554670576872769105e-01,-1.390079708603334310e-02,1.566272210469523696e-01,4.504230729904842856e-01,-1.547897388107064010e-02,1.662399178388068721e-01
2.419999999999998153e+00,4.508752865835617407e-01,-1.397640801021680056e-02,1.652752483569065178e-01,4.508853451863700790e-01,-1.397699864677869573e-02,1.652570014799920051e-01,4.393764129302886179e-01,-1.725955130928519266e-02,1.856606938728081468e-01
2.429999999999999716e+00,4.462097575607964495e-01,-1.404160503805165598e-02,1.734763923968024590e-01,4.462199381601272830e-01,-1.404260210287023788e-02,1.734590934140906038e-01,4.310537684689788041e-01,-1.841208100786143054e-02,1.985205339949048797e-01
2.439999999999997726e+00,4.414825383719013785e-01,-1.409691003013172593e-02,1.812652391409819985e-01,4.414928096492850562e-01,-1.409817917918715011e-02,1.812488325605232931e-01,4.190352906621093165e-01,-1.994097436669453605e-02,2.151702685676936122e-01
2.449999999999999289e+00,4.367133749384812802e-01,-1.414299519168396753e-02,1.886575574705183500e-01,4.367236592528427330e-01,-1.414441297171159517e-02,1.886420743201524530e-01,4.080615432011530652e-01,-2.095780003275393710e-02,2.288038660243566502e-01
2.460000000000000853e+00,4.319199320414608412e-01,-1.418050197872959897e-02,1.956693606707315125e-01,4.319301931764262248e-01,-1.418203084828902755e-02,1.956547593106442995e-01,3.997469126319039834e-01,-2.149790206684981664e-02,2.433934782080041659e-01
2.469999999999998863e+00,4.271179401688385835e-01,-1.421004027250939716e-02,2.023167319320432478e-01,4.271281384079356758e-01,-1.421173037691759664e-02,2.023029757952045371e-01,3.755726361353382003e-01,-1.638884095691556242e-02,2.679868600306546389e-01
2.480000000000000426e+00,4.223213421713191695e-01,-1.423218798982496189e-02,2.086156793344263738e-01,4.223314722184187686e-01,-1.423411489029915121e-02,2.086026894981151125e-01,3.673243022035822536e-01,-1.818468230516276374e-02,2.738204205366914223e-01
2.489999999999998437e+00,4.175424371027600667e-01,-1.424749119813493135e-02,2.145820169237677710e-01,4.175524208432844775e-01,-1.424973342509279484e-02,2.145698188893833680e-01,3.586136125955748932e-01,-1.951562389834909927e-02,2.799298427220890950e-01
2.500000000000000000e+00,4.128173416300446874e-01,-1.425661916171724712e-02,2.202115299942930537e-01,4.128273747371417612e-01,-1.425911330043954164e-02,2.201998394338105791e-01,3.523537749870874203e-01,-2.039366495084948827e-02,2.838062087316234328e-01
2.509999999999998010e+00,4.083936028372775473e-01,-1.426080331892516477e-02,2.253208322276923081e-01,4.084043755838449585e-01,-1.426348525710226939e-02,2.253089821921002156e-01,3.473707284197028455e-01,-2.148089631238850328e-02,2.862829345745584453e-01
2.519999999999999574e+00,4.048769917560779419e-01,-1.426144606087838274e-02,2.293988527727349458e-01,4.048875964919864678e-01,-1.426424785464895650e-02,2.293875852529924930e-01,3.429336538978562388e-01,-2.229714250747380500e-02,2.884088354094775930e-01
2.529999999999997584e+00,4.027549737927698104e-01,-1.425890175622790586e-02,2.319802516536926262e-01,4.027672724379017799e-01,-1.426177679684951724e-02,2.319668876482593178e-01,3.405522208771133430e-01,-2.272723804965745553e-02,2.892702354275183962e-01
2.539999999999999147e+00,4.022546248255438051e-01,-1.425418591236168875e-02,2.328406734511145326e-01,4.022654871414657607e-01,-1.425709726490737884e-02,2.328287797840690732e-01,3.394827479362018119e-01,-2.369887499255113328e-02,2.889364681073225416e-01
2.550000000000000711e+00,4.034288281800242348e-01,-1.424775556402890775e-02,2.319001876504199755e-01,4.034370940011274276e-01,-1.425069103775568335e-02,2.318915658559857484e-01,3.400108066014485564e-01,-2.423498064558560205e-02,2.875427535201855456e-01
2.559999999999998721e+00,4.061995412409873385e-01,-1.423882049621090842e-02,2.291596367539663615e-01,4.062075725443788365e-01,-1.424175568169310652e-02,2.291513063223136470e-01,3.423313754377524942e-01,-2.465248959441382337e-02,2.863021304860280392e-01
2.570000000000000284e+00,4.103969665387112165e-01,-1.422532693547378518e-02,2.246640850720144356e-01,4.104049060416580796e-01,-1.422824812187410345e-02,2.246557509488239790e-01,3.467526414495393228e-01,-2.531934990764286852e-02,2.832720634529747317e-01
2.579999999999998295e+00,4.157929287739952628e-01,-1.420428103660092978e-02,2.184838496556799070e-01,4.158016127302843201e-01,-1.420717162645448832e-02,2.184742333959731331e-01,3.526383740706068304e-01,-2.623776654645340600e-02,2.793762549970068010e-01
2.589999999999999858e+00,4.221278369261163288e-01,-1.417219176195221378e-02,2.107057892099710728e-01,4.221381736460531053e-01,-1.417502906967653756e-02,2.106932471080335545e-01,3.630602642498630406e-01,-2.775569098911864763e-02,2.714031562085386096e-01
2.599999999999997868e+00,4.291315248652781134e-01,-1.412550064715521574e-02,2.014298170627411289e-01,4.291435175663827484e-01,-1.412825823486555180e-02,2.014137412156438989e-01,3.735975858401550109e-01,-2.953947859395192332e-02,2.635790893415211888e-01
2.609999999999999432e+00,4.365387278580074581e-01,-1.406093233359177394e-02,1.907675276641411510e-01,4.365540203268409303e-01,-1.406361999991884680e-02,1.907449986045824109e-01,3.864572412925720846e-01,-3.288418470490631074e-02,2.512683135280062707e-01
2.619999999999997442e+00,4.441000895587789432e-01,-1.397574327044869349e-02,1.788412337232139493e-01,4.441185291261662282e-01,-1.397830569531558452e-02,1.788110691831636401e-01,3.978940841714680987e-01,-3.445779525620695782e-02,2.406378673586270223e-01
2.629999999999999005e+00,4.515895553167344478e-01,-1.386787076814657849e-02,1.657826387667757084e-01,4.516099888797192041e-01,-1.387025317250586802e-02,1.657451854632279731e-01,4.084961345672121213e-01,-3.578645505745070565e-02,2.297149085561118742e-01
2.640000000000000568e+00,4.588088989017274355e-01,-1.373599676921702720e-02,1.517309235365529030e-01,4.588317285871201245e-01,-1.373816789242629337e-02,1.516836425798606669e-01,4.232340366879145943e-01,-3.721328884690019989e-02,2.130473321863689540e-01
2.649999999999998579e+00,4.655900086700565654e-01,-1.357954506142169428e-02,1.368303174734773475e-01,4.656127673509523612e-01,-1.358151482957857190e-02,1.367764653065416669e-01,4.352719602861115922e-01,-3.820732018309463962e-02,1.970937333896245480e-01
2.660000000000000142e+00,4.717954500951376806e-01,-1.339863080219121615e-02,1.212273527800643708e-01,4.718160632326266479e-01,-1.340050657150733231e-02,1.211708771090570791e-01,4.430318376403582503e-01,-3.895108760722262864e-02,1.788447554824126318e-01
2.669999999999998153e+00,4.773177308588382184e-01,-1.319397902025695041e-02,1.050680270140736394e-01,4.773354575403687683e-01,-1.319594283782857258e-02,1.050107379089140619e-01,4.564302002641269507e-01,-3.904057454844200858e-02,1.604069916576918997e-01
2.679999999999999716e+00,4.820776208034568966e-01,-1.296682579360736165e-02,8.849507704518597140e-02,4.820930007131290496e-01,-1.296894668488439949e-02,8.843492633824269478e-02,4.647913670662132679e-01,-3.858594936572712353e-02,1.418473611641323240e-01
2.689999999999997726e+00,4.860218181881661437e-01,-1.271881289757957438e-02,7.164552146485603235e-02,4.860338379644221218e-01,-1.272118919209345479e-02,7.158640862062456978e-02,4.710921333645263775e-01,-3.781000645391000003e-02,1.168095646937550303e-01
2.699999999999999289e+00,4.891202023612210570e-01,-1.245188348637803026e-02,5.464857700483118780e-02,4.891288072615853078e-01,-1.245445746758660002e-02,5.459204937398233481e-02,4.794133230744891394e-01,-3.904569789786582756e-02,9.453213605990251622e-02
2.710000000000000853e+00,4.913628683767780614e-01,-1.216818453977838027e-02,3.762400660433996152e-02,4.913685746618002281e-01,-1.217078583306622011e-02,3.756831671271108897e-02,4.842501311106212070e-01,-3.842139877588321428e-02,7.084363798755977104e-02
2.719999999999998863e+00,4.927570998874477026e-01,-1.186997930595184297e-02,2.068091642935326532e-02,4.927599782890328406e-01,-1.187255128753689042e-02,2.062728337293465164e-02,4.877195799830342793e-01,-3.614418382462319945e-02,4.964813536989742815e-02
2.730000000000000426e+00,4.933244018041308410e-01,-1.155957155330607916e-02,3.916988089479357671e-03,4.933246807609273366e-01,-1.156216236408997601e-02,3.866760487705155677e-03,4.897976241861029534e-01,-3.599796443496858234e-02,2.967959631071648285e-02
2.739999999999998437e+00,4.930976834661158215e-01,-1.123924255966877832e-02,-1.258188964422254572e-02,4.930957129782770898e-01,-1.124191276534323297e-02,-1.262891995438128641e-02,4.913585227055584648e-01,-3.359419974042579526e-02,8.981703015919828559e-03
2.750000000000000000e+00,4.921186563313413864e-01,-1.091120050561314621e-02,-2.874163942149263531e-02,4.921148146456427175e-01,-1.091396251548353707e-02,-2.878479883754159890e-02,4.916229769846269804e-01,-3.369405725510224436e-02,-1.343425606321846377e-02
2.759999999999998010e+00,4.904354873193890185e-01,-1.057754154313870695e-02,-4.449972129825043032e-02,4.904301815692674871e-01,-1.058030915332188772e-02,-4.453874350493493284e-02,4.910952886365007597e-01,-3.170679178693938671e-02,-3.384636781911021242e-02
2.769999999999999574e+00,4.881007299242413056e-01,-1.024022157164064528e-02,-5.980462525010912800e-02,4.880943491605474471e-01,-1.024285520322563460e-02,-5.983950839358755797e-02,4.898614193512224047e-01,-3.021298109895334538e-02,-4.989811482462069847e-02
2.779999999999997584e+00,4.851695398572106743e-01,-9.901037309671704631e-03,-7.461518767323017942e-02,4.851624512155929270e-01,-9.903453120193313197e-03,-7.464598152031093337e-02,4.879081262496238747e-01,-2.889445344608865263e-02,-6.683939321601894967e-02
2.789999999999999147e+00,4.816981700380196796e-01,-9.561615231148592325e-03,-8.889978480834573316e-02,4.816905279960344566e-01,-9.563751486490353754e-03,-8.892732059395486166e-02,4.847347433228507141e-01,-2.592887321634448905e-02,-8.587434580440322929e-02
2.800000000000000711e+00,4.777427308816091789e-01,-9.223407266323901607e-03,-1.026354500123770608e-01,4.777346525061826887e-01,-9.225252393696498771e-03,-1.026602999393242954e-01,4.802972582414815061e-01,-2.336700830219165526e-02,-1.041530705248403521e-01
2.809999999999998721e+00,4.733581957767183934e-01,-8.887691526906087852e-03,-1.158069546380776776e-01,4.733498161452484032e-01,-8.889231043735505711e-03,-1.158294096036997650e-01,4.749473241414080560e-01,-2.201026817380880019e-02,-1.218748880901082687e-01
2.820000000000000284e+00,4.685976276451762068e-01,-8.555577332655515954e-03,-1.284058855780972896e-01,4.685890161036830315e-01,-8.556916593806038543e-03,-1.284262974917070588e-01,4.695118133739889510e-01,-1.956067010903983494e-02,-1.374036309151412949e-01
2.829999999999998295e+00,4.635116006920094178e-01,-8.228013207848591803e-03,-1.404297451169835009e-01,4.635028214516315193e-01,-8.229513922230825493e-03,-1.404483560488633820e-01,4.613658754386145144e-01,-1.714864316873249139e-02,-1.571171712111110175e-01
2.839999999999999858e+00,4.581477909032857787e-01,-7.905797025029791605e-03,-1.518810926460054112e-01,4.581389255711625363e-01,-7.907872914808001738e-03,-1.518980355716335884e-01,4.530028423660523718e-01,-1.514085654529295777e-02,-1.745910717145811031e-01
2.849999999999997868e+00,4.525507095368809241e-01,-7.589587520195202955e-03,-1.627667420512403651e-01,4.525418232409263442e-01,-7.592535551047954745e-03,-1.627821535758626204e-01,4.456350575481874410e-01,-1.398740804820911010e-02,-1.879684838737198938e-01
2.859999999999999432e+00,4.467615553216806590e-01,-7.279916568875100663e-03,-1.730970237354209074e-01,4.467528412700081941e-01,-7.283858664908314864e-03,-1.731107782164020281e-01,4.348701773652037250e-01,-1.187439072348314695e-02,-2.054092751174263487e-01
2.869999999999997442e+00,4.408181630743853718e-01,-6.977201807974898508e-03,-1.828851162148328602e-01,4.408093927186082506e-01,-6.981972703368071603e-03,-1.828978445291164490e-01,4.249322943126304652e-01,-1.008871297025218383e-02,-2.200989731744340538e-01
2.879999999999999005e+00,4.347550288362343474e-01,-6.681758953253873722e-03,-1.921464489205125803e-01,4.347460911906277370e-01,-6.687209078628718502e-03,-1.921584665151409577e-01,4.168240354285319693e-01,-8.800738604746422000e-03,-2.306350032581208076e-01
2.890000000000000568e+00,4.286033939317506758e-01,-6.393813900521710079e-03,-2.008981754836300093e-01,4.285943417337420014e-01,-6.399822122270623637e-03,-2.009094921139449874e-01,4.025642186160851566e-01,-6.735309921019505541e-03,-2.478139303293408480e-01
2.899999999999998579e+00,4.223913729551491136e-01,-6.113514081132905530e-03,-2.091587147524681944e-01,4.223822121971606003e-01,-6.120102512392293186e-03,-2.091694010018196326e-01,3.915549100501759527e-01,-5.377782886429482989e-03,-2.596536154487129044e-01
2.910000000000000142e+00,4.161441129183444665e-01,-5.840939104557052106e-03,-2.169473556025093564e-01,4.161348942304757270e-01,-5.848103386252391511e-03,-2.169574117024370419e-01,3.781339144646196360e-01,-4.126866446973909142e-03,-2.726694579948103492e-01
2.919999999999998153e+00,4.098839730258433955e-01,-5.576110520629774976e-03,-2.242839206972605526e-01,4.098747873167780109e-01,-5.583825458835471947e-03,-2.242932967216297591e-01,3.665270449146472709e-01,-2.741050906255149133e-03,-2.825729747245286916e-01
2.929999999999999716e+00,4.036307164755494892e-01,-5.319000750790236348e-03,-2.311884839111166268e-01,4.036215764655785021e-01,-5.327135751831049877e-03,-2.311972333058287810e-01,3.529145108277388365e-01,-1.347716290403228045e-03,-2.935315362301972320e-01
2.939999999999997726e+00,3.974017074569952679e-01,-5.069541117850258523e-03,-2.376811359185619921e-01,3.973926850890895923e-01,-5.077952726544886913e-03,-2.376892374984935496e-01,3.376670297003298016e-01,-1.357290135103883522e-04,-3.037332459937224227e-01
2.949999999999999289e+00,3.912121080246785954e-01,-4.827628948951541953e-03,-2.437817924984780060e-01,3.912032233273679549e-01,-4.836139348534257594e-03,-2.437892842538991467e-01,3.253402823884721240e-01,1.219227162808145248e-03,-3.110789999475105372e-01
2.960000000000000853e+00,3.850750707807173989e-01,-4.593133945030467187e-03,-2.495100403149219381e-01,3.850663833104697731e-01,-4.601605578553994574e-03,-2.495169155237505210e-01,3.126703694181025561e-01,3.793353724445530650e-03,-3.172761249898650160e-01
2.969999999999998863e+00,3.790019244368140194e-01,-4.365903699828372307e-03,-2.548850152095142318e-01,3.789934166753404776e-01,-4.374206422948510690e-03,-2.548913422591000399e-01,3.051170935465894463e-01,5.452444331337208405e-03,-3.211149850578581821e-01
2.980000000000000426e+00,3.730023501737341762e-01,-4.145768500381265265e-03,-2.599253084407155967e-01,3.729940545943906116e-01,-4.153862963158503827e-03,-2.599311007251833838e-01,2.957469918166519829e-01,7.400278649161623479e-03,-3.249357647547729266e-01
2.989999999999998437e+00,3.670845474405955988e-01,-3.932545543607297162e-03,-2.646488967126990333e-01,3.670763307034870526e-01,-3.940420215751065484e-03,-2.646543134515909057e-01,2.889683302845778012e-01,9.296999128366428833e-03,-3.270405460330987335e-01
3.000000000000000000e+00,3.612870164680083707e-01,-3.726957451963327367e-03,-2.690622261800562631e-01,3.612792087801789953e-01,-3.734601741904532320e-03,-2.690670831532207541e-01,2.831340165866100822e-01,1.116796657704022255e-02,-3.286849217531608858e-01
3.009999999999998010e+00,3.559074555375165150e-01,-3.537241662780444672e-03,-2.730552080964192552e-01,3.559004316484130070e-01,-3.544632945606837442e-03,-2.730593574770626697e-01,2.787227963620196869e-01,1.382347969256106368e-02,-3.294495239671997311e-01
3.019999999999999574e+00,3.516693764997969596e-01,-3.384444020328667476e-03,-2.762766602364628565e-01,3.516619160971716229e-01,-3.391519675145768242e-03,-2.762808328014290660e-01,2.769667144580432172e-01,1.576703281887006924e-02,-3.293008148604683605e-01
3.029999999999997584e+00,3.491393206062117782e-01,-3.286706641681748017e-03,-2.783621512481602167e-01,3.491334629505278841e-01,-3.293595253025910843e-03,-2.783643007336695785e-01,2.768198903878341666e-01,1.748505013521975404e-02,-3.284602496720939735e-01
3.039999999999999147e+00,3.485684709133258785e-01,-3.253329982251523290e-03,-2.791286014428051576e-01,3.485585545872538771e-01,-3.259836656402899380e-03,-2.791339390596798697e-01,2.785517332160500903e-01,1.923374567745361752e-02,-3.267792622890736132e-01
3.050000000000000711e+00,3.500089351782391112e-01,-3.287553059719450655e-03,-2.785040152968495386e-01,3.499962445597402105e-01,-3.293732533503251729e-03,-2.785120026349254263e-01,2.822557910702712114e-01,2.001384267591702071e-02,-3.239191039810077610e-01
3.059999999999998721e+00,3.533709717543045969e-01,-3.388481187646490839e-03,-2.764710452126949991e-01,3.533581209230111653e-01,-3.394437706527051856e-03,-2.764796530352300885e-01,2.875934723999965525e-01,2.143859377237186670e-02,-3.216107883375544096e-01
3.070000000000000284e+00,3.584698604406066913e-01,-3.552519464504098889e-03,-2.730377714238867992e-01,3.584574176142641400e-01,-3.558292875958980490e-03,-2.730466786368749288e-01,2.951145714260582364e-01,2.197754986179098480e-02,-3.188077668383458851e-01
3.079999999999998295e+00,3.650627545474580682e-01,-3.774395810272416271e-03,-2.682252702656251486e-01,3.650517429208519071e-01,-3.780046605809042268e-03,-2.682336618944397011e-01,3.058377534518218477e-01,2.212961945966729349e-02,-3.143484734462339558e-01
3.089999999999999858e+00,3.728765663087075244e-01,-4.047873592747473076e-03,-2.620642270430628140e-01,3.728680309785880054e-01,-4.053458059379540582e-03,-2.620709628715726103e-01,3.168689001721319842e-01,2.228685619591322387e-02,-3.092197438740590387e-01
3.099999999999997868e+00,3.816284100781555111e-01,-4.366240318437550165e-03,-2.545955279292128060e-01,3.816226306170746319e-01,-4.371801219196207872e-03,-2.546001879778149735e-01,3.278158335220936470e-01,2.236455246105001349e-02,-3.036958191200562762e-01
3.109999999999999432e+00,3.910401731063750108e-01,-4.722640603092352271e-03,-2.458718881481753438e-01,3.910394474342334115e-01,-4.728363216688966433e-03,-2.458721326286601727e-01,3.426456930859567152e-01,2.211664947415539761e-02,-2.953049857409855150e-01
3.119999999999997442e+00,4.008485883989749698e-01,-5.110303349088620925e-03,-2.359590403405491532e-01,4.008542936741791296e-01,-5.116319808562734377e-03,-2.359524318217220140e-01,3.574777949631808838e-01,2.205174591661906991e-02,-2.856065472523254822e-01
3.129999999999999005e+00,4.108119103838687169e-01,-5.522697526991278763e-03,-2.249359172200585122e-01,4.108223334670836335e-01,-5.528970003651267028e-03,-2.249228800490791491e-01,3.756879693806118858e-01,2.189324070012985124e-02,-2.718512944735853587e-01
3.140000000000000568e+00,4.207140337815040709e-01,-5.953639291185358097e-03,-2.128937702193433312e-01,4.207270243209572103e-01,-5.960082910097888771e-03,-2.128758180184899540e-01,3.926342960341367982e-01,2.133547725049964039e-02,-2.574122558552411899e-01
3.149999999999998579e+00,4.303666853065236664e-01,-6.397364963603354229e-03,-1.999344111870088869e-01,4.303822290206967272e-01,-6.403988000895500035e-03,-1.999107176706622080e-01,4.076176327076715955e-01,1.954419078467542481e-02,-2.431336419264431559e-01
3.160000000000000142e+00,4.396101611459343195e-01,-6.848579028973817741e-03,-1.861678530271715371e-01,4.396261598317967034e-01,-6.855270515498394952e-03,-1.861406959237158765e-01,4.206889991452695821e-01,1.859951899513062612e-02,-2.278930846695589318e-01
3.169999999999998153e+00,4.483129715980961327e-01,-7.302483161472423344e-03,-1.717096287062024884e-01,4.483277485478131541e-01,-7.309166455209847001e-03,-1.716814731402085126e-01,4.379895692097079962e-01,1.909851208496299302e-02,-2.043898708270737163e-01
3.179999999999999716e+00,4.563706759046582961e-01,-7.754790048291325920e-03,-1.566780304133335300e-01,4.563835051916189101e-01,-7.761471298481752157e-03,-1.566503531650416392e-01,4.474385391089455988e-01,1.785000455818441800e-02,-1.889463589648847641e-01
3.189999999999997726e+00,4.637041341339969702e-01,-8.201724936214717376e-03,-1.411914577758067446e-01,4.637162338019775731e-01,-8.208570720351899760e-03,-1.411618044759895274e-01,4.568316416370244992e-01,1.592305863261919696e-02,-1.714444583927251520e-01
3.199999999999999289e+00,4.702573611989961377e-01,-8.640016975174157066e-03,-1.253660095762586801e-01,4.702674897792121778e-01,-8.647043932810277028e-03,-1.253372777625984535e-01,4.686992886699329341e-01,1.403477046083284607e-02,-1.442996067340056587e-01
3.210000000000000853e+00,4.759951350736875142e-01,-9.066882219316244051e-03,-1.093134044151025941e-01,4.760030205203215625e-01,-9.074112029207022714e-03,-1.092869697749360436e-01,4.775475712630207203e-01,1.211362032723470317e-02,-1.190180332106888228e-01
3.219999999999998863e+00,4.809004837877987604e-01,-9.479999980624990302e-03,-9.313927493402897329e-02,4.809067283601016207e-01,-9.487407505360584761e-03,-9.311402208414222559e-02,4.835801250691987851e-01,1.003357665332421655e-02,-9.764495026400954458e-02
3.230000000000000426e+00,4.849721519576462581e-01,-9.877484057710255588e-03,-7.694184815418782242e-02,4.849768868996481297e-01,-9.884969715350692271e-03,-7.691794925369549452e-02,4.875879082480394366e-01,7.531910026376292810e-03,-8.076775074310726943e-02
3.239999999999998437e+00,4.882221265505801711e-01,-1.025785008906015053e-02,-6.081100044970187690e-02,4.882251522003091537e-01,-1.026526279609984993e-02,-6.079064184544850230e-02,4.911022179307844571e-01,5.166226137009011232e-03,-6.359044722784679138e-02
3.250000000000000000e+00,4.906732825705552026e-01,-1.061998054926838533e-02,-4.482765948141208268e-02,4.906750462490970799e-01,-1.062731831650084655e-02,-4.481017528954783086e-02,4.936816369705367968e-01,2.768143885283042005e-03,-4.682391275423236632e-02
3.259999999999998010e+00,4.923571928474317905e-01,-1.096308831906709844e-02,-2.906351440922674834e-02,4.923579277244571895e-01,-1.097037403634790360e-02,-2.904950734026127621e-02,4.958692652057645756e-01,1.375264898779704481e-04,-2.715035269278576191e-02
3.269999999999999574e+00,4.933121314144072178e-01,-1.128667997823215238e-02,-1.358099043552464698e-02,4.933121667411950462e-01,-1.129399537625205667e-02,-1.357017738254652495e-02,4.963888126799347877e-01,-2.480469008304286849e-03,-1.327527480355616962e-02
3.279999999999997584e+00,4.935812876283357520e-01,-1.159051958967936488e-02,1.566558510987121552e-03,4.935809027578395569e-01,-1.159785953556966009e-02,1.574715933276714776e-03,4.963869945905999836e-01,-5.255793125627988838e-03,-3.928430545238947857e-03
3.289999999999999147e+00,4.932111978350542381e-01,-1.187459374821677252e-02,1.633448395828381722e-02,4.932106043672383477e-01,-1.188190605171313488e-02,1.634034151285154030e-02,4.960557766866758311e-01,-8.471706784820537406e-03,1.023805448064230017e-02
3.300000000000000711e+00,4.922503931201933081e-01,-1.213907839408137450e-02,3.068634644060499669e-02,4.922497276721023995e-01,-1.214627161740960797e-02,3.069055172780957991e-02,4.950034723005353743e-01,-1.127229162169524068e-02,2.340206133789768383e-02
3.309999999999998721e+00,4.907482552789401709e-01,-1.238430780207530786e-02,4.459332653536399876e-02,4.907476083136318445e-01,-1.239132534028237684e-02,4.459622693558356471e-02,4.931610343862125601e-01,-1.416663000922957494e-02,3.946258782092615380e-02
3.320000000000000284e+00,4.887540684013025327e-01,-1.261074609159161357e-02,5.803357704423291186e-02,4.887535174238255009e-01,-1.261755351054098286e-02,5.803532665754755626e-02,4.909512354745669827e-01,-1.777642994040898317e-02,5.173037131481550421e-02
3.329999999999998295e+00,4.863162503487881150e-01,-1.281896134132470833e-02,7.099154445996394558e-02,4.863158480795746752e-01,-1.282555650867525307e-02,7.099231623448799822e-02,4.882890188678612464e-01,-2.068416700259043117e-02,6.473763700280688038e-02
3.339999999999999858e+00,4.834817463810870963e-01,-1.300960239960362828e-02,8.345728328097246074e-02,4.834815084328326074e-01,-1.301601585241994423e-02,8.345731094561836816e-02,4.843802925048303898e-01,-2.395392946809965506e-02,8.060252338937301531e-02
3.349999999999997868e+00,4.802955663679290277e-01,-1.318337841491070556e-02,9.542578166156802377e-02,4.802955125741966702e-01,-1.318975900594122723e-02,9.542517016931806317e-02,4.800299146353989577e-01,-2.677692308472859328e-02,9.681643269513473538e-02
3.359999999999999432e+00,4.768004469501639919e-01,-1.334104098330543206e-02,1.068963126537900571e-01,4.768005590385834824e-01,-1.334757551406777314e-02,1.068952445549421065e-01,4.739001305436482125e-01,-3.043162096986806731e-02,1.151695023301073650e-01
3.370000000000000995e+00,4.730366206152110120e-01,-1.348336868073040859e-02,1.178718214050584606e-01,4.730368575369871542e-01,-1.349023304533493624e-02,1.178704855673004814e-01,4.678951758321234222e-01,-3.319126770373187485e-02,1.305475321996371063e-01
3.379999999999999005e+00,4.690416746534954995e-01,-1.361115412127825684e-02,1.283583554171996433e-01,4.690420262629456105e-01,-1.361834372410479672e-02,1.283568225242507910e-01,4.611930843350932063e-01,-3.597916844346055187e-02,1.454401014071682319e-01
3.390000000000000568e+00,4.648504843864854075e-01,-1.372519286703480050e-02,1.383645420964091655e-01,4.648509297694418119e-01,-1.373262272151969630e-02,1.383628979305294715e-01,4.550138225138365411e-01,-3.877181857312966828e-02,1.579884663331895256e-01
3.399999999999998579e+00,4.604952064965369130e-01,-1.382627441752454570e-02,1.479011156818146322e-01,4.604957168117188582e-01,-1.383377702154622510e-02,1.478994516701021278e-01,4.448373922409749048e-01,-4.099011792947934718e-02,1.772757752842414325e-01
3.410000000000000142e+00,4.560053199466716500e-01,-1.391517495706066226e-02,1.569804937757702246e-01,4.560058885927276706e-01,-1.392255440120011845e-02,1.569788388032369308e-01,4.349300400256048693e-01,-4.358337784023116890e-02,1.930035633750345481e-01
3.419999999999998153e+00,4.514077035881885469e-01,-1.399265154370784962e-02,1.656164023420207132e-01,4.514082783039943259e-01,-1.399975346369551274e-02,1.656148672098500252e-01,4.224138525259329979e-01,-4.319075825653204137e-02,2.099532845343642373e-01
3.429999999999999716e+00,4.467267410913827730e-01,-1.405943757108181306e-02,1.738235470498792901e-01,4.467273615760140038e-01,-1.406615232728374021e-02,1.738220504075137784e-01,4.086075415530449062e-01,-4.094656994035256181e-02,2.284044413705452747e-01
3.439999999999997726e+00,4.419844452800323897e-01,-1.411623943820884859e-02,1.816173281486488378e-01,4.419850690624365086e-01,-1.412257179055020559e-02,1.816159383689582574e-01,3.886170407261000381e-01,-3.463387908932941128e-02,2.553226898723515159e-01
3.449999999999999289e+00,4.372005952989186928e-01,-1.416373423339520841e-02,1.890135956004717621e-01,4.372012337786863601e-01,-1.416972890397956777e-02,1.890122783893195269e-01,3.929987388863610542e-01,-4.321651156244163405e-02,2.587500252845842397e-01
3.460000000000000853e+00,4.323928812574133196e-01,-1.420256810737726902e-02,1.960284409555130836e-01,4.323935255719199566e-01,-1.420830955716477495e-02,1.960271953497048913e-01,3.839267616640473779e-01,-3.105895635390742981e-02,2.630836420657556296e-01
3.469999999999998863e+00,4.275770520082626813e-01,-1.423335541893499742e-02,2.026780223964055050e-01,4.275777193952947086e-01,-1.423892330703784535e-02,2.026768116704131817e-01,3.761374107821384705e-01,-2.733764276890138234e-02,2.691202997430711674e-01
3.480000000000000426e+00,4.227670626765251960e-01,-1.425667839642544982e-02,2.089784193968231563e-01,4.227677031640095784e-01,-1.426216591473052596e-02,2.089773003288780406e-01,3.724356027339921216e-01,-2.831351659900602225e-02,2.706647570960750704e-01
3.489999999999998437e+00,4.179752193220866996e-01,-1.427308723989912861e-02,2.149455135783917836e-01,4.179758079264390691e-01,-1.427852744975008359e-02,2.149445087785776809e-01,3.695300123079987564e-01,-2.953209034252940457e-02,2.715636198333439832e-01
3.500000000000000000e+00,4.132384026542356703e-01,-1.428325328868793043e-02,2.205745237407579218e-01,4.132390613682444536e-01,-1.428860882758150631e-02,2.205734968584196765e-01,3.686397041715889777e-01,-3.127714253184998849e-02,2.704537276792607914e-01
3.509999999999998010e+00,4.088086145212316835e-01,-1.428835887674546716e-02,2.256779065482133750e-01,4.088096324635723255e-01,-1.429359960959604957e-02,2.256765869181814876e-01,3.679463247634809919e-01,-3.235498917971627031e-02,2.694282772929247338e-01
3.519999999999999574e+00,4.052908761408997029e-01,-1.428966450376606065e-02,2.297440664896488460e-01,4.052922237349018131e-01,-1.429470772500314284e-02,2.297424161113093832e-01,3.682702737509629953e-01,-3.298322250551719015e-02,2.681456473497360049e-01
3.529999999999997584e+00,4.031701011115718658e-01,-1.428745453206176422e-02,2.323102101915955342e-01,4.031731041478859856e-01,-1.429230363718195229e-02,2.323063201646061726e-01,3.695743334360162002e-01,-3.360001860133426943e-02,2.657747788681831258e-01
3.539999999999999147e+00,4.026720371021972888e-01,-1.428271581154787542e-02,2.331534013977438480e-01,4.026740831082102345e-01,-1.428743784440389582e-02,2.331502128956581543e-01,3.720962205575640835e-01,-3.435346837622013649e-02,2.624196991746279295e-01
3.550000000000000711e+00,4.038487303456815281e-01,-1.427589557264697176e-02,2.321943810019898302e-01,4.038479792213816588e-01,-1.428052626028842448e-02,2.321947187461525786e-01,3.757508452564959356e-01,-3.477281380842300873e-02,2.582801088748820639e-01
3.559999999999998721e+00,4.066216327730091118e-01,-1.426620909359335027e-02,2.294342878014513920e-01,4.066200637660747352e-01,-1.427077956618065351e-02,2.294359721961490295e-01,3.811001325381933036e-01,-3.514455541125779958e-02,2.538377809441363375e-01
3.570000000000000284e+00,4.108206497916916389e-01,-1.425161955536098299e-02,2.249183203710340417e-01,4.108186020308298159e-01,-1.425612928401791962e-02,2.249210234189759072e-01,3.873691975505526575e-01,-3.562997187648980768e-02,2.485018352182944978e-01
3.579999999999998295e+00,4.162174285832668796e-01,-1.422915808548442899e-02,2.187168796472475640e-01,4.162161452571414011e-01,-1.423363135898134992e-02,2.187189832990324434e-01,3.945408336673418281e-01,-3.666329595225550908e-02,2.419669006758793373e-01
3.589999999999999858e+00,4.225522628077054144e-01,-1.419536398165279281e-02,2.109169104547519435e-01,4.225529355003297405e-01,-1.419980984240496076e-02,2.109165778735019037e-01,4.022383671915222836e-01,-3.799322343910940813e-02,2.343540891031323792e-01
3.599999999999997868e+00,4.295549006923660706e-01,-1.414671240512375625e-02,2.016184353062394907e-01,4.295578617646882980e-01,-1.415108384982177725e-02,2.016146926229754888e-01,4.149274516438746785e-01,-4.043734174598151432e-02,2.209754182778107534e-01
3.609999999999999432e+00,4.369600064965904473e-01,-1.407996351882411477e-02,1.909331858102966961e-01,4.369666844806286421e-01,-1.408422220204178302e-02,1.909234247943022433e-01,4.252975074136516875e-01,-4.089278050808461962e-02,2.091405388346546657e-01
3.620000000000000995e+00,4.445181633833652501e-01,-1.399241014470844688e-02,1.789836372531077857e-01,4.445283992705876819e-01,-1.399647116902311833e-02,1.789668304035731683e-01,4.345664843118773879e-01,-4.186810775364110948e-02,1.967857632583467353e-01
3.629999999999999005e+00,4.520032684420793867e-01,-1.388202600589548766e-02,1.659016753506690478e-01,4.520167702735441995e-01,-1.388582711925180971e-02,1.658767597821019513e-01,4.441349956107065733e-01,-4.268354322845266391e-02,1.824384017935508639e-01
3.640000000000000568e+00,4.592170634500996607e-01,-1.374752873926659777e-02,1.518266755818183655e-01,4.592338855834400269e-01,-1.375101153256511922e-02,1.517915594586063954e-01,4.535060428328305804e-01,-4.293476909304835831e-02,1.671392818990329321e-01
3.649999999999998579e+00,4.659914251356672699e-01,-1.358837672153311547e-02,1.369030673549838650e-01,4.660086864370625581e-01,-1.359153096201013225e-02,1.368618696196865214e-01,4.630068690373997375e-01,-4.154928759034448582e-02,1.487404863379907516e-01
3.660000000000000142e+00,4.721889307231443289e-01,-1.340471793472485657e-02,1.212775809695625512e-01,4.722048808088494254e-01,-1.340758454509250602e-02,1.212334895099666243e-01,4.701264398812381451e-01,-3.968875792024204041e-02,1.298176130802053407e-01
3.669999999999998153e+00,4.777021243581587862e-01,-1.319730812983233026e-02,1.050964037231146841e-01,4.777168145627818108e-01,-1.319990310594690991e-02,1.050485429635189955e-01,4.774752021513256617e-01,-3.743764533641072423e-02,1.077121815940289551e-01
3.679999999999999716e+00,4.824518366804966818e-01,-1.296741164633303557e-02,8.850244821693017960e-02,4.824644557853459137e-01,-1.296979194887236744e-02,8.845273569585876405e-02,4.826369380995017000e-01,-3.571396369213758470e-02,8.807458090203057477e-02
3.689999999999997726e+00,4.863848491747669867e-01,-1.271669575103593491e-02,7.163289013306349540e-02,4.863946798909589697e-01,-1.271896037617364222e-02,7.158423692897747381e-02,4.859767872964328994e-01,-3.401698266148867056e-02,7.035517551327252761e-02
3.699999999999999289e+00,4.894711437293560730e-01,-1.244712621910883978e-02,5.461708117800563589e-02,4.894782517337010752e-01,-1.244935822930700112e-02,5.457016287858044296e-02,4.893228200520083337e-01,-3.108768824189583890e-02,5.102644568712921824e-02
3.710000000000000853e+00,4.917009333473781330e-01,-1.216086959063142348e-02,3.757489481449462904e-02,4.917057704401557316e-01,-1.216310492771661977e-02,3.752761070976698421e-02,4.915393860190420128e-01,-2.828574970009259393e-02,3.478087003458385507e-02
3.719999999999998863e+00,4.930816306857218057e-01,-1.186020564880623657e-02,2.061552211183183617e-02,4.930840553418300298e-01,-1.186261915433413361e-02,2.057046509508705934e-02,4.932487378526109190e-01,-2.517699927671945836e-02,1.522211168073639431e-02
3.730000000000000426e+00,4.936348762694314773e-01,-1.154745171756936528e-02,3.836703828888421777e-03,4.936351293030969423e-01,-1.155022946188968315e-02,3.794639093443509699e-03,4.939902139557196259e-01,-2.204641289356853995e-02,-1.398136817665096565e-03
3.739999999999998437e+00,4.933937173901983275e-01,-1.122489979144452969e-02,-1.267563707829797402e-02,4.933920641072759294e-01,-1.122809112964392488e-02,-1.271614255815480855e-02,4.940579367488104889e-01,-1.883088785510933505e-02,-1.486982065963671218e-02
3.750000000000000000e+00,4.924000019067777401e-01,-1.089476602090799252e-02,-2.884741254089776344e-02,4.923967939929295712e-01,-1.089843084036516523e-02,-2.888405368095144782e-02,4.936021201940030689e-01,-1.444281130663627177e-02,-3.085946430738606416e-02
3.759999999999998010e+00,4.907020282181763227e-01,-1.055915213094290629e-02,-4.461609320204529272e-02,4.906975965347855628e-01,-1.056309343072928640e-02,-4.464921035643795028e-02,4.924730563572538022e-01,-1.155000336058142896e-02,-4.542668631296675752e-02
3.769999999999999574e+00,4.883524736032846536e-01,-1.022001728413543531e-02,-5.993019849856420084e-02,4.883472007231741130e-01,-1.022404692226576428e-02,-5.995949063729123785e-02,4.907193271153134084e-01,-7.919303947680728095e-03,-5.933864178011327706e-02
3.779999999999997584e+00,4.854066077229384768e-01,-9.879159441828986796e-03,-7.474861038034508187e-02,4.854008126623197139e-01,-9.883108250833112784e-03,-7.477421854244728494e-02,4.880564779779514861e-01,-3.851895086497858500e-03,-7.414666262852409595e-02
3.789999999999999147e+00,4.819207860819574307e-01,-9.538204691783170458e-03,-8.903976392884054014e-02,4.819146131879734063e-01,-9.542000297602179146e-03,-8.906241136995100838e-02,4.858228259566362839e-01,-1.073986970867246704e-03,-8.344705829764853533e-02
3.800000000000000711e+00,4.779512093733278011e-01,-9.198602972141376247e-03,-1.027807618047351934e-01,4.779447753862696158e-01,-9.202218952580680858e-03,-1.028009296167775866e-01,4.807563763880317032e-01,2.408515250359150039e-03,-1.019970705660003807e-01
3.809999999999998721e+00,4.735529284977583186e-01,-8.861629216469456283e-03,-1.159564525088290915e-01,4.735463324738823365e-01,-8.865043781384534735e-03,-1.159744818766745567e-01,4.759418059559794578e-01,4.800000793741487914e-03,-1.163786180027224226e-01
3.820000000000000284e+00,4.687790711239590569e-01,-8.528388562887623259e-03,-1.285585054317977538e-01,4.687723486197566403e-01,-8.531614212810352538e-03,-1.285747822342002966e-01,4.711219163456549230e-01,7.061573023910971969e-03,-1.287884189880567076e-01
3.829999999999998295e+00,4.636802638029392520e-01,-8.199824535565091929e-03,-1.405845084696654701e-01,4.636734703767894650e-01,-8.203092805382566563e-03,-1.405992415031630804e-01,4.646842891552241950e-01,1.084241504322672189e-02,-1.438818705120047392e-01
3.839999999999999858e+00,4.583042230967559472e-01,-7.876729381040628586e-03,-1.520371078043195323e-01,4.582974533212650914e-01,-7.880326939392869046e-03,-1.520503594887421817e-01,4.570961889167501901e-01,1.311728767536990414e-02,-1.597565861464895764e-01
3.849999999999997868e+00,4.526954898871905497e-01,-7.559755839311716949e-03,-1.629232036606767242e-01,4.526887325272099805e-01,-7.563945856478283131e-03,-1.629352302777067885e-01,4.499420031479055559e-01,1.482008778617813216e-02,-1.737501796435996226e-01
3.859999999999999432e+00,4.468952825863165557e-01,-7.249429439782904480e-03,-1.732532109119098163e-01,4.468885349401063856e-01,-7.254146761187642810e-03,-1.732642053589829312e-01,4.396706747405704219e-01,1.651883066666054445e-02,-1.918399036891464959e-01
3.870000000000000995e+00,4.409414467938339577e-01,-6.946161318913098362e-03,-1.830403896039211609e-01,4.409347496668324928e-01,-6.951264827261011831e-03,-1.830504315364551160e-01,4.299372317670021593e-01,1.765255219462155689e-02,-2.067233363935140344e-01
3.879999999999999005e+00,4.348684815143268323e-01,-6.650260697456590597e-03,-1.923002469176182117e-01,4.348617984446594975e-01,-6.655499872512518449e-03,-1.923095254521781650e-01,4.203098424971393188e-01,1.835547368431478255e-02,-2.201267455649361660e-01
3.890000000000000568e+00,4.287076243209503312e-01,-6.361946976570312731e-03,-2.010500098139798575e-01,4.287009384822326741e-01,-6.367234966955324232e-03,-2.010586445411401413e-01,4.111573903213766590e-01,1.845640588902403012e-02,-2.319718061109120599e-01
3.899999999999998579e+00,4.224869803760348264e-01,-6.081361219761039633e-03,-2.093081656448371186e-01,4.224803166849501190e-01,-6.086668740496123560e-03,-2.093161945160653681e-01,3.990319741859440494e-01,1.901704010011370793e-02,-2.459022835392550288e-01
3.910000000000000142e+00,4.162316825694212796e-01,-5.808576834487670995e-03,-2.170940667125216827e-01,4.162250109242487950e-01,-5.813909487239861222e-03,-2.171015937023669240e-01,3.843532534471301165e-01,1.946694038387813963e-02,-2.609454535739321734e-01
3.919999999999998153e+00,4.099640721982066860e-01,-5.543609413925911465e-03,-2.244275939322880609e-01,4.099573837718648028e-01,-5.548979201921254781e-03,-2.244346795528421035e-01,3.750780247321203742e-01,1.951050640226659194e-02,-2.693254938634096485e-01
3.929999999999999716e+00,4.037038916027105850e-01,-5.286425657546102615e-03,-2.313288742639917350e-01,4.036971957972160796e-01,-5.291838626865642825e-03,-2.313355483842497451e-01,3.619512223178896759e-01,1.930155348846157581e-02,-2.803661965680810386e-01
3.939999999999997726e+00,3.974684819013776793e-01,-5.036951428571647370e-03,-2.378180464113196779e-01,3.974617943654475405e-01,-5.042427677257293149e-03,-2.378243273871782082e-01,3.491710615317679123e-01,2.002313344415473928e-02,-2.895088957955449516e-01
3.949999999999999289e+00,3.912729805082946211e-01,-4.795078895635192240e-03,-2.439150693091163835e-01,3.912663181275964908e-01,-4.800609469742217299e-03,-2.439209723489014492e-01,3.405719984754770335e-01,2.056874980300882338e-02,-2.950216288606440918e-01
3.960000000000000853e+00,3.851305143770948347e-01,-4.560672911276656555e-03,-2.496395681372830799e-01,3.851239992300582449e-01,-4.566206432851972752e-03,-2.496450014235861992e-01,3.321623291494704144e-01,2.113215732618395348e-02,-2.997456842918270192e-01
3.969999999999998863e+00,3.790523860462386430e-01,-4.333576501581967375e-03,-2.550107128812215684e-01,3.790460144888050942e-01,-4.339024495816884430e-03,-2.550157186825409705e-01,3.247172100726941624e-01,2.158042271272497814e-02,-3.038008753416572283e-01
3.980000000000000426e+00,3.730482503930564464e-01,-4.113615706085707417e-03,-2.600471248683010606e-01,3.730419253656627743e-01,-4.118867553469165478e-03,-2.600518266715683424e-01,3.189627211532581885e-01,2.207313832163795841e-02,-3.062877410337395689e-01
3.989999999999998437e+00,3.671262807709199105e-01,-3.900603743650747635e-03,-2.647668070998052681e-01,3.671200077487116187e-01,-3.905627796943198556e-03,-2.647712222195819365e-01,3.154777176116205784e-01,2.247698738958867071e-02,-3.075448256275791215e-01
4.000000000000000000e+00,3.613186233787972768e-01,-3.695077367362723311e-03,-2.691784273075581435e-01,3.613128991497450149e-01,-3.699883688873228590e-03,-2.691822739049037905e-01,3.126935690732945972e-01,2.295013522839473019e-02,-3.085491745287703980e-01
4.009999999999998010e+00,3.558864532108632628e-01,-3.504215141610264074e-03,-2.731906646933155991e-01,3.558815584503112195e-01,-3.508804585941347875e-03,-2.731938000654871024e-01,3.115655303686120092e-01,2.343606175400916869e-02,-3.085294231000358378e-01
4.019999999999999574e+00,3.515581946754580134e-01,-3.349087619044521964e-03,-2.764594096258993217e-01,3.515524154869269502e-01,-3.353375251729440263e-03,-2.764624006915951115e-01,3.119260183444653167e-01,2.381026914139808270e-02,-3.078624802457063936e-01
4.029999999999997584e+00,3.489212413653475231e-01,-3.248411089232215894e-03,-2.786086150054669086e-01,3.489156006870434146e-01,-3.252568498499557991e-03,-2.786106717493334051e-01,3.146259628351262272e-01,2.406684190618918473e-02,-3.054392645565759956e-01
4.039999999999999147e+00,3.482393338065530863e-01,-3.211873777390594677e-03,-2.794473901802191906e-01,3.482285394399433631e-01,-3.215718933588048670e-03,-2.794534830272733528e-01,3.184978832677052285e-01,2.395740138459223623e-02,-3.023619374473099919e-01
4.050000000000000711e+00,3.495736435656608965e-01,-3.242981746726216700e-03,-2.788995909782446825e-01,3.495596645613615605e-01,-3.246587151684864319e-03,-2.789084738303642119e-01,3.235100833804267495e-01,2.334708323478923431e-02,-2.990909829824140997e-01
4.059999999999998721e+00,3.528406075802922870e-01,-3.341018048302908834e-03,-2.769456917911271576e-01,3.528258121271956038e-01,-3.344472925868124599e-03,-2.769555485160482555e-01,3.295996139274839365e-01,2.278520483407636688e-02,-2.958216149944591367e-01
4.070000000000000284e+00,3.578593822372473365e-01,-3.502501804868647303e-03,-2.735924773188563863e-01,3.578446811313127363e-01,-3.505859339548579850e-03,-2.736026966710523034e-01,3.398037261498830786e-01,2.155975168766607886e-02,-2.904096158528409743e-01
4.079999999999998295e+00,3.643892275657537039e-01,-3.722230275976215821e-03,-2.688600036992989661e-01,3.643743828523427486e-01,-3.725499183441367736e-03,-2.688709752957992305e-01,3.503204358254972117e-01,2.026819964804904561e-02,-2.844617808185536667e-01
4.089999999999999858e+00,3.721578425817957947e-01,-3.994004864465528458e-03,-2.627779338632073025e-01,3.721429566116933318e-01,-3.997187928041438972e-03,-2.627897465607170746e-01,3.616314232657376060e-01,1.859304461067456948e-02,-2.771914790440296317e-01
4.099999999999997868e+00,3.808821688850845266e-01,-4.311129112864768229e-03,-2.553860505792416302e-01,3.808687135685846492e-01,-4.314315775258144997e-03,-2.553977931789147005e-01,3.735417057045679057e-01,1.747614203766550967e-02,-2.687210896937572979e-01
4.109999999999999432e+00,3.902832411985678873e-01,-4.666747884621650841e-03,-2.467359090837468460e-01,3.902728844159639165e-01,-4.670043706381497156e-03,-2.467457846746328176e-01,3.885761435368008110e-01,1.566268061149853064e-02,-2.564168183998529749e-01
4.120000000000000995e+00,4.000964745408868706e-01,-5.054078734726455066e-03,-2.368920917118708946e-01,4.000897274280726945e-01,-5.057565372591727414e-03,-2.368989474006829021e-01,4.013272939575230902e-01,1.405272525664880146e-02,-2.451208205439417975e-01
4.129999999999999005e+00,4.100785039779537011e-01,-5.466570692570274156e-03,-2.259324631744210887e-01,4.100747240863124032e-01,-5.470321627647984145e-03,-2.259363394914355450e-01,4.166888687142044079e-01,1.251327679983355035e-02,-2.287981875299230916e-01
4.140000000000000568e+00,4.200114299078580027e-01,-5.898013471910946645e-03,-2.139473503031474044e-01,4.200094868078820265e-01,-5.902116068934731841e-03,-2.139491186465386774e-01,4.297566144244557851e-01,1.072682644981887146e-02,-2.134207272134827083e-01
4.149999999999998579e+00,4.297051077044108380e-01,-6.342612200106593698e-03,-2.010378263630580309e-01,4.297045961636175582e-01,-6.347202794279387626e-03,-2.010376954624101542e-01,4.412051114659224504e-01,8.060348486144675029e-03,-1.979987388309890628e-01
4.160000000000000142e+00,4.389979611634590162e-01,-6.795036765039474437e-03,-1.873133749199917819e-01,4.390001134906055813e-01,-6.800265840907080729e-03,-1.873090227190234158e-01,4.525538943730100794e-01,5.705815107047818024e-03,-1.800243907053090675e-01
4.169999999999998153e+00,4.477566854929164175e-01,-7.250452124387200305e-03,-1.728892149302509729e-01,4.477594965796652948e-01,-7.256216273990648107e-03,-1.728832308358978775e-01,4.621218156362335572e-01,3.684040394870469193e-03,-1.617672620783549009e-01
4.179999999999999716e+00,4.558751260280994866e-01,-7.704533095048241367e-03,-1.578835322391038687e-01,4.558775555238136490e-01,-7.710663058205190212e-03,-1.578776184423447138e-01,4.710617185327607981e-01,1.260912274313158443e-03,-1.411334062500279041e-01
4.189999999999997726e+00,4.632725617141500996e-01,-8.153466894281605204e-03,-1.424148101747878814e-01,4.632757468007706048e-01,-8.159905379370032200e-03,-1.424064318102712945e-01,4.768815095505684054e-01,-5.213731919518627134e-04,-1.245341054348009235e-01
4.199999999999999289e+00,4.698915803412447301e-01,-8.593945200305416754e-03,-1.265993970326761697e-01,4.698940341236036433e-01,-8.600502244160429174e-03,-1.265917484998187459e-01,4.822509374483301414e-01,-2.096061073250249374e-03,-1.065356103681739386e-01
4.210000000000000853e+00,4.756956990652009276e-01,-9.023147920243805228e-03,-1.105493989558206658e-01,4.756970817798189533e-01,-9.029804636217275693e-03,-1.105438367044929843e-01,4.876586435779600714e-01,-4.672174462588080113e-03,-8.532695533244605279e-02
4.219999999999998863e+00,4.806668563291551788e-01,-9.438720038256029690e-03,-9.437094506019490237e-02,4.806677915229564113e-01,-9.445541550521262264e-03,-9.436605044549760402e-02,4.908272050184081525e-01,-7.199688240819596130e-03,-6.954411995386688972e-02
4.230000000000000426e+00,4.848028772408237153e-01,-9.838743228812625585e-03,-7.816283917410635218e-02,4.848033758015401484e-01,-9.845718833896293862e-03,-7.815890930618725474e-02,4.936429521737356607e-01,-9.738988675766779846e-03,-5.210015793670286222e-02
4.239999999999998437e+00,4.881149932872482222e-01,-1.022170363859806370e-02,-6.201558822343219979e-02,4.881149683752704083e-01,-1.022875810774141574e-02,-6.201370267520567303e-02,4.957648440881171625e-01,-1.251999997923880503e-02,-3.454043082377578067e-02
4.250000000000000000e+00,4.906254784042693440e-01,-1.058645695809669329e-02,-4.601077999915074990e-02,4.906251492268692282e-01,-1.059348019154770192e-02,-4.601076660805155510e-02,4.966693299222952329e-01,-1.457779102556222561e-02,-2.148009926967375804e-02
4.259999999999998010e+00,4.923654464470491599e-01,-1.093219218040223165e-02,-3.022077262833468281e-02,4.923651043176453523e-01,-1.093916348323690016e-02,-3.022118323482933175e-02,4.972253994685830181e-01,-1.722563434551210859e-02,-7.475963381025962917e-03
4.269999999999999574e+00,4.933728406050130189e-01,-1.125839490783495794e-02,-1.470865169637085648e-02,4.933724766786908300e-01,-1.126529357917446274e-02,-1.471057034637847198e-02,4.970804111573302597e-01,-2.055242580074292946e-02,7.182820393173083851e-03
4.279999999999997584e+00,4.936906326663238476e-01,-1.156481104920841461e-02,4.715912114717268401e-04,4.936903708792909629e-01,-1.157167744922457664e-02,4.680453848574704862e-04,4.963855900655127495e-01,-2.277592865833358293e-02,1.761763743627242640e-02
4.289999999999999147e+00,4.933652395807571756e-01,-1.185141180754708048e-02,1.527470339794680804e-02,4.933651670580742055e-01,-1.185824303958126977e-02,1.527056284989003476e-02,4.951232144244654965e-01,-2.492401919185360804e-02,3.098209880192437371e-02
4.300000000000000711e+00,4.924451564084580402e-01,-1.211836031102840605e-02,2.966368255789981687e-02,4.924453423490154358e-01,-1.212512552250781007e-02,2.965864314693139950e-02,4.935222667167981636e-01,-2.736617962926468639e-02,4.192592247331872191e-02
4.309999999999998721e+00,4.909797982029569519e-01,-1.236598046306770261e-02,4.360919293744438402e-02,4.909803323760605354e-01,-1.237263081339987428e-02,4.360307028684573538e-02,4.909341881382262018e-01,-3.000046692988878050e-02,5.692798763767625836e-02
4.320000000000000284e+00,4.890185384728429341e-01,-1.259472820447694180e-02,5.708892059953481202e-02,4.890194330661963296e-01,-1.260128340449105135e-02,5.708212730932887141e-02,4.885560486153454618e-01,-3.216206364776447169e-02,6.796397459818470654e-02
4.329999999999998295e+00,4.866099287303980447e-01,-1.280516540430330814e-02,7.008689595682102147e-02,4.866112794848416745e-01,-1.281169917476138870e-02,7.007916630335525587e-02,4.851044819487351223e-01,-3.459453813454238524e-02,8.278403693694358356e-02
4.339999999999999858e+00,4.838010814618745603e-01,-1.299793654401456069e-02,8.259280770063799626e-02,4.838029072321438084e-01,-1.300459130331630027e-02,8.258431411734326599e-02,4.812045764333568454e-01,-3.677413649135757856e-02,9.542732741607928837e-02
4.349999999999997868e+00,4.806371980223435036e-01,-1.317374789551252305e-02,9.460132684620584098e-02,4.806395267607881383e-01,-1.318061206310654383e-02,9.459214081484948466e-02,4.770038280440113132e-01,-3.898595817286340526e-02,1.079635928554083524e-01
4.359999999999999432e+00,4.771612227696516717e-01,-1.333334952824977507e-02,1.061114555296929080e-01,4.771640620471479521e-01,-1.334044492496317541e-02,1.061016951442092793e-01,4.723623270115370198e-01,-4.051842594196891634e-02,1.204162359621575584e-01
4.370000000000000995e+00,4.734136053622537421e-01,-1.347751969191271493e-02,1.171259111368689598e-01,4.734168816559676807e-01,-1.348476751972782148e-02,1.171159030942886259e-01,4.651712209493784611e-01,-4.252395412786041939e-02,1.381330421143024401e-01
4.379999999999999005e+00,4.694321541174373835e-01,-1.360705158537200976e-02,1.276505530824580403e-01,4.694358120393324341e-01,-1.361434456701291450e-02,1.276404880274993603e-01,4.584515332941021537e-01,-4.383538332900793755e-02,1.527977952103192205e-01
4.390000000000000568e+00,4.652519646862267599e-01,-1.372274216431218670e-02,1.376938566950718368e-01,4.652559587665534013e-01,-1.372995240021724316e-02,1.376838557519877715e-01,4.527827557628395505e-01,-4.491042027805899894e-02,1.640893212944247725e-01
4.399999999999998579e+00,4.609054097842673059e-01,-1.382538298132592915e-02,1.472664364100538803e-01,4.609096752297792143e-01,-1.383238179160128055e-02,1.472566374712863946e-01,4.468556942860900660e-01,-4.566961108002590142e-02,1.751648564979073619e-01
4.409999999999996589e+00,4.564221773474588240e-01,-1.391575277607829189e-02,1.563806186153941513e-01,4.564266713410356502e-01,-1.392239901905217847e-02,1.563710870006678466e-01,4.376850692764990836e-01,-4.642002731290259532e-02,1.903549976497639351e-01
4.420000000000001705e+00,4.518293460927655381e-01,-1.399461152916811439e-02,1.650500631054908351e-01,4.518341929629360321e-01,-1.400082137758334490e-02,1.650405233381190551e-01,4.291298103523650820e-01,-4.603912250245259519e-02,2.033102252058350823e-01
4.429999999999999716e+00,4.471514890055967584e-01,-1.406269585616028335e-02,1.732894310838174745e-01,4.471566464248841188e-01,-1.406841256063469554e-02,1.732799619410526348e-01,4.214811348568539007e-01,-3.593689865650318005e-02,2.181724375740308197e-01
4.439999999999997726e+00,4.424107967426197940e-01,-1.412071558616583358e-02,1.811140969313925764e-01,4.424162071604169633e-01,-1.412594295615817938e-02,1.811047856943401868e-01,4.091466395657277211e-01,-2.333692014436866691e-02,2.399759016230962327e-01
4.449999999999995737e+00,4.376272142866069470e-01,-1.416935134146384521e-02,1.885399004947405643e-01,4.376329767200574650e-01,-1.417418775982008140e-02,1.885305597273214395e-01,4.028110157958493254e-01,-2.262134863174031230e-02,2.459460911245751058e-01
4.460000000000000853e+00,4.328185854018258283e-01,-1.420925291465230389e-02,1.955829363938842436e-01,4.328243904334020398e-01,-1.421387946341912296e-02,1.955740313640800254e-01,3.970141749467709369e-01,-2.239864259475246588e-02,2.513905611571759513e-01
4.469999999999998863e+00,4.280008005034210417e-01,-1.424103828198592867e-02,2.022593767633886763e-01,4.280067991771292490e-01,-1.424564102581845140e-02,2.022506284244205976e-01,3.940048966295887078e-01,-2.331278421565435854e-02,2.521913286874372107e-01
4.479999999999996874e+00,4.231879444685275882e-01,-1.426529324034146382e-02,2.085853238778132002e-01,4.231939486251597993e-01,-1.427014446278923425e-02,2.085769610227116155e-01,3.917285930849315756e-01,-2.435353448802460297e-02,2.529820308653325522e-01
4.489999999999994884e+00,4.183924417260377338e-01,-1.428257154093637814e-02,2.145766892273663629e-01,4.183981554394627378e-01,-1.428795003913176966e-02,2.145690539259744734e-01,3.900618979344472326e-01,-2.563583325886231723e-02,2.532259087569638245e-01
4.499999999999992895e+00,4.136468496487032964e-01,-1.429351808695960430e-02,2.202321053332816081e-01,4.136525593486117813e-01,-1.429934137328061836e-02,2.202248274392011596e-01,3.889138717406369627e-01,-2.630211901461970703e-02,2.527966708139841590e-01
4.509999999999998010e+00,4.091770715190418128e-01,-1.429926995596559301e-02,2.253867575838137127e-01,4.091840874539987571e-01,-1.430539061718207397e-02,2.253783422756182320e-01,3.883550418195439446e-01,-2.671203806047775520e-02,2.526007332447830489e-01
4.519999999999996021e+00,4.055900954442186457e-01,-1.430111692406330418e-02,2.295308848972405780e-01,4.055974580345213520e-01,-1.430741557715477230e-02,2.295216945478805726e-01,3.887338763674438313e-01,-2.720450740820945512e-02,2.512070525870540028e-01
4.529999999999994031e+00,4.033850090183335735e-01,-1.429923543304053440e-02,2.321875122151308146e-01,4.033892384728034464e-01,-1.430563539818019772e-02,2.321818078605684954e-01,3.903665022622010428e-01,-2.783234361855085881e-02,2.484994073924587932e-01
4.539999999999992042e+00,4.027969050075194124e-01,-1.429460782079842833e-02,2.331251938293152359e-01,4.027968676735581566e-01,-1.430105532245937866e-02,2.331244849973203859e-01,3.926352640971838559e-01,-2.851169170094638994e-02,2.450987381827967049e-01
4.549999999999997158e+00,4.038851232323499851e-01,-1.428774126690503764e-02,2.322599716720564755e-01,4.038830571683011406e-01,-1.429419067092766067e-02,2.322615647286043750e-01,3.957421976147991183e-01,-2.908306047087311219e-02,2.408615008191867801e-01
4.559999999999995168e+00,4.065764349803888122e-01,-1.427792941800903360e-02,2.295905488277056872e-01,4.065733344339417243e-01,-1.428434777686960616e-02,2.295933144089398470e-01,4.002225834887535028e-01,-2.953499132197695554e-02,2.366858631316236528e-01
4.569999999999993179e+00,4.107043053186622550e-01,-1.426320617055681049e-02,2.251608976770224924e-01,4.107003081794927679e-01,-1.426956908714104889e-02,2.251648067057154812e-01,4.058523377185236924e-01,-3.008118159101225153e-02,2.306182490788258876e-01
4.579999999999991189e+00,4.160424730772674384e-01,-1.424065387701949417e-02,2.190407565169856796e-01,4.160374990265239270e-01,-1.424694551486714068e-02,2.190461137723081764e-01,4.156569708626250970e-01,-2.972092495993944317e-02,2.202604142655185671e-01
4.589999999999996305e+00,4.223321611516832053e-01,-1.420684086583742615e-02,2.113166215703663753e-01,4.223274949887720897e-01,-1.421303824415870616e-02,2.113218244611236307e-01,4.254310086488987119e-01,-3.019664190650001023e-02,2.079723422255085330e-01
4.599999999999994316e+00,4.293031662553590255e-01,-1.415825156113562598e-02,2.020881241282141971e-01,4.292993008915646502e-01,-1.416432890459391400e-02,2.020924657916842171e-01,4.337967633391768274e-01,-2.920019904778772823e-02,1.978239927389555675e-01
4.609999999999992326e+00,4.366895620128538047e-01,-1.409164018927769844e-02,1.914666172387192167e-01,4.366857871340601993e-01,-1.409758174062059055e-02,1.914712281840996733e-01,4.439194265999526490e-01,-2.772563711817377374e-02,1.844651311786056347e-01
4.619999999999997442e+00,4.442409005565768343e-01,-1.400428336194323338e-02,1.795742213801480580e-01,4.442363820899139504e-01,-1.401008563969261163e-02,1.795807333162049990e-01,4.535718101759457221e-01,-2.691154806367471175e-02,1.688584280065587029e-01
4.629999999999995453e+00,4.517297667720287513e-01,-1.389413295907638776e-02,1.665425229664346807e-01,4.517241820100012517e-01,-1.389979519320012381e-02,1.665520226827661432e-01,4.632064545268730349e-01,-2.554540245782041530e-02,1.511540507869477690e-01
4.639999999999993463e+00,4.589564343624721321e-01,-1.375988275395289596e-02,1.525106863313856753e-01,4.589497828656161071e-01,-1.376543046081406783e-02,1.525238798546572905e-01,4.698764132111187264e-01,-2.447101097076126441e-02,1.369031417913253446e-01
4.649999999999998579e+00,4.657512530677386797e-01,-1.360096793739138180e-02,1.376230419976721964e-01,4.657441780546475174e-01,-1.360641284837275401e-02,1.376392424116562596e-01,4.767502802489548275e-01,-2.268301426821336952e-02,1.193131676051003565e-01
4.659999999999989484e+00,4.719752877146923264e-01,-1.341751581357330560e-02,1.220263460311897946e-01,4.719683799067835861e-01,-1.342279074012846414e-02,1.220447476894964411e-01,4.825535891728216509e-01,-2.109253995137536086e-02,1.008057387032285090e-01
4.669999999999994600e+00,4.775196387682602572e-01,-1.321026503130781106e-02,1.058669371686972865e-01,4.775132310967423188e-01,-1.321527157585782215e-02,1.058871071502126837e-01,4.870877575068641718e-01,-1.948964905157440919e-02,8.171660448259632226e-02
4.679999999999999716e+00,4.823038000085261290e-01,-1.298046689396906324e-02,8.928799680478073653e-02,4.822980508697198854e-01,-1.298510587740066280e-02,8.930990648656150777e-02,4.901778210280608450e-01,-1.779560418609466010e-02,6.438004593666524222e-02
4.689999999999990621e+00,4.862733477864732423e-01,-1.272977978708611686e-02,7.242707173854238956e-02,4.862684837042677843e-01,-1.273397269435441563e-02,7.245033533092989919e-02,4.927323796495217678e-01,-1.645709838066933273e-02,4.536453802079254416e-02
4.699999999999995737e+00,4.893972047371351053e-01,-1.246016437684619761e-02,5.541396793030037987e-02,4.893934083119653722e-01,-1.246386268635094226e-02,5.543806911678637178e-02,4.940783792003925479e-01,-1.421930371516746949e-02,2.940609687108963755e-02
4.709999999999993747e+00,4.916646759655990406e-01,-1.217378570746524211e-02,3.836907527395997525e-02,4.916620120214976741e-01,-1.217696956067062554e-02,3.839385718638035211e-02,4.951009551053776603e-01,-1.228524842093048353e-02,1.122090259980079718e-02
4.719999999999991758e+00,4.930824163533885085e-01,-1.187292486292473512e-02,2.140214231101828998e-02,4.930809650674706779e-01,-1.187561063352817088e-02,2.142683681766879497e-02,4.953166289745217776e-01,-1.030275843898070809e-02,-4.896015524070929104e-03
4.729999999999996874e+00,4.936714523936625576e-01,-1.155990293753873278e-02,4.611488568237611871e-03,4.936711861368537901e-01,-1.156213001857748189e-02,4.635544611773428914e-03,4.951228095522387518e-01,-7.819735075579398176e-03,-1.840004126336103329e-02
4.739999999999994884e+00,4.934643510864871740e-01,-1.123701740593130265e-02,-1.191638065045215467e-02,4.934651836585365881e-01,-1.123885232208711969e-02,-1.189308490620659929e-02,4.943069347492012877e-01,-5.945105349966728348e-03,-3.235833730833459487e-02
4.749999999999992895e+00,4.925026013002588576e-01,-1.090649127409526638e-02,-2.810680628076231424e-02,4.925044780285598445e-01,-1.090798991404509644e-02,-2.808384205988969165e-02,4.928922453235342616e-01,-3.816893143841898484e-03,-4.817976733857420868e-02
4.759999999999998010e+00,4.908342499340164755e-01,-1.057043383779577260e-02,-4.389671152754712202e-02,4.908370687329078885e-01,-1.057158345563033279e-02,-4.387454213820774634e-02,4.912427530045990753e-01,-1.435495992625629436e-03,-5.972273193870802910e-02
4.769999999999996021e+00,4.885118159103462587e-01,-1.023081232893131159e-02,-5.923410113246797837e-02,4.885155997376415260e-01,-1.023161806649340762e-02,-5.921209247341052001e-02,4.889439755421325362e-01,1.027298014688010630e-03,-7.217243269112250115e-02
4.779999999999994031e+00,4.855904894440259412e-01,-9.889432890269906490e-03,-7.407738175139083614e-02,4.855950405772223588e-01,-9.889846831749166817e-03,-7.405635608948467341e-02,4.863417857338850903e-01,3.710275389182587924e-03,-8.379156661756936852e-02
4.789999999999999147e+00,4.821266118906022968e-01,-9.547929486752563741e-03,-8.839455673474738706e-02,4.821318722526965472e-01,-9.548042475911691640e-03,-8.837436603915260758e-02,4.834130894537473910e-01,5.758715666672326039e-03,-9.518703304722941905e-02
4.799999999999990052e+00,4.781764224659805773e-01,-9.207759633210656908e-03,-1.021623426409852264e-01,4.781821931219750743e-01,-9.207702691339645154e-03,-1.021433834579909272e-01,4.802192216098865041e-01,7.605843006710216736e-03,-1.059749077881785295e-01
4.809999999999995168e+00,4.737950517521826721e-01,-8.870205381338045272e-03,-1.153652480320878221e-01,4.738011500353789818e-01,-8.870208279004764690e-03,-1.153477248154890777e-01,4.751798562333984233e-01,8.917727241054024256e-03,-1.204711470889057168e-01
4.819999999999993179e+00,4.690357381854378116e-01,-8.536378251979448439e-03,-1.279946473814217167e-01,4.690421485678154534e-01,-8.536618185223837293e-03,-1.279782632478952686e-01,4.699365187786437303e-01,9.923810626754792086e-03,-1.338541224264404583e-01
4.829999999999991189e+00,4.639492413048405539e-01,-8.207227562717120395e-03,-1.400478768343145219e-01,4.639557560735056985e-01,-8.207816555615910642e-03,-1.400328916101350185e-01,4.637410609604173395e-01,1.029176836595460665e-02,-1.482362220244072271e-01
4.839999999999996305e+00,4.585834254471413129e-01,-7.883550614755483951e-03,-1.515273711681973945e-01,4.585900784569045818e-01,-7.884513225154566110e-03,-1.515134561532119339e-01,4.580829703321481761e-01,1.181558413224445547e-02,-1.601060551907618201e-01
4.849999999999994316e+00,4.529829878346298133e-01,-7.566004466589151302e-03,-1.624398563371720339e-01,4.529896354267138880e-01,-7.567265748121269897e-03,-1.624271227210765944e-01,4.515182609399540636e-01,1.250398259690721492e-02,-1.725965477684586746e-01
4.859999999999992326e+00,4.471893066938373296e-01,-7.255118387310173153e-03,-1.727956066120380774e-01,4.471959313037829342e-01,-7.256664147273206127e-03,-1.727839070459571136e-01,4.435726281243499436e-01,1.265597483599717465e-02,-1.867302799084791243e-01
4.869999999999997442e+00,4.412403869291777747e-01,-6.951306570737956006e-03,-1.826077714527395146e-01,4.412470086744194053e-01,-6.953117026347426823e-03,-1.825969257044109395e-01,4.344624723963517177e-01,1.246401148802311898e-02,-2.011071833588684576e-01
4.879999999999995453e+00,4.351708832317628950e-01,-6.654880664831398437e-03,-1.918917739046885895e-01,4.351774221536081622e-01,-6.656977750122258265e-03,-1.918817965192427255e-01,4.268991233833984156e-01,1.196182868427719814e-02,-2.122288628185965420e-01
4.889999999999993463e+00,4.290121829093549444e-01,-6.366062000779825446e-03,-2.006647798143798567e-01,4.290186672784264688e-01,-6.368429571609142935e-03,-2.006555215656020130e-01,4.174334001251709392e-01,1.138514341599453084e-02,-2.247197787539881864e-01
4.899999999999998579e+00,4.227925332660156243e-01,-6.084993092111786427e-03,-2.089452351834286403e-01,4.227988287676773260e-01,-6.087571487931734901e-03,-2.089368029330270216e-01,4.096467483300676449e-01,1.077822567691247291e-02,-2.343262661260862023e-01
4.909999999999989484e+00,4.165372006503237912e-01,-5.811748332800999693e-03,-2.167524677224016427e-01,4.165433446444857246e-01,-5.814461369792579305e-03,-2.167447223181748206e-01,4.000657741857389649e-01,9.883141139771900452e-03,-2.451237768524099359e-01
4.919999999999994600e+00,4.102686504711476889e-01,-5.546343977397981580e-03,-2.241063477959595318e-01,4.102745045178510241e-01,-5.549051224433530077e-03,-2.240993940810599439e-01,3.900363956646502039e-01,8.673669112624821098e-03,-2.555633313065059919e-01
4.929999999999999716e+00,4.040067395621952384e-01,-5.288747014506317047e-03,-2.310270033939236800e-01,4.040123685019029187e-01,-5.291368980561280896e-03,-2.310206859309446026e-01,3.802761994737633433e-01,7.832691364116101118e-03,-2.642720053680566172e-01
4.939999999999990621e+00,3.977689138886958409e-01,-5.038883364805561704e-03,-2.375345836752037476e-01,3.977742140395001402e-01,-5.041337035374949399e-03,-2.375289601642587567e-01,3.730895217558191090e-01,7.643401969332636048e-03,-2.700718748581931727e-01
4.949999999999995737e+00,3.915704062728038726e-01,-4.796645020826538833e-03,-2.436490655533188610e-01,3.915754514833315048e-01,-4.798905347039892494e-03,-2.436439923105234440e-01,3.649114753022134616e-01,6.462419586533540983e-03,-2.761949352620755027e-01
4.959999999999993747e+00,3.854244299920941419e-01,-4.561896456710497726e-03,-2.493900980691768909e-01,3.854291518720218135e-01,-4.563985003933093872e-03,-2.493855958610392831e-01,3.572745005264043039e-01,5.115663610127635375e-03,-2.817030870784050789e-01
4.969999999999991758e+00,3.793423652842624616e-01,-4.334480159015719793e-03,-2.547768795472005188e-01,3.793468266938261335e-01,-4.336418680328859958e-03,-2.547728368662162679e-01,3.537788453442763936e-01,4.902560993196802830e-03,-2.834756329319280121e-01
4.979999999999996874e+00,3.733339366265236436e-01,-4.114221528989244273e-03,-2.598280629426136246e-01,3.733380627939278384e-01,-4.116059497734573212e-03,-2.598245103112047372e-01,3.488016970410379169e-01,4.582003333868406303e-03,-2.860075563810586807e-01
4.989999999999994884e+00,3.674073794478047161e-01,-3.900933041987952703e-03,-2.645616851712850326e-01,3.674111682589202288e-01,-3.902687789109416001e-03,-2.645585845580559203e-01,3.464125436947560477e-01,4.232325360209121534e-03,-2.871332409512011852e-01
4.999999999999992895e+00,3.615985452137099876e-01,-3.695257395726837552e-03,-2.689851602677160725e-01,3.616021965562981055e-01,-3.696923497782649698e-03,-2.689823395225868774e-01,3.444677041650430205e-01,3.763138914222308173e-03,-2.882393972049891451e-01
5.009999999999998010e+00,3.561896610963183329e-01,-3.504993565832123428e-03,-2.729962021702582731e-01,3.561938119599754038e-01,-3.506590294083775095e-03,-2.729932487649080475e-01,3.441666940861783930e-01,3.414612347587248076e-03,-2.875915994873515791e-01
5.019999999999996021e+00,3.519060669660198371e-01,-3.351217875683796827e-03,-2.762462397032921513e-01,3.519105830200368601e-01,-3.352771651681668748e-03,-2.762427630492006458e-01,3.457588579674297780e-01,3.399497537944995429e-03,-2.856143074787267366e-01
5.029999999999994031e+00,3.493228788110282479e-01,-3.252322110535142870e-03,-2.783656886771010974e-01,3.493276224546961739e-01,-3.253780291663962466e-03,-2.783615248163148204e-01,3.483957246297952892e-01,3.129656177576156662e-03,-2.831481437771919962e-01
5.039999999999999147e+00,3.486965821444299451e-01,-3.217769917277870512e-03,-2.791681048190602921e-01,3.486975667814536939e-01,-3.219054019170400349e-03,-2.791671044699143844e-01,3.521580860975801475e-01,2.669078525485313325e-03,-2.800657069230798601e-01
5.049999999999990052e+00,3.500832415281512344e-01,-3.250910891476797848e-03,-2.785797898443537757e-01,3.500827176125171913e-01,-3.252146499450493580e-03,-2.785801391566842256e-01,3.571205694267945985e-01,2.084577775206236661e-03,-2.756380283907056139e-01
5.059999999999995168e+00,3.533958904954143665e-01,-3.350922593927444220e-03,-2.765826093585400658e-01,3.533952487685864674e-01,-3.352143731399451557e-03,-2.765831188073856750e-01,3.633185931090352483e-01,8.245364542092958882e-04,-2.717397375645695945e-01
5.069999999999993179e+00,3.584515999442726142e-01,-3.514255229370148292e-03,-2.731842785403677532e-01,3.584509546958036807e-01,-3.515447097982040119e-03,-2.731848560360661260e-01,3.717679195479510756e-01,-3.591855301046664728e-05,-2.663726528188695708e-01
5.079999999999991189e+00,3.650085344568104739e-01,-3.735662777757412130e-03,-2.684056449083526141e-01,3.650078180370014969e-01,-3.736825969566836148e-03,-2.684063574205202141e-01,3.798000222751631849e-01,-1.540254439005739329e-03,-2.604631124871582548e-01
5.089999999999996305e+00,3.727940235369696653e-01,-4.008921218907097669e-03,-2.622771635288483338e-01,3.727944568183598761e-01,-4.010100649355302985e-03,-2.622767986365505677e-01,3.893969500008169771e-01,-4.960514941023758118e-03,-2.527385665047705565e-01
5.099999999999994316e+00,3.815251610131852877e-01,-4.327320977436760821e-03,-2.548394433085487409e-01,3.815271525003978148e-01,-4.328505338746111743e-03,-2.548373997696176674e-01,3.982414584041810146e-01,-6.463759923695550080e-03,-2.449761069881408737e-01
5.109999999999992326e+00,3.909235011526956405e-01,-4.684002466716255531e-03,-2.461448794336926205e-01,3.909261157546670140e-01,-4.685130621785129484e-03,-2.461419400307355010e-01,4.084486134397550261e-01,-7.619602901007022089e-03,-2.350798952711684597e-01
5.119999999999997442e+00,4.007252296707571881e-01,-5.072185035769599844e-03,-2.362588677563549344e-01,4.007272497051567184e-01,-5.073203176677350788e-03,-2.362563620068887094e-01,4.211766455504274420e-01,-8.949206744104765132e-03,-2.212275897765093591e-01
5.129999999999995453e+00,4.106879154617334993e-01,-5.485324060669439714e-03,-2.252600185090034568e-01,4.106885009138340203e-01,-5.486207518273061509e-03,-2.252591287567723699e-01,4.317903621527070523e-01,-9.926625481662787465e-03,-2.086644105674372307e-01
5.139999999999993463e+00,4.205946882606167447e-01,-5.917218970001174999e-03,-2.132393022644234748e-01,4.205936099502146086e-01,-5.917986531739739993e-03,-2.132407138543354619e-01,4.416808973041633779e-01,-1.072009173630789070e-02,-1.950118690993691839e-01
5.149999999999998579e+00,4.302564756471172758e-01,-6.362087129170461430e-03,-2.002983115350199794e-01,4.302544288664222893e-01,-6.362791345193818428e-03,-2.003014185649887591e-01,4.507572989095642857e-01,-1.206656669139644089e-02,-1.811724840008329673e-01
5.159999999999989484e+00,4.395127752449389247e-01,-6.814612589564575384e-03,-1.865469131210672482e-01,4.395102474792031977e-01,-6.815280226647407388e-03,-1.865511943626928237e-01,4.617891624660014349e-01,-1.271481707907665126e-02,-1.617338079268231255e-01
5.169999999999994600e+00,4.482313256328325779e-01,-7.269975611248491627e-03,-1.721005713452142538e-01,4.482281968974774489e-01,-7.270583820442103745e-03,-1.721063869875311403e-01,4.693324535979791490e-01,-1.370367803226624215e-02,-1.454587992509700500e-01
5.179999999999999716e+00,4.563069604173370375e-01,-7.723867192460758847e-03,-1.570775854839272512e-01,4.563034555809980519e-01,-7.724414109379162605e-03,-1.570848790573035059e-01,4.762359767530532917e-01,-1.498228028243583920e-02,-1.273203321313280956e-01
5.189999999999990621e+00,4.636598736452008374e-01,-8.172491001438323896e-03,-1.415964317637517789e-01,4.636560694762231760e-01,-8.172928975068738736e-03,-1.416054021337119218e-01,4.810945417587170203e-01,-1.525637081966862985e-02,-1.119609231784081116e-01
5.199999999999995737e+00,4.702334824725904472e-01,-8.612555222996143289e-03,-1.257733459907024731e-01,4.702295232068665620e-01,-8.612844928587031629e-03,-1.257841112213713419e-01,4.860303867191306804e-01,-1.593615604473563874e-02,-9.365171934766036710e-02
5.209999999999993747e+00,4.759920400891585190e-01,-9.041255804506855009e-03,-1.097202334004398483e-01,4.759885544614945174e-01,-9.041405299526098990e-03,-1.097314083465793511e-01,4.893339023891953854e-01,-1.665221926055521218e-02,-7.816789254768330419e-02
5.219999999999991758e+00,4.809181240557172665e-01,-9.456253228096959257e-03,-9.354295160739474480e-02,4.809149223389534988e-01,-9.456268661113887905e-03,-9.355525630443151108e-02,4.921261004239885217e-01,-1.794130626721621158e-02,-6.263167472092123766e-02
5.229999999999996874e+00,4.850101016742585092e-01,-9.855643780001211926e-03,-7.733997963513340734e-02,4.850077073491359525e-01,-9.855675929675787247e-03,-7.735141345524051970e-02,4.946272172659246236e-01,-2.695831876130905247e-02,-4.326060845872903293e-02
5.239999999999994884e+00,4.882796524348417266e-01,-1.023792722273410109e-02,-6.120146262240280105e-02,4.882778763156851998e-01,-1.023811570563772956e-02,-6.121242871743186320e-02,4.953593912063377624e-01,-1.916013110311531875e-02,-2.769826246106776857e-02
5.249999999999992895e+00,4.907494090323015756e-01,-1.060197171590557090e-02,-4.520860424951664985e-02,4.907483067811169164e-01,-1.060253238001333462e-02,-4.521809613359319135e-02,4.964010776549021564e-01,-2.041752830455631496e-02,-1.385943683531221104e-02
5.259999999999998010e+00,4.924507613620415225e-01,-1.094697752732800254e-02,-2.943336907686751672e-02,4.924501613498370456e-01,-1.094801618288057492e-02,-2.944160634279092623e-02,4.972120815482763412e-01,-2.085208722553064109e-02,3.300538139732744902e-03
5.269999999999996021e+00,4.934218535582607923e-01,-1.127244026112193820e-02,-1.393845039506428143e-02,4.934216311703655822e-01,-1.127400738673575709e-02,-1.394546660107681170e-02,4.969910591285466861e-01,-2.094949183428279627e-02,1.613774263224954097e-02
5.279999999999994031e+00,4.937057914826180061e-01,-1.157811464147192118e-02,1.222542187485317925e-03,4.937058355207442073e-01,-1.158012675512263938e-02,1.216988153265388456e-03,4.960481430386550761e-01,-2.136634096392020510e-02,3.131040724539280173e-02
5.289999999999999147e+00,4.933490677755593690e-01,-1.186397942453161838e-02,1.600472100160723124e-02,4.933492826053067493e-01,-1.186642082256054997e-02,1.599991546743137136e-02,4.947968682383777628e-01,-2.137934484756570663e-02,4.408611988111610369e-02
5.299999999999990052e+00,4.924002032116162608e-01,-1.213020416914918111e-02,3.037142641497771883e-02,4.924004794996127421e-01,-1.213306733885026294e-02,3.036788639052684369e-02,4.928704844481113234e-01,-2.196772960720849710e-02,5.398073946000181422e-02
5.309999999999995168e+00,4.909085966472286344e-01,-1.237711806370950761e-02,4.429363963992739850e-02,4.909088861566285877e-01,-1.238045304120429305e-02,4.429089679779872613e-02,4.904549593838337662e-01,-2.222743801904097927e-02,6.788518200080340126e-02
5.319999999999993179e+00,4.889235710805876489e-01,-1.260518139001320578e-02,5.774933564853385048e-02,4.889237573274221593e-01,-1.260905045198494959e-02,5.774769239547000721e-02,4.872506061936590083e-01,-2.167972165861609124e-02,8.458563268870555873e-02
5.329999999999991189e+00,4.864936001655839615e-01,-1.281495941616550907e-02,7.072280467668998205e-02,4.864936433740682520e-01,-1.281925707065312628e-02,7.072204660644895724e-02,4.840817531425032350e-01,-2.251599619640326511e-02,9.599868463362359883e-02
5.339999999999996305e+00,4.836656974466087555e-01,-1.300709916441715290e-02,8.320396604349755698e-02,4.836655431800280791e-01,-1.301168329861106254e-02,8.320405624130637612e-02,4.810675145477903980e-01,-2.238356554557729972e-02,1.070804562900394830e-01
5.349999999999994316e+00,4.804849497840275596e-01,-1.318230876067289815e-02,9.518769282489991657e-02,4.804845350689688210e-01,-1.318694460142173612e-02,9.518865987471672452e-02,4.774890333056469593e-01,-2.286963745597631048e-02,1.186804984598276436e-01
5.359999999999992326e+00,4.769941762935093199e-01,-1.334133949941733975e-02,1.066731618290706202e-01,4.769935815277631108e-01,-1.334590340302023448e-02,1.066745547415667711e-01,4.720985625873284075e-01,-2.290253245185588926e-02,1.337753833851093033e-01
5.369999999999997442e+00,4.732336947383931069e-01,-1.348497030371834104e-02,1.176632393180329084e-01,4.732328075478888230e-01,-1.348937018948752169e-02,1.176653051130369249e-01,4.674990188035069716e-01,-2.289811310510034281e-02,1.452954660381984286e-01
5.379999999999995453e+00,4.692411783180868157e-01,-1.361399452689326245e-02,1.281639096506959619e-01,4.692399728248865531e-01,-1.361820192185739589e-02,1.281665972262166775e-01,4.622445349034335349e-01,-2.287999424600509202e-02,1.565754902297419315e-01
5.389999999999993463e+00,4.650515871397842838e-01,-1.372920896508398290e-02,1.381837512136400159e-01,4.650501526556417020e-01,-1.373324224826318572e-02,1.381867377387109019e-01,4.574351599089031550e-01,-2.262038918946487898e-02,1.664913430378461845e-01
5.399999999999998579e+00,4.606971602128038246e-01,-1.383140467450059974e-02,1.477334617047382503e-01,4.606953886248563168e-01,-1.383526712295532479e-02,1.477369444081902405e-01,4.521897793301845603e-01,-2.258981492767145327e-02,1.766419356803824448e-01
5.409999999999989484e+00,4.562074553645870667e-01,-1.392135964951072245e-02,1.568254330843834032e-01,4.562053559820659632e-01,-1.392497401120679386e-02,1.568293295641325080e-01,4.473417861097381820e-01,-2.210588479066413758e-02,1.848185649676303832e-01
5.419999999999994600e+00,4.516094261406744526e-01,-1.399983288932063301e-02,1.654733750739656728e-01,4.516070735985352469e-01,-1.400301475311626492e-02,1.654775002305002018e-01,4.413519047132686834e-01,-2.177380114978294534e-02,1.946799327909443100e-01
5.429999999999999716e+00,4.469275262495395196e-01,-1.406755994263344904e-02,1.736919851195134479e-01,4.469248956108926030e-01,-1.407017685295881317e-02,1.736963701938648019e-01,4.352469079348560976e-01,-2.102744383189686372e-02,2.036019050441961742e-01
5.439999999999990621e+00,4.421838336363297373e-01,-1.412524941441696893e-02,1.814966619827402539e-01,4.421810441293990701e-01,-1.412717796027346956e-02,1.815010815208057127e-01,4.296260015143914535e-01,-2.050385269920529385e-02,2.109212090947714113e-01
5.449999999999995737e+00,4.373981875302057620e-01,-1.417358068046995975e-02,1.889032597276196768e-01,4.373952589111559930e-01,-1.417487095797627383e-02,1.889076780015510604e-01,4.250256235074671984e-01,-1.974405090936842688e-02,2.165928598163823215e-01
5.459999999999993747e+00,4.325883331075034421e-01,-1.421320216628229986e-02,1.959278785644098797e-01,4.325853537559057327e-01,-1.421392117087268321e-02,1.959321599879847997e-01,4.210222102529032062e-01,-1.960258024805244803e-02,2.202146136062411719e-01
5.469999999999991758e+00,4.277700693735883575e-01,-1.424473052789446484e-02,2.025866889909278268e-01,4.277671144505421630e-01,-1.424499385622588626e-02,2.025907341780301962e-01,4.161227615120094425e-01,-1.778629175700727205e-02,2.259358765694120530e-01
5.479999999999996874e+00,4.229573968794614336e-01,-1.426875023088769109e-02,2.088957856565173132e-01,4.229544437626797659e-01,-1.426874065146549464e-02,2.088996307930415519e-01,4.136954460923418786e-01,-1.736270085841759570e-02,2.273205593792169132e-01
5.489999999999994884e+00,4.181626626095480415e-01,-1.428581370103250078e-02,2.148710675376551971e-01,4.181596662187226365e-01,-1.428563270236091372e-02,2.148747842017385001e-01,4.116153661440012934e-01,-1.666339031940067272e-02,2.287106079853600260e-01
5.499999999999992895e+00,4.134193400265893104e-01,-1.429657090705978642e-02,2.205104313183735565e-01,4.134164148868118005e-01,-1.429626825433461153e-02,2.205139064887619571e-01,4.107080212209892611e-01,-1.592415104017144700e-02,2.287565355241293341e-01
5.509999999999998010e+00,4.089591616026000409e-01,-1.430216674594513709e-02,2.256442618076963114e-01,4.089567271675493276e-01,-1.430178289483096180e-02,2.256470658706845323e-01,4.107043219772540388e-01,-1.541097729505042091e-02,2.275692002392688540e-01
5.519999999999996021e+00,4.053890467903523143e-01,-1.430388064324848198e-02,2.297628481212128648e-01,4.053853183783036052e-01,-1.430343947297850297e-02,2.297664597209758131e-01,4.113047433174366052e-01,-1.463891481294954389e-02,2.258085061083630052e-01
5.529999999999994031e+00,4.032051902779519859e-01,-1.430190768259342188e-02,2.323925787801021381e-01,4.032015401379806518e-01,-1.430141042803641412e-02,2.323952712972581214e-01,4.132819604227123689e-01,-1.387082062051048226e-02,2.226804919979334940e-01
5.539999999999999147e+00,4.026406482383117491e-01,-1.429722697413936261e-02,2.333038972812245537e-01,4.026315589805806727e-01,-1.429672027973542293e-02,2.333129165030487229e-01,4.153880770403659550e-01,-1.344258789786545449e-02,2.194940568194678754e-01
5.549999999999990052e+00,4.037530928329446933e-01,-1.429032866550051725e-02,2.324137778239487584e-01,4.037406183708266982e-01,-1.428983339746437743e-02,2.324270420658349767e-01,4.190386682208628866e-01,-1.293198529353523085e-02,2.139297850077277463e-01
5.559999999999995168e+00,4.064680260707528858e-01,-1.428048571543645041e-02,2.297212832930502213e-01,4.064546687003972592e-01,-1.428000530571451286e-02,2.297359696073658364e-01,4.230729515341995484e-01,-1.196095052311188511e-02,2.088866890624939687e-01
5.569999999999993179e+00,4.106180185600380450e-01,-1.426571353478226639e-02,2.252704399918025180e-01,4.106047747177759555e-01,-1.426525362271504477e-02,2.252855476395495826e-01,4.290376277352605516e-01,-1.120989905053809688e-02,2.021606606173730336e-01
5.579999999999991189e+00,4.159762356485018353e-01,-1.424308097886383719e-02,2.191309024509626724e-01,4.159630570221999335e-01,-1.424264778566985620e-02,2.191467427652024347e-01,4.362027404527764052e-01,-1.023913382828917085e-02,1.931518651643325812e-01
5.589999999999996305e+00,4.222835839206777186e-01,-1.420914852249264768e-02,2.113890408265670651e-01,4.222704528905237287e-01,-1.420874713225024621e-02,2.114058928247083968e-01,4.426606626361909713e-01,-1.050963043118824380e-02,1.846632142891350137e-01
5.599999999999994316e+00,4.292697394719748316e-01,-1.416039784244135617e-02,2.021443648332096332e-01,4.292569716174166605e-01,-1.416002827145908770e-02,2.021620142057487801e-01,4.484248661607740383e-01,-1.068981701296806142e-02,1.759167404380096444e-01
5.609999999999992326e+00,4.366687975691629364e-01,-1.409358455175224907e-02,1.915081278357100847e-01,4.366575674590732481e-01,-1.409322390256245380e-02,1.915248208194393342e-01,4.533815597636164929e-01,-9.905389907371803249e-03,1.686360912518403143e-01
5.619999999999997442e+00,4.442304305291859823e-01,-1.400598962017707630e-02,1.796023740917796763e-01,4.442207122993014901e-01,-1.400562179741694953e-02,1.796180321003056080e-01,4.600742370249533142e-01,-9.923142088959030493e-03,1.572724204749120780e-01
5.629999999999995453e+00,4.517274075316820015e-01,-1.389557110991595720e-02,1.665586316970615877e-01,4.517181361500788306e-01,-1.389521051111480138e-02,1.665752234331094317e-01,4.701465036714490564e-01,-1.027850433762153570e-02,1.364523862488455919e-01
5.639999999999993463e+00,4.589602242450918634e-01,-1.376103002774074942e-02,1.525160169872138427e-01,4.589510127462830824e-01,-1.376068388102720010e-02,1.525346419936728370e-01,4.776655660490508604e-01,-1.031371682660781053e-02,1.178886196174397938e-01
5.649999999999998579e+00,4.657594702354407312e-01,-1.360180896043066898e-02,1.376188158019595875e-01,4.657500457938808514e-01,-1.360148166053675063e-02,1.376406891763246321e-01,4.825748652469755706e-01,-1.046522196597193810e-02,1.031446264393970358e-01
5.659999999999989484e+00,4.719864534452098970e-01,-1.341804240864291446e-02,1.220137375879590397e-01,4.719772059061279057e-01,-1.341773198798646913e-02,1.220387116016959095e-01,4.870187925326796563e-01,-9.659718719796817066e-03,8.678206495583107305e-02
5.669999999999994600e+00,4.775325103710730823e-01,-1.321047563611126366e-02,1.058470692349546272e-01,4.775240911699861202e-01,-1.321015742195603276e-02,1.058739498225698267e-01,4.904363795964523653e-01,-9.450767576195506781e-03,7.008675057923585694e-02
5.679999999999999716e+00,4.823173566457552575e-01,-1.298036573396125527e-02,8.926193354918851575e-02,4.823100993718447693e-01,-1.298002698038742617e-02,8.928999582596573725e-02,4.923510320024826470e-01,-9.416342109969555452e-03,5.341054656080346241e-02
5.689999999999990621e+00,4.862867717572310067e-01,-1.272937588406535675e-02,7.239581187880640700e-02,4.862808480926613108e-01,-1.272900587954563928e-02,7.242458777405665071e-02,4.943367656064696636e-01,-8.951510640602844404e-03,3.815445141605300350e-02
5.699999999999995737e+00,4.894098601705709761e-01,-1.245947079746969471e-02,5.537843880052505802e-02,4.894053767345031281e-01,-1.245905637613413733e-02,5.540747389689600066e-02,4.948653110001667299e-01,-8.906407708466484996e-03,2.519347481527012267e-02
5.709999999999993747e+00,4.916760864898558347e-01,-1.217281850778978783e-02,3.833012830939540316e-02,4.916729432509668873e-01,-1.217234922643124426e-02,3.836026404767933079e-02,4.954763813709263109e-01,-8.842992623483425518e-03,6.292150508711014112e-03
5.719999999999991758e+00,4.930922428078862163e-01,-1.187170232170916585e-02,2.136055034886268078e-02,4.930905847734840530e-01,-1.187115529900413004e-02,2.139057051451856428e-02,4.956172499939336396e-01,-8.513021439440965343e-03,-7.152058055744148213e-03
5.729999999999996874e+00,4.936794714246571236e-01,-1.155844478694870170e-02,4.567944953097010166e-03,4.936792454180637946e-01,-1.155785752201110399e-02,4.598534253326194698e-03,4.951771344216058246e-01,-7.838758768990677916e-03,-2.051959442914264020e-02
5.739999999999994884e+00,4.934704351700142100e-01,-1.123534425245626377e-02,-1.196126121509293386e-02,4.934716117965555204e-01,-1.123476620256448275e-02,-1.193156676507287767e-02,4.940687779312169514e-01,-7.300938296772807590e-03,-3.586379223140190309e-02
5.749999999999992895e+00,4.925067005502903328e-01,-1.090462394727165739e-02,-2.815248544783606824e-02,4.925091691485546930e-01,-1.090421790507766116e-02,-2.812368633011887858e-02,4.930073350510137953e-01,-6.601740440785486275e-03,-4.738915615005501181e-02
5.759999999999998010e+00,4.908363758769560548e-01,-1.056839305613590900e-02,-4.394272370690345542e-02,4.908399514718663204e-01,-1.056831224816895398e-02,-4.391547983222432450e-02,4.914938267050205090e-01,-5.822890257971446992e-03,-5.836578649701373855e-02
5.769999999999996021e+00,4.885120272974517452e-01,-1.022861833443337518e-02,-5.928004900185316478e-02,4.885164802077076041e-01,-1.022897984724293295e-02,-5.925481592006666409e-02,4.895593765706579559e-01,-4.947563475890093265e-03,-6.942708307548572932e-02
5.779999999999994031e+00,4.855888800570741237e-01,-9.887105102669616064e-03,-7.412293112918336146e-02,4.855941286816145008e-01,-9.887925051880406754e-03,-7.409921122321841414e-02,4.874836763646791526e-01,-4.201409018495000369e-03,-7.967018139173576152e-02
5.789999999999999147e+00,4.821233002697040693e-01,-9.545486391575415050e-03,-8.843943098387595236e-02,4.821290815876285718e-01,-9.546622228046936637e-03,-8.841772947221726575e-02,4.851464789764672325e-01,-3.115264161403841214e-03,-8.950463801710628609e-02
5.799999999999990052e+00,4.781715433663203396e-01,-9.205218657765907100e-03,-1.022063170049415243e-01,4.781778462810393759e-01,-9.206596403020973415e-03,-1.021860710284751006e-01,4.825100685145521373e-01,-2.280808821122803920e-03,-9.946272953117463178e-02
5.809999999999995168e+00,4.737887492515976962e-01,-8.867582711533631215e-03,-1.154081438302390072e-01,4.737953565913865517e-01,-8.869066446365975534e-03,-1.153896205454232604e-01,4.791680456918697706e-01,-1.652830375159702880e-03,-1.105841696778669947e-01
5.819999999999993179e+00,4.690281601253957211e-01,-8.533688918946114726e-03,-1.280363265431974651e-01,4.690350234177160238e-01,-8.535279517424386106e-03,-1.280192593944943225e-01,4.749831179981580664e-01,-1.661503838083167039e-03,-1.222121331376784248e-01
5.829999999999991189e+00,4.639405350304989240e-01,-8.204485330586231209e-03,-1.400882365476849023e-01,4.639475293213227158e-01,-8.206159599218392983e-03,-1.400726247817614400e-01,4.703949363109060089e-01,-1.915574086284649313e-03,-1.339357861607292088e-01
5.839999999999996305e+00,4.585737345352828842e-01,-7.880768086909420433e-03,-1.515663389848726783e-01,4.585806994866520880e-01,-7.882458666706268491e-03,-1.515522659507028413e-01,4.659296239071819556e-01,-1.401471320213953931e-03,-1.443297991164316230e-01
5.849999999999994316e+00,4.529724497452387588e-01,-7.563193051198321797e-03,-1.624773856036775266e-01,4.529794343661978639e-01,-7.564804539461868031e-03,-1.624645001512227127e-01,4.609231295715487953e-01,-1.725788169048364518e-03,-1.552302134718697157e-01
5.859999999999992326e+00,4.471780511117192103e-01,-7.252288410253884647e-03,-1.728316723746308736e-01,4.471848827977244478e-01,-7.253648166815151663e-03,-1.728201161551361220e-01,4.544005222044064096e-01,-2.470182341796939296e-03,-1.683773836849030703e-01
5.869999999999997442e+00,4.412285347231373889e-01,-6.948467279064990572e-03,-1.826423667570687692e-01,4.412353307962793014e-01,-6.949512878280251181e-03,-1.826317522460321197e-01,4.483903358613925416e-01,-3.577694205807668837e-03,-1.795371127461548033e-01
5.879999999999995453e+00,4.351585458541458173e-01,-6.652040358847427157e-03,-1.919249065501581197e-01,4.351651475219271425e-01,-6.652705830425658003e-03,-1.919153634576157286e-01,4.425359952520138140e-01,-4.427855206863562376e-03,-1.894835059318646930e-01
5.889999999999993463e+00,4.289994621861442647e-01,-6.363228056255857898e-03,-2.006964694882398537e-01,4.290059628351701737e-01,-6.363641800134484453e-03,-2.006877211784340032e-01,4.344137471257026872e-01,-5.883510456878460193e-03,-2.018446777302570494e-01
5.899999999999998579e+00,4.227795214513627164e-01,-6.082172045118472599e-03,-2.089755109893872975e-01,4.227857606201479435e-01,-6.082535603149756727e-03,-2.089676836912864322e-01,4.272238169595330426e-01,-7.043959162099378002e-03,-2.120753044228728124e-01
5.909999999999989484e+00,4.165239806857690685e-01,-5.808945971903530132e-03,-2.167813660590799385e-01,4.165300106216876519e-01,-5.809453410597097134e-03,-2.167742835135492707e-01,4.186312596889082416e-01,-7.956182148068174920e-03,-2.230230203966850899e-01
5.919999999999994600e+00,4.102552964040857564e-01,-5.543565363396025375e-03,-2.241339105439700274e-01,4.102610008455937485e-01,-5.544399284224029931e-03,-2.241276356198423081e-01,4.128272100737798711e-01,-8.735888213416614922e-03,-2.297138586538348681e-01
5.929999999999999716e+00,4.039933170425433762e-01,-5.285996605142413013e-03,-2.310532764017903806e-01,4.039987298478207034e-01,-5.287161958022183576e-03,-2.310476872132575799e-01,4.048104091885279532e-01,-9.709271884553227761e-03,-2.384013343551116826e-01
5.939999999999990621e+00,3.977554807476008092e-01,-5.036165014429826690e-03,-2.375596154830912909e-01,3.977605547433835098e-01,-5.037573161106649773e-03,-2.375547005886037011e-01,3.965172073167100297e-01,-1.129495099686916859e-02,-2.471118488555190673e-01
5.949999999999995737e+00,3.915570131132219966e-01,-4.793962081990042062e-03,-2.436729063496667624e-01,3.915617756747173939e-01,-4.795429841677692311e-03,-2.436685763958733875e-01,3.915323447404189805e-01,-1.191545271373850579e-02,-2.516418293754930646e-01
5.959999999999993747e+00,3.854111208005756573e-01,-4.559251801351391770e-03,-2.494127988315653632e-01,3.854155714512693121e-01,-4.560601692041179635e-03,-2.494090042459080336e-01,3.840590669470056451e-01,-1.327578928183129059e-02,-2.579426984493173869e-01
5.969999999999991758e+00,3.793291780226035748e-01,-4.331876266207092957e-03,-2.547984913544029673e-01,3.793333275967525897e-01,-4.333053586539883408e-03,-2.547951754249769829e-01,3.784323273954240952e-01,-1.373723286223038631e-02,-2.622493241674948017e-01
5.979999999999996874e+00,3.733209038151611425e-01,-4.111660491899612677e-03,-2.598486364216040512e-01,3.733246957870781091e-01,-4.112731529459590432e-03,-2.598458105840090737e-01,3.741813516571032006e-01,-1.393442489901766668e-02,-2.651771545620166259e-01
5.989999999999994884e+00,3.673945287118537961e-01,-3.898416624965914557e-03,-2.645812700677858675e-01,3.673980155779168477e-01,-3.899432925034935354e-03,-2.645788457608168609e-01,3.713083910345227334e-01,-1.393935853385352974e-02,-2.668037523324315874e-01
5.999999999999992895e+00,3.615883382649905942e-01,-3.692857832571649120e-03,-2.690029678332871432e-01,3.615916057043927490e-01,-3.693764811343070407e-03,-2.690008417617084091e-01,3.693338662300835740e-01,-1.377461359769982518e-02,-2.678246221032229979e-01
6.009999999999998010e+00,3.561986290282843637e-01,-3.503193998823166035e-03,-2.730043086214947734e-01,3.562022283562373270e-01,-3.504100796477288646e-03,-2.730020981564401650e-01,3.678121404358859481e-01,-1.399009123647504405e-02,-2.685770137724237117e-01
6.019999999999996021e+00,3.519489134983906919e-01,-3.350499418755672337e-03,-2.762342063203441778e-01,3.519528106551000346e-01,-3.351497991134717858e-03,-2.762314707449836093e-01,3.681499667465536474e-01,-1.357862452284189225e-02,-2.677793805368077207e-01
6.029999999999994031e+00,3.494063091430398282e-01,-3.252946834635017832e-03,-2.783276463835162584e-01,3.494103726123078957e-01,-3.253932020153903031e-03,-2.783242378415208829e-01,3.694978987426339456e-01,-1.316188875250548507e-02,-2.658654996981161256e-01
6.039999999999999147e+00,3.488224834088294868e-01,-3.219849793021248817e-03,-2.791011786193700051e-01,3.488229579224396693e-01,-3.220594835819378353e-03,-2.791007625803897940e-01,3.714825251201708811e-01,-1.319439024543828110e-02,-2.638265338485389355e-01
6.049999999999990052e+00,3.502500377668423259e-01,-3.254454192016601344e-03,-2.784826461881611537e-01,3.502487373208544863e-01,-3.254957829598722346e-03,-2.784837954983201413e-01,3.747674322450559314e-01,-1.295538410917382310e-02,-2.607024256255952022e-01
6.059999999999995168e+00,3.535996533208564108e-01,-3.355868751022162994e-03,-2.764546777351910567e-01,3.535971075308675937e-01,-3.356184828247550309e-03,-2.764570178341049234e-01,3.794793723579638067e-01,-1.237256072674275398e-02,-2.572320518223158992e-01
6.069999999999993179e+00,3.586869271129859982e-01,-3.520499858035841881e-03,-2.730254038671515726e-01,3.586843027523419769e-01,-3.520378971411833573e-03,-2.730279836653285441e-01,3.843885085774731980e-01,-1.284066081537560411e-02,-2.539897830970210268e-01
6.079999999999991189e+00,3.652692191301585289e-01,-3.743075223263836893e-03,-2.682159801672647226e-01,3.652551606978374221e-01,-3.742070168569774577e-03,-2.682276951409175991e-01,3.906859199836398844e-01,-1.530988860356666259e-02,-2.496857009017577900e-01
6.089999999999996305e+00,3.730735485807927243e-01,-4.017356538203178777e-03,-2.620571733567739758e-01,3.730461305590287990e-01,-4.015502578836160213e-03,-2.620811831557710581e-01,4.002137338547065992e-01,-1.599765873193004229e-02,-2.412234986889868482e-01
6.099999999999994316e+00,3.818170547431736228e-01,-4.336628236050679361e-03,-2.545899410002135377e-01,3.817729456869448090e-01,-4.333905468461039800e-03,-2.546313666430504719e-01,4.080927486840029150e-01,-1.588385174689324608e-02,-2.337271912646089467e-01
6.109999999999992326e+00,3.912215869404008783e-01,-4.694030338027900887e-03,-2.458670569288699537e-01,3.911736812024033116e-01,-4.691035684627011849e-03,-2.459160464674233493e-01,4.176672201804412232e-01,-1.508974920869737835e-02,-2.236544955403187984e-01
6.119999999999997442e+00,4.010237953512314490e-01,-5.082785769441908012e-03,-2.359543019481517845e-01,4.009806332981990518e-01,-5.079936519965274136e-03,-2.360026447648705950e-01,4.255643354598783734e-01,-1.526651874633450090e-02,-2.149630768928857405e-01
6.129999999999995453e+00,4.109818222755511896e-01,-5.496356217770797907e-03,-2.249306508043526220e-01,4.109496115615249301e-01,-5.494017628018555907e-03,-2.249705226449495166e-01,4.358761168081726201e-01,-1.488202649455910853e-02,-2.023527850098423286e-01
6.139999999999993463e+00,4.208794338833610760e-01,-5.928549428731856412e-03,-2.128873952119076374e-01,4.208591702197548856e-01,-5.926842432613785815e-03,-2.129153460233891570e-01,4.454348461754031874e-01,-1.506609662693902951e-02,-1.892202419540726099e-01
6.149999999999998579e+00,4.305282221505604690e-01,-6.373592430669875603e-03,-1.999263890229653340e-01,4.305163300894630507e-01,-6.372400312652997528e-03,-1.999447706339105568e-01,4.532443833369140807e-01,-1.481327315577568582e-02,-1.771434946220563633e-01
6.159999999999989484e+00,4.397683501582966281e-01,-6.826179855900739099e-03,-1.861576910887191294e-01,4.397617019232604729e-01,-6.825372980123166344e-03,-1.861693293293176510e-01,4.635920319914293986e-01,-1.447439828921376348e-02,-1.587102543973297752e-01
6.169999999999994600e+00,4.484682025064677391e-01,-7.281503124644526405e-03,-1.716968852011024060e-01,4.484653714041015871e-01,-7.281023872870241546e-03,-1.717027604951611164e-01,4.704118163383430584e-01,-1.467893604788128581e-02,-1.439971799618939841e-01
6.179999999999999716e+00,4.565232240709085065e-01,-7.735264678076149425e-03,-1.566623192072837123e-01,4.565239387858779363e-01,-7.735140974112150042e-03,-1.566615387322189412e-01,4.767937105736298475e-01,-1.471851622445000118e-02,-1.276591499952669517e-01
6.189999999999990621e+00,4.638541744177831494e-01,-8.183679600481077315e-03,-1.411724523273901744e-01,4.638564173816788205e-01,-8.183878411530218222e-03,-1.411678720756543159e-01,4.817222427051784939e-01,-1.377489253286545701e-02,-1.127064965858545209e-01
6.199999999999995737e+00,4.704049830771773189e-01,-8.623467257829288413e-03,-1.253434455543357418e-01,4.704078112839020220e-01,-8.624079817885836954e-03,-1.253364690833349837e-01,4.857799117482665130e-01,-1.380201252328866479e-02,-9.806735118314369171e-02
6.209999999999993747e+00,4.761403580797171631e-01,-9.051834473741493872e-03,-1.092870807505897102e-01,4.761438792795372188e-01,-9.052964926764692916e-03,-1.092766270229491576e-01,4.898439098486078169e-01,-1.379288105628961869e-02,-8.034199390730945023e-02
6.219999999999991758e+00,4.810432725688766342e-01,-9.466451946206598175e-03,-9.310905320758766646e-02,4.810468221922646892e-01,-9.468079585568969087e-03,-9.309632520811746137e-02,4.919246509439738624e-01,-1.382509339315760033e-02,-6.857924803922976764e-02
6.229999999999996874e+00,4.851124303749769773e-01,-9.865425611684403365e-03,-7.690765047763220563e-02,4.851154727983694182e-01,-9.867437290032853373e-03,-7.689418374480404272e-02,4.947360864104083378e-01,-1.356495399541868263e-02,-5.016530741646074709e-02
6.239999999999994884e+00,4.883597904691155955e-01,-1.024726405621301413e-02,-6.077280602584101549e-02,4.883621887424075547e-01,-1.024951776389609708e-02,-6.075916805664760556e-02,4.963851730569908138e-01,-1.341977594137475083e-02,-3.480054641603802512e-02
6.249999999999992895e+00,4.908082111192953456e-01,-1.061084352682297414e-02,-4.478550007148400514e-02,4.908099258208261095e-01,-1.061326930826654753e-02,-4.477208873773884379e-02,4.973404676954248371e-01,-1.320056249902917811e-02,-2.208911934044166525e-02
6.259999999999998010e+00,4.924892580283722898e-01,-1.095537153031480790e-02,-2.901746905092062942e-02,4.924902700973370351e-01,-1.095797159430196913e-02,-2.900504655267381257e-02,4.980197955086153039e-01,-1.253013917512840747e-02,-7.489842653693679075e-03
6.269999999999996021e+00,4.934412060658912025e-01,-1.128035005951621463e-02,-1.353117953044053433e-02,4.934416085271529639e-01,-1.128319925559631565e-02,-1.351998682806832518e-02,4.981731894960611529e-01,-1.237709342305590154e-02,3.621229617396304334e-03
6.279999999999994031e+00,4.937072517695171858e-01,-1.158553941067560177e-02,1.619979220610700838e-03,4.937071632310339742e-01,-1.158864420297815202e-02,1.629754545157965180e-03,4.978210331954191492e-01,-1.194410789188626865e-02,1.801829112304853542e-02
6.289999999999999147e+00,4.933339435245857607e-01,-1.187092313025102895e-02,1.639132958634048620e-02,4.933334715894450717e-01,-1.187424757617866651e-02,1.640016222337947402e-02,4.970002949550137439e-01,-1.135896276259118487e-02,3.042644684955453371e-02
6.299999999999990052e+00,4.923698279509603482e-01,-1.213667480180555432e-02,3.074640896125382938e-02,4.923690338558623925e-01,-1.214010843333876953e-02,3.075460818959791648e-02,4.957679738697100547e-01,-1.222148773679015976e-02,4.151170842854090548e-02
6.309999999999995168e+00,4.908643046994463632e-01,-1.238312695179838614e-02,4.465638040916072166e-02,4.908632399561829174e-01,-1.238659031281133527e-02,4.466400688867677715e-02,4.938328650537234799e-01,-1.229595136538150224e-02,5.562895277390855764e-02
6.319999999999993179e+00,4.888666769897274667e-01,-1.261074257253935564e-02,5.809938457005520834e-02,4.888653769188662235e-01,-1.261416786910163519e-02,5.810654092607923232e-02,4.916227695464912006e-01,-1.112906165924862356e-02,6.933908664901988761e-02
6.329999999999991189e+00,4.864253822590665632e-01,-1.282008904128796589e-02,7.105986052591911628e-02,4.864238754248715324e-01,-1.282345645907815093e-02,7.106660950129478627e-02,4.887188558677634242e-01,-1.044211522186580532e-02,8.172918117796268422e-02
6.339999999999996305e+00,4.835873850928775752e-01,-1.301181494156612717e-02,8.352785962240719120e-02,4.835857106855908638e-01,-1.301512104324923334e-02,8.353418106551654954e-02,4.863061839630831162e-01,-1.033191546121073334e-02,9.229618002107675689e-02
6.349999999999994316e+00,4.803977138972655436e-01,-1.318662957305826930e-02,9.549837056352723785e-02,4.803958958399008883e-01,-1.318996196977584474e-02,9.550429266759062619e-02,4.831047890162875058e-01,-1.006022996510405609e-02,1.039267070432069451e-01
6.359999999999992326e+00,4.768991226664326399e-01,-1.334528496780817801e-02,1.069706700863733845e-01,4.768971480330942425e-01,-1.334882380680497277e-02,1.069763159846096601e-01,4.790706675791154279e-01,-9.809422555548147349e-03,1.169443268769794209e-01
6.369999999999997442e+00,4.731318597703556561e-01,-1.348856044667593422e-02,1.179477096343935216e-01,4.731297335791537773e-01,-1.349248779708217896e-02,1.179531076224090286e-01,4.748877185976806414e-01,-1.003519996200771813e-02,1.284786422055509414e-01
6.379999999999995453e+00,4.691335267464600833e-01,-1.361724948557589687e-02,1.284355450949985489e-01,4.691312574793322643e-01,-1.362164093418406427e-02,1.284407139629575867e-01,4.707304754851078243e-01,-9.995458451572986069e-03,1.392802616782725655e-01
6.389999999999993463e+00,4.649390114156694565e-01,-1.373214876732360874e-02,1.384428139085038811e-01,4.649365881005128043e-01,-1.373693129331989699e-02,1.384478263573288570e-01,4.659299039157470679e-01,-1.010248117282444569e-02,1.492401498838499263e-01
6.399999999999998579e+00,4.605804811969755330e-01,-1.383404903151947730e-02,1.479802615656556908e-01,4.605779139345313467e-01,-1.383909179894274831e-02,1.479851315345030727e-01,4.622214329410238021e-01,-1.020504776029029781e-02,1.573891408221560484e-01
6.409999999999989484e+00,4.560874240552874048e-01,-1.392372780012831983e-02,1.570603177698152997e-01,4.560847386768347445e-01,-1.392885528645134395e-02,1.570650271367443340e-01,4.575959801987962150e-01,-1.020788521816509697e-02,1.672997462651792944e-01
6.419999999999994600e+00,4.514867261826564504e-01,-1.400194350512125666e-02,1.656967211118869909e-01,4.514838902282128918e-01,-1.400699113310158520e-02,1.657013685709482764e-01,4.518795932897656797e-01,-1.018510066193822894e-02,1.778765009962250954e-01
6.429999999999999716e+00,4.468027770236008278e-01,-1.406943097789948617e-02,1.739041901448825089e-01,4.467998344706990421e-01,-1.407429029828041397e-02,1.739087125767827813e-01,4.473879511930313191e-01,-9.759106279831952779e-03,1.855314761998920758e-01
6.439999999999990621e+00,4.420575937269469735e-01,-1.412689812348220421e-02,1.816981380298361703e-01,4.420545613012578090e-01,-1.413152701855457764e-02,1.817025264737329726e-01,4.421077579409197211e-01,-9.868041387853854207e-03,1.934453146757992847e-01
6.449999999999995737e+00,4.372709584552287310e-01,-1.417502349493145880e-02,1.890944274747339837e-01,4.372678608964353786e-01,-1.417944722796114776e-02,1.890986547486061820e-01,4.369862790745245862e-01,-9.928203086277120892e-03,2.005021485837253925e-01
6.459999999999993747e+00,4.324605631603209432e-01,-1.421445470826069972e-02,1.961091624631803310e-01,4.324574200842979388e-01,-1.421871406317996162e-02,1.961132149942149683e-01,4.326509612336469912e-01,-1.012941555231738899e-02,2.052909816963265355e-01
6.469999999999991758e+00,4.276421575008873543e-01,-1.424580757414888738e-02,2.027585131814595154e-01,4.276389926375065431e-01,-1.424995509165463518e-02,2.027623689870151069e-01,4.283069497247334878e-01,-9.835978494698027763e-03,2.110274632536881523e-01
6.479999999999996874e+00,4.228296965056488887e-01,-1.426966575828619507e-02,2.090585705893899804e-01,4.228265312325619196e-01,-1.427369201552984232e-02,2.090622194275782442e-01,4.247425112813643100e-01,-9.640785371562071715e-03,2.136382328178625389e-01
6.489999999999994884e+00,4.180354853650236069e-01,-1.428658087520569449e-02,2.150252272142904042e-01,4.180322627051086259e-01,-1.429043898002275471e-02,2.150287639400670359e-01,4.215422571187456002e-01,-9.128422646934253315e-03,2.176730884047167747e-01
6.499999999999992895e+00,4.132956240861390684e-01,-1.429721794475663672e-02,2.206543196283273778e-01,4.132924163185017763e-01,-1.430086940181310266e-02,2.206576714190995880e-01,4.194351503959429239e-01,-8.938642804919016971e-03,2.195339695182066952e-01
6.509999999999998010e+00,4.088575312932236638e-01,-1.430273205120808494e-02,2.257624217241609721e-01,4.088558573651681627e-01,-1.430621050579698218e-02,2.257640410182108759e-01,4.189504093136414697e-01,-9.515508928696819746e-03,2.185819857191138027e-01
6.519999999999996021e+00,4.053267246403788882e-01,-1.430434501815643425e-02,2.298384824710827390e-01,4.053256353146035829e-01,-1.430766647607487063e-02,2.298386474123386147e-01,4.189512962429153831e-01,-9.793882531648256951e-03,2.173742518194005102e-01
6.529999999999994031e+00,4.031907349706035926e-01,-1.430229246868815196e-02,2.324173314115132727e-01,4.031862827162056573e-01,-1.430546678836888165e-02,2.324210322426170927e-01,4.194394378962829073e-01,-9.840191620946292517e-03,2.160315641684467103e-01
6.539999999999999147e+00,4.026770088430144945e-01,-1.429754961339392907e-02,2.332745265149292202e-01,4.026682593919787556e-01,-1.430058368804084865e-02,2.332831785046887152e-01,4.204878263770593927e-01,-9.730952238545698130e-03,2.141138471828794021e-01
6.549999999999990052e+00,4.038389024152124751e-01,-1.429057241813480768e-02,2.323299072022455003e-01,4.038280994936092050e-01,-1.429348077372373862e-02,2.323409708453315070e-01,4.226839973740164069e-01,-9.642485226493441308e-03,2.102711934222551982e-01
6.559999999999995168e+00,4.065988088051337157e-01,-1.428059368027848053e-02,2.295840751301372329e-01,4.065869771426436352e-01,-1.428340049827410418e-02,2.295965438540952253e-01,4.258764613072864025e-01,-9.596505724051129782e-03,2.065472969376749290e-01
6.569999999999993179e+00,4.107872457363090923e-01,-1.426559607830863059e-02,2.250818905764895017e-01,4.107745800061073371e-01,-1.426821654484931347e-02,2.250958261835498408e-01,4.305997980544957748e-01,-9.334956079266681916e-03,2.006378038966792898e-01
6.579999999999991189e+00,4.161761961343147243e-01,-1.424262870314707552e-02,2.188935139346956382e-01,4.161626933418845486e-01,-1.424493160562338191e-02,2.189092831302880959e-01,4.363988927073776392e-01,-9.804609994705865139e-03,1.937008791428511678e-01
6.589999999999996305e+00,4.225060679693886101e-01,-1.420824607449720951e-02,2.111056939712646352e-01,4.224928557779955018e-01,-1.421031880414242062e-02,2.111220687582421318e-01,4.429973738430368346e-01,-1.118996034759528468e-02,1.844802785824712910e-01
6.599999999999994316e+00,4.295065541912512219e-01,-1.415893574115949412e-02,2.018182795721359946e-01,4.294941915040926261e-01,-1.416107628619670163e-02,2.018346171449068582e-01,4.479714387260472774e-01,-1.170128651875124159e-02,1.774125876161071202e-01
6.609999999999992326e+00,4.369121398223265174e-01,-1.409146801623463278e-02,1.911428468990159502e-01,4.369001160808569373e-01,-1.409384975443595152e-02,1.911601030226925679e-01,4.540081794567945028e-01,-1.233115110737689757e-02,1.683178820340400783e-01
6.619999999999997442e+00,4.444731434699868422e-01,-1.400314424190083999e-02,1.792017380343330080e-01,4.444608303831595331e-01,-1.400567976321434593e-02,1.792213285908277887e-01,4.629170543135000537e-01,-1.354300212365228129e-02,1.523264596975191232e-01
6.629999999999995453e+00,4.519631442159022239e-01,-1.389194574637083596e-02,1.661267341733861647e-01,4.519504273170733555e-01,-1.389444813355848220e-02,1.661494589844607628e-01,4.676364327728632642e-01,-1.455530476426902808e-02,1.422149112960732209e-01
6.639999999999993463e+00,4.591835381534776772e-01,-1.375659735281877308e-02,1.520571404784748781e-01,4.591708001256963878e-01,-1.375894780430150961e-02,1.520829167579407226e-01,4.756039588887056579e-01,-1.587341687720639216e-02,1.237672150143178662e-01
6.649999999999998579e+00,4.659658490862652602e-01,-1.359656434549190614e-02,1.371373533588549631e-01,4.659536533615321052e-01,-1.359876341681892989e-02,1.371655525606463866e-01,4.806883885083725882e-01,-1.604304495011929510e-02,1.095861827271910061e-01
6.659999999999989484e+00,4.721723097942002734e-01,-1.341200169163907219e-02,1.215141078448551681e-01,4.721609528743928030e-01,-1.341407644033239081e-02,1.215444787046812830e-01,4.850694168108911075e-01,-1.657580971928554470e-02,9.476404580492581164e-02
6.669999999999994600e+00,4.776951401680684661e-01,-1.320367216780092556e-02,1.053336316202941325e-01,4.776849291775691064e-01,-1.320571028760892524e-02,1.053658278278151172e-01,4.890126267860632758e-01,-1.676782197916243389e-02,7.825159789437052815e-02
6.679999999999999716e+00,4.824548750040310585e-01,-1.297284712028419842e-02,8.873890935254746815e-02,4.824457008420822701e-01,-1.297486109389535229e-02,8.877390878548423181e-02,4.919430755206094519e-01,-1.756204900411492686e-02,6.035677504184389086e-02
6.689999999999990621e+00,4.863980336182750497e-01,-1.272120068861137994e-02,7.186721522656210059e-02,4.863903149342520549e-01,-1.272320665598154071e-02,7.190424331852811324e-02,4.933691180435467727e-01,-1.783291585894886122e-02,4.522260992860760442e-02
6.699999999999995737e+00,4.894943721925136826e-01,-1.245070533471449338e-02,5.484802000427778379e-02,4.894881528223342659e-01,-1.245267455612055971e-02,5.488778566461197106e-02,4.945095009932637398e-01,-1.828750609661244919e-02,3.270367062564871752e-02
6.709999999999993747e+00,4.917339152713693928e-01,-1.216353397719886764e-02,3.780133071978995091e-02,4.917295830116315547e-01,-1.216540679911588818e-02,3.784223563400564150e-02,4.952811646022813319e-01,-1.816731864016077336e-02,1.721082232367565634e-02
6.719999999999991758e+00,4.931239235119225794e-01,-1.186197228514671541e-02,2.083648072305206364e-02,4.931215584267473195e-01,-1.186374916122238249e-02,2.087811582338584826e-02,4.955710390229269846e-01,-1.820985221004592369e-02,2.002436658583683915e-03
6.729999999999996874e+00,4.936859199068915904e-01,-1.154834294030624917e-02,4.051356518400796997e-03,4.936855562370711104e-01,-1.155004435701258853e-02,4.092513316272635565e-03,4.953216564877436223e-01,-1.808737268398297182e-02,-8.740093428397988085e-03
6.739999999999994884e+00,4.934528658574515170e-01,-1.122494275478278652e-02,-1.246797424926489317e-02,4.934543786492685546e-01,-1.122665214144470160e-02,-1.242847999093554985e-02,4.948943979304009089e-01,-1.736860300152642811e-02,-2.090738441691597505e-02
6.749999999999992895e+00,4.924665516173352686e-01,-1.089399200227627110e-02,-2.864728366211069521e-02,4.924697841266020837e-01,-1.089579916762043257e-02,-2.860911459180634150e-02,4.940203203589338399e-01,-1.698436312814682880e-02,-3.471205177405989328e-02
6.759999999999998010e+00,4.907752426153368930e-01,-1.055759582963670951e-02,-4.442391029013455922e-02,4.907799218098722327e-01,-1.055954449304839261e-02,-4.438810697188622784e-02,4.928327572163813119e-01,-1.615422500058769084e-02,-4.853822614645275646e-02
6.769999999999996021e+00,4.884316040842341389e-01,-1.021771623876781970e-02,-5.974625135508674495e-02,4.884376128109190196e-01,-1.021976753569068044e-02,-5.971216380823549802e-02,4.913425358359148065e-01,-1.555450712950570691e-02,-6.003371886971498039e-02
6.779999999999994031e+00,4.854909109271058343e-01,-9.876153388531639515e-03,-7.457307794588714789e-02,4.854979783946861138e-01,-9.878133915032059550e-03,-7.454121434163821225e-02,4.897981220962565052e-01,-1.475596212986124423e-02,-6.835062904493027780e-02
6.789999999999999147e+00,4.820095377574863393e-01,-9.534534856531102012e-03,-8.887272640537520474e-02,4.820175568113803655e-01,-9.536220846169512697e-03,-8.884272617968398678e-02,4.877731138798656607e-01,-1.371386315589936955e-02,-7.862303988714214320e-02
6.799999999999990052e+00,4.780437151018327446e-01,-9.194311610997589479e-03,-1.026222130694687124e-01,4.780524759798999712e-01,-9.195451856109197741e-03,-1.025942274115683450e-01,4.855466132507879617e-01,-1.261098183418679630e-02,-8.810874345408847841e-02
6.809999999999995168e+00,4.736485316371632504e-01,-8.856759027208092189e-03,-1.158063123357164492e-01,4.736578146214394103e-01,-8.857204158761454102e-03,-1.157804750976811486e-01,4.822599291470278660e-01,-1.136534952903617279e-02,-1.008305936428386396e-01
6.819999999999993179e+00,4.688771582733262111e-01,-8.522982308130014686e-03,-1.284166313145228278e-01,4.688868853065452091e-01,-8.522844763467941551e-03,-1.283926499186336667e-01,4.790124180514522267e-01,-1.124979994065211653e-02,-1.113026829165035814e-01
6.829999999999991189e+00,4.637802682449393421e-01,-8.193924554182356254e-03,-1.404507066199835175e-01,4.637901304562485061e-01,-8.193528200761432054e-03,-1.404289219265964783e-01,4.752212344655237786e-01,-1.081502052038393891e-02,-1.219446953664249378e-01
6.839999999999996305e+00,4.584056264642099032e-01,-7.870377326913988517e-03,-1.519111433608265338e-01,4.584156262450256314e-01,-7.869482222720792022e-03,-1.518911565875353253e-01,4.715834670756648972e-01,-1.157487209345817170e-02,-1.317204479046641952e-01
6.849999999999994316e+00,4.527978224809438568e-01,-7.552992298994546695e-03,-1.628048098454091819e-01,4.528076317000890860e-01,-7.551025930268587261e-03,-1.627869900613918563e-01,4.643865402139666365e-01,-1.317854673003346355e-02,-1.500638822305293552e-01
6.859999999999992326e+00,4.469981225441831407e-01,-7.242293790483863604e-03,-1.731420972333059249e-01,4.470076967236948362e-01,-7.238465347363083960e-03,-1.731262218685720722e-01,4.618208958763176941e-01,-9.323395855142163624e-03,-1.534865312229213297e-01
6.869999999999997442e+00,4.410444184581932547e-01,-6.938691491069653126e-03,-1.829362489928685886e-01,4.410537710094701858e-01,-6.933280535859091473e-03,-1.829220078155775198e-01,4.559524051297866309e-01,-9.684905745483224360e-03,-1.652460934561066352e-01
6.879999999999995453e+00,4.349712531727932818e-01,-6.642493046173993630e-03,-1.922027618971584029e-01,4.349800228516571554e-01,-6.635895657353130424e-03,-1.921904919427106506e-01,4.490423689641582783e-01,-1.026641693596228033e-02,-1.782787823035880681e-01
6.889999999999993463e+00,4.288099055332463272e-01,-6.353916170273758018e-03,-2.009588577320506886e-01,4.288173247396623866e-01,-6.346445162117917219e-03,-2.009494307608195030e-01,4.426796644387516189e-01,-1.104988987679136891e-02,-1.891703457140714306e-01
6.899999999999998579e+00,4.225885190371669320e-01,-6.073100181542347674e-03,-2.092230230494928900e-01,4.225937200096753776e-01,-6.065088791478176131e-03,-2.092172885868388288e-01,4.352954263985610028e-01,-1.178995975129140672e-02,-2.004988017952423762e-01
6.909999999999989484e+00,4.163322618448341284e-01,-5.800116696971607290e-03,-2.170146129428125736e-01,4.163352507988620776e-01,-5.791849049696103958e-03,-2.170121333448946921e-01,4.270138547683843822e-01,-1.246899078017427165e-02,-2.120124641666798482e-01
6.919999999999994600e+00,4.100635074288160320e-01,-5.534979499154243747e-03,-2.243535140116911519e-01,4.100644055251989051e-01,-5.526594365029873640e-03,-2.243537787822853236e-01,4.213867188528001018e-01,-1.288703436178550987e-02,-2.193672014294388850e-01
6.929999999999999716e+00,4.038020272536997912e-01,-5.277653502156867509e-03,-2.312598611819580707e-01,4.038016380930222193e-01,-5.269205414163885375e-03,-2.312616416972420597e-01,4.125609655730467784e-01,-1.336660272557041451e-02,-2.298801669328149888e-01
6.939999999999990621e+00,3.975651886221042708e-01,-5.028062796849717964e-03,-2.377538028673930048e-01,3.975634416448487474e-01,-5.019486331124950462e-03,-2.377570210606202716e-01,4.034955229045038561e-01,-1.362320816003723123e-02,-2.397095221305468593e-01
6.949999999999995737e+00,3.913681523334618939e-01,-4.786097837878889975e-03,-2.438553090025234737e-01,3.913656810152214560e-01,-4.777319308487423463e-03,-2.438591531032466841e-01,3.974022339454496011e-01,-1.365675094491955455e-02,-2.456705437958045524e-01
6.959999999999993747e+00,3.852240661085332696e-01,-4.551621792686282551e-03,-2.495840166651278613e-01,3.852212043846595657e-01,-4.542652794937667229e-03,-2.495880875899724738e-01,3.901467869548517209e-01,-1.370506247771308139e-02,-2.522729177201263884e-01
6.969999999999991758e+00,3.791442508186751437e-01,-4.324476073736081318e-03,-2.549591083158868621e-01,3.791413337604224165e-01,-4.315316456616745747e-03,-2.549630584933600397e-01,3.842468480525860208e-01,-1.364992986101390415e-02,-2.573517021598044074e-01
6.979999999999996874e+00,3.731383774382604490e-01,-4.104485177475938190e-03,-2.599992180666703123e-01,3.731355606250845725e-01,-4.095226888194438558e-03,-2.600029096321187505e-01,3.794516175554426551e-01,-1.386924981984588578e-02,-2.611066135394600751e-01
6.989999999999994884e+00,3.672146333818376296e-01,-3.891460838905932799e-03,-2.647223617941658058e-01,3.672117109111068811e-01,-3.882202756224676591e-03,-2.647259937687241327e-01,3.755956027652510576e-01,-1.314553755974171012e-02,-2.637896059485788092e-01
6.999999999999992895e+00,3.614090853265095604e-01,-3.686052336928300355e-03,-2.691358720238845037e-01,3.614062348545983294e-01,-3.676887985467603998e-03,-2.691393442176330253e-01,3.729163899997344211e-01,-1.264878678209593876e-02,-2.655402866503654424e-01
7.009999999999998010e+00,3.560054580725233730e-01,-3.496099859267755381e-03,-2.731369404246521970e-01,3.560042571015530344e-01,-3.487123446343680724e-03,-2.731391443003990949e-01,3.699499124287221052e-01,-1.154458908500330394e-02,-2.671633766114943631e-01
7.019999999999996021e+00,3.517291468855773262e-01,-3.342678845469654759e-03,-2.763772360384702531e-01,3.517284755910161653e-01,-3.333899430752422857e-03,-2.763782409696937115e-01,3.687348432912479490e-01,-1.075080796302804731e-02,-2.679171367923979252e-01
7.029999999999994031e+00,3.491546230674631990e-01,-3.244158194536180158e-03,-2.784879146048725440e-01,3.491505524367524149e-01,-3.235423120284543035e-03,-2.784911006440647929e-01,3.692756429469696844e-01,-9.494653890685128550e-03,-2.667688877632068412e-01
7.039999999999999147e+00,3.485378899690019239e-01,-3.209985557159441682e-03,-2.792828603179879909e-01,3.485276367990360891e-01,-3.201201018482297597e-03,-2.792909680237504744e-01,3.706124677278100910e-01,-8.143928960801016803e-03,-2.651603510118524243e-01
7.049999999999990052e+00,3.499345995883882954e-01,-3.243499745542325740e-03,-2.786884272984317401e-01,3.499236290861056364e-01,-3.234891770539032908e-03,-2.786969997128474485e-01,3.727906604239304977e-01,-7.164063708992557400e-03,-2.628320403096476854e-01
7.059999999999995168e+00,3.532574648744913892e-01,-3.343871925628071149e-03,-2.766863753582947116e-01,3.532451884976501866e-01,-3.335416662972089455e-03,-2.766961118536742648e-01,3.767524009218021774e-01,-6.470165840197272811e-03,-2.601266006838435230e-01
7.069999999999993179e+00,3.583233263327508245e-01,-3.507549344431639456e-03,-2.732842376873328427e-01,3.583108249531535838e-01,-3.499274488548203763e-03,-2.732944046215045053e-01,3.807219363111354893e-01,-7.135223443181237801e-03,-2.581345621177422167e-01
7.079999999999991189e+00,3.648901943372482304e-01,-3.729285375806320676e-03,-2.685026556737197256e-01,3.648782401659101393e-01,-3.721206624071545649e-03,-2.685126999729999242e-01,3.872411354007491147e-01,-7.970651858662636258e-03,-2.539762503188066622e-01
7.089999999999996305e+00,3.726853025976912259e-01,-4.002856862918459727e-03,-2.623718839937140834e-01,3.726731297469152993e-01,-3.994937959851972697e-03,-2.623826572997897677e-01,3.935656269644219885e-01,-7.426178017508167084e-03,-2.483186151157137367e-01
7.099999999999994316e+00,3.814256907227976390e-01,-4.321555930506403194e-03,-2.549323519018997231e-01,3.814127582982905773e-01,-4.313777267084613516e-03,-2.549446249959875788e-01,4.017826137044150370e-01,-6.542417797928329337e-03,-2.411560333940615530e-01
7.109999999999992326e+00,3.908328864587096163e-01,-4.678525023318908654e-03,-2.462363015079624962e-01,3.908194029839391348e-01,-4.670898866758739151e-03,-2.462501389867946811e-01,4.119895613572418513e-01,-6.387954968418568802e-03,-2.317204706771890388e-01
7.119999999999997442e+00,4.006430662207651761e-01,-5.066985523807533351e-03,-2.363490028582116431e-01,4.006300484989676614e-01,-5.059540444113401828e-03,-2.363633935057030677e-01,4.207939231024125926e-01,-5.824583744443584399e-03,-2.219722006020187210e-01
7.129999999999995453e+00,4.106137994369866151e-01,-5.480394640418300399e-03,-2.253489657709723537e-01,4.106010798567451547e-01,-5.473110588640531932e-03,-2.253642241667922763e-01,4.303911158762302458e-01,-4.826880324393933996e-03,-2.111930271700701578e-01
7.139999999999993463e+00,4.205282212966184874e-01,-5.912553434269632487e-03,-2.133270828764401439e-01,4.205153400026741539e-01,-5.905417232808683400e-03,-2.133440488368870680e-01,4.400791919980667766e-01,-4.181011272444995486e-03,-1.984838044828606263e-01
7.149999999999998579e+00,4.301972667712026799e-01,-6.357680545425138316e-03,-2.003848880291671242e-01,4.301840194760973013e-01,-6.350694734081033417e-03,-2.004041871481352655e-01,4.484181350172626868e-01,-3.736571631995838638e-03,-1.866459930994661676e-01
7.159999999999989484e+00,4.394604411742625283e-01,-6.810460847111060936e-03,-1.866322056064916579e-01,4.394467411080698049e-01,-6.803641580354190949e-03,-1.866544974445638605e-01,4.580074507996473310e-01,-3.547930401166771164e-03,-1.710818093567110232e-01
7.169999999999994600e+00,4.481854902377484517e-01,-7.266075276606645886e-03,-1.721844710855084115e-01,4.481719745842502323e-01,-7.259461094095591600e-03,-1.722091836369541162e-01,4.659475576062943603e-01,-3.577863366481359719e-03,-1.555362711064259829e-01
7.179999999999999716e+00,4.562672540713254010e-01,-7.720215115138757793e-03,-1.571599660343157567e-01,4.562545455841569564e-01,-7.713818496170977458e-03,-1.571862382375349698e-01,4.718008059950483668e-01,-3.716821586381202636e-03,-1.422519279509218970e-01
7.189999999999990621e+00,4.636259326679344484e-01,-8.169084157342411737e-03,-1.416771581014281134e-01,4.636143133322396248e-01,-8.162906392671588976e-03,-1.417045310573470385e-01,4.779774347512716348e-01,-3.264896893119761945e-03,-1.257531535396013700e-01
7.199999999999995737e+00,4.702049489464594778e-01,-8.609390411101775636e-03,-1.258522817843759356e-01,4.701945510702227882e-01,-8.603434040734544291e-03,-1.258804977441490835e-01,4.825525002608267444e-01,-3.155200512437422722e-03,-1.114779608699192348e-01
7.209999999999993747e+00,4.759685619507715848e-01,-9.038329652718947796e-03,-1.097972468663192397e-01,4.759595042720830005e-01,-9.032625337386853553e-03,-1.098260061838145091e-01,4.862701515656666640e-01,-3.169620908497927658e-03,-9.759166652294437583e-02
7.219999999999991758e+00,4.808993556273353787e-01,-9.453561967173659819e-03,-9.361791988138000453e-02,4.808914466241381303e-01,-9.448086529413202150e-03,-9.364788921619515705e-02,4.897450156914506803e-01,-3.469648387851603788e-03,-8.296911336876766629e-02
7.229999999999996874e+00,4.849957044014083229e-01,-9.853183265104467625e-03,-7.741279213153497152e-02,4.849892938546591648e-01,-9.847961938174779745e-03,-7.744272070501485861e-02,4.933604301860007313e-01,-4.321250589745306847e-03,-6.385625537403416541e-02
7.239999999999994884e+00,4.882692958971647790e-01,-1.023569280739367732e-02,-6.127202321993842349e-02,4.882642214788352475e-01,-1.023061180772557449e-02,-6.130250863898523139e-02,4.952387896034630144e-01,-5.350876432245882386e-03,-5.186438773380241951e-02
7.249999999999992895e+00,4.907427719957958012e-01,-1.059995833289017336e-02,-4.527683283682315540e-02,4.907392269868288137e-01,-1.059491593465669221e-02,-4.530641509001014783e-02,4.967146101262610580e-01,-5.388088421215048163e-03,-3.945951418463755633e-02
7.259999999999998010e+00,4.924475329168987447e-01,-1.094517966775199365e-02,-2.949920223911746062e-02,4.924453847951983376e-01,-1.094006887162208425e-02,-2.952796040153657375e-02,4.977942121790364105e-01,-5.898218363754537119e-03,-2.672837484154599874e-02
7.269999999999996021e+00,4.934217342032890530e-01,-1.127085202775263487e-02,-1.400184160654754754e-02,4.934208973822620248e-01,-1.126561607676243928e-02,-1.402914249885462220e-02,4.984878011879883553e-01,-6.473841739421837271e-03,-1.506415028425700520e-02
7.279999999999994031e+00,4.937084941211201117e-01,-1.157672973921694895e-02,1.161623054505651811e-03,4.937088087841187134e-01,-1.157142250172188587e-02,1.136019411861484418e-03,4.987924007381691061e-01,-6.932733585095218753e-03,-4.097947234765419999e-03
7.289999999999999147e+00,4.933543185633605943e-01,-1.186279127140665163e-02,1.594628823415394220e-02,4.933556304904039846e-01,-1.185744022376947204e-02,1.592205537619925323e-02,4.986743315753592309e-01,-7.526024607070302963e-03,7.216683172591609186e-03
7.299999999999990052e+00,4.924077422493712830e-01,-1.212920591900384232e-02,3.031547951836010418e-02,4.924098842700935230e-01,-1.212387357893465745e-02,3.029299717462989941e-02,4.983110300413393645e-01,-8.448999407581647692e-03,1.244803397749405516e-02
7.309999999999995168e+00,4.909181784813991811e-01,-1.237630271822920923e-02,4.424016455151687927e-02,4.909210553021958745e-01,-1.237092264581518899e-02,4.421894663832358352e-02,4.975205561786186781e-01,-9.528828186883803175e-03,2.414500235734684530e-02
7.319999999999993179e+00,4.889349650399427705e-01,-1.260454177451399323e-02,5.769830600525104047e-02,4.889384186212478722e-01,-1.259898863835017674e-02,5.767864800589824620e-02,4.961523281643437366e-01,-1.014099435390211634e-02,3.373647695432202553e-02
7.329999999999991189e+00,4.865065904901377247e-01,-1.281448829325922308e-02,7.067418325909000099e-02,4.865105421073134817e-01,-1.280866019005366500e-02,7.065583719342098667e-02,4.943445908887851847e-01,-1.071354817088665534e-02,4.686083305272148447e-02
7.339999999999996305e+00,4.836800832603338485e-01,-1.300678927788821888e-02,8.315770617638779116e-02,4.836844089714043560e-01,-1.300061177277955955e-02,8.314074442668600851e-02,4.924644713855217959e-01,-1.155740898988691367e-02,5.822487740080561913e-02
7.349999999999994316e+00,4.805005449083322722e-01,-1.318215290091193093e-02,9.514373977434663343e-02,4.805051262378068344e-01,-1.317569465976149365e-02,9.512818223158879538e-02,4.903938043362585653e-01,-1.219648327898251172e-02,6.809294527886988746e-02
7.359999999999992326e+00,4.770108089316393296e-01,-1.334133049318715451e-02,1.066314541383759501e-01,4.770156064973094523e-01,-1.333464554002968330e-02,1.066170691069026899e-01,4.874989298163118212e-01,-1.303692139765913471e-02,8.127495444028998151e-02
7.369999999999997442e+00,4.732512070363314449e-01,-1.348510109110722700e-02,1.176237100840123589e-01,4.732560952479486494e-01,-1.347829551356741901e-02,1.176105894314714989e-01,4.840585325937712957e-01,-1.374716881783663580e-02,9.419812978138741855e-02
7.379999999999995453e+00,4.692594258338317337e-01,-1.361425820286906764e-02,1.281264877041191075e-01,4.692644629869998085e-01,-1.360746346453605565e-02,1.281142163963023550e-01,4.805968349388712868e-01,-1.439924394980507394e-02,1.060219143865356317e-01
7.389999999999993463e+00,4.650704382433030748e-01,-1.372959877385601310e-02,1.381483621950020668e-01,4.650754798103735044e-01,-1.372295847366711979e-02,1.381371216988566686e-01,4.772249393371555404e-01,-1.487438167670540601e-02,1.149555868438871808e-01
7.399999999999998579e+00,4.607164954243249122e-01,-1.383191407208800641e-02,1.477000290421216222e-01,4.607216149173083974e-01,-1.382558594558872672e-02,1.476894737935433022e-01,4.732900316685666464e-01,-1.554017106908964219e-02,1.255911371158224821e-01
7.409999999999989484e+00,4.562271666665089764e-01,-1.392198226055718635e-02,1.567938788544862017e-01,4.562321834032139201e-01,-1.391611172004444778e-02,1.567842652944352599e-01,4.671012411507706741e-01,-1.651570815597508401e-02,1.421054571260884636e-01
7.419999999999994600e+00,4.516294162534612577e-01,-1.400056260439960266e-02,1.654436207700928918e-01,4.516343615066925055e-01,-1.399518512120954961e-02,1.654347544814639970e-01,4.615675696345974410e-01,-1.718007317940387080e-02,1.540701447024300785e-01
7.429999999999999716e+00,4.469477079176413237e-01,-1.406839084293373503e-02,1.736639523042082245e-01,4.469525575916561411e-01,-1.406350864443029272e-02,1.736557776881793302e-01,4.555908033889031206e-01,-1.752898911447992036e-02,1.657224150229883453e-01
7.439999999999990621e+00,4.422041289009201459e-01,-1.412617585739805136e-02,1.814702728567728629e-01,4.422088009654621676e-01,-1.412172905588533235e-02,1.814628507766346543e-01,4.502819644912088304e-01,-1.788393407579214056e-02,1.755254647664141743e-01
7.449999999999995737e+00,4.374185270318093899e-01,-1.417459722516005785e-02,1.888784375993033948e-01,4.374229989435023946e-01,-1.417053307449972488e-02,1.888717233367705473e-01,4.456089932472451220e-01,-1.865511327223318139e-02,1.830440384839963075e-01
7.459999999999993747e+00,4.326086553952572245e-01,-1.421430363225824854e-02,1.959045482458162124e-01,4.326129286854125677e-01,-1.421056490919909814e-02,1.958984661571213093e-01,4.385986492985737284e-01,-1.840279755249710214e-02,1.942092267212277568e-01
7.469999999999991758e+00,4.277903202522070347e-01,-1.424591194770763632e-02,2.025647771143965492e-01,4.277944259747379907e-01,-1.424246583755244509e-02,2.025592214255144130e-01,4.330411456607817788e-01,-1.771810736710474621e-02,2.026748428119331535e-01
7.479999999999996874e+00,4.229775287773698822e-01,-1.427000689481516468e-02,2.088752209297537465e-01,4.229814446590620114e-01,-1.426682227696083466e-02,2.088701704452990138e-01,4.242959410853751612e-01,-1.544974099211762764e-02,2.162131506961956218e-01
7.489999999999994884e+00,4.181826339886312582e-01,-1.428714112753101846e-02,2.148517809370228127e-01,4.181863480950175349e-01,-1.428419387690221115e-02,2.148472068964598913e-01,4.215346048360211206e-01,-1.591638739533127178e-02,2.189154555734659224e-01
7.499999999999992895e+00,4.134400300858233623e-01,-1.429796967595273194e-02,2.204916354211973462e-01,4.134437429996379865e-01,-1.429525921933054618e-02,2.204872589697451368e-01,4.189646503466486482e-01,-1.683472587673659482e-02,2.206469195593696586e-01
7.509999999999998010e+00,4.089868318957365911e-01,-1.430363590679027859e-02,2.256203071367245683e-01,4.089909762659050263e-01,-1.430113738315454824e-02,2.256157501022170164e-01,4.170638486256768029e-01,-1.764954563496864970e-02,2.215213844697497825e-01
7.519999999999996021e+00,4.054293304567229139e-01,-1.430538742548686029e-02,2.297274493607840973e-01,4.054326482885115546e-01,-1.430306931415347566e-02,2.297236331832874512e-01,4.162738732775109751e-01,-1.829065829633089169e-02,2.214379699732184070e-01
7.529999999999994031e+00,4.032606434972496046e-01,-1.430342658262724782e-02,2.323422845972037687e-01,4.032624638484825219e-01,-1.430129027844084105e-02,2.323399401316040280e-01,4.163473814518827698e-01,-1.892065520233546239e-02,2.201923131464459393e-01
7.539999999999999147e+00,4.027118903635989455e-01,-1.429872993541718602e-02,2.332370203272409181e-01,4.027114991684470624e-01,-1.429668265764488973e-02,2.332370078026784754e-01,4.169036838111164212e-01,-1.935908914569217654e-02,2.187916234081322964e-01
7.549999999999990052e+00,4.038392863316377368e-01,-1.429177722504384324e-02,2.323296584874150195e-01,4.038367298532984373e-01,-1.428974307134288878e-02,2.323320045743335338e-01,4.185575774881883371e-01,-1.991276880460793319e-02,2.154871169862817570e-01
7.559999999999995168e+00,4.065673062377455071e-01,-1.428183044495708390e-02,2.296198584800143994e-01,4.065618775499465487e-01,-1.427983616567887054e-02,2.296256863585290631e-01,4.208835554227018383e-01,-2.021441191076889243e-02,2.129711417338332469e-01
7.569999999999993179e+00,4.107278605173307340e-01,-1.426689739386370094e-02,2.251520147910796577e-01,4.107209130329128044e-01,-1.426496185295945962e-02,2.251599034589375492e-01,4.259431587333420977e-01,-2.041043014478099993e-02,2.067621639095584829e-01
7.579999999999991189e+00,4.160937526826871680e-01,-1.424404406005327049e-02,2.189960425366665187e-01,4.160860089306756548e-01,-1.424216008877206285e-02,2.190053438062664337e-01,4.307900365455932246e-01,-2.071987388682927644e-02,2.012770756902181324e-01
7.589999999999996305e+00,4.224057600279274571e-01,-1.420983279499644231e-02,2.112385273977772093e-01,4.223975549940488516e-01,-1.420800216359365854e-02,2.112492581525074742e-01,4.368301363075346444e-01,-2.114429644733381575e-02,1.940226567854016482e-01
7.599999999999994316e+00,4.293936039450541586e-01,-1.416075115646854739e-02,2.019791752764561188e-01,4.293863113182942448e-01,-1.415894900629747870e-02,2.019895166379661600e-01,4.427410183878248695e-01,-2.165237275578504872e-02,1.860219139273199263e-01
7.609999999999992326e+00,4.367915510593342598e-01,-1.409356338248063216e-02,1.913294215129670295e-01,4.367860677604598063e-01,-1.409175789733611329e-02,1.913377842776870508e-01,4.500414082440349350e-01,-2.174406227943512238e-02,1.757541234134826214e-01
7.619999999999997442e+00,4.443495315799301792e-01,-1.400556077549592118e-02,1.794114736568530322e-01,4.443458124580704216e-01,-1.400372959132941200e-02,1.794175279363124376e-01,4.570637483541040158e-01,-2.258526998404733477e-02,1.638375259639852644e-01
7.629999999999995453e+00,4.518406274493553809e-01,-1.389471245740792928e-02,1.663569970330605052e-01,4.518382018511984399e-01,-1.389284478457179610e-02,1.663611935859802549e-01,4.644927158041288751e-01,-2.379563849093821459e-02,1.496890866344462445e-01
7.639999999999993463e+00,4.590656768829540768e-01,-1.375973030642240434e-02,1.523052124809060603e-01,4.590669447895342481e-01,-1.375779448039062512e-02,1.523022222792472513e-01,4.709399821777616735e-01,-2.431115278908752009e-02,1.355087985641961756e-01
7.649999999999998579e+00,4.658556220751940979e-01,-1.360006717460824494e-02,1.374004733388099198e-01,4.658588092779796241e-01,-1.359805031201668027e-02,1.373925446750808022e-01,4.762196137869310064e-01,-2.453885785878867631e-02,1.227273447849507315e-01
7.659999999999989484e+00,4.720721185145285714e-01,-1.341586667595380013e-02,1.217895180281608897e-01,4.720756907345456943e-01,-1.341379388160171028e-02,1.217793517728737729e-01,4.812502789819098625e-01,-2.454339422286877515e-02,1.081840962986649890e-01
7.669999999999994600e+00,4.776068337462935909e-01,-1.320788185499696503e-02,1.056186249549880690e-01,4.776113253307165407e-01,-1.320577153299150319e-02,1.056038013100752959e-01,4.857499393412894051e-01,-2.454334247986811324e-02,9.175341673413395238e-02
7.679999999999999716e+00,4.823797897312128713e-01,-1.297737618396508329e-02,8.903087409580977274e-02,4.823837802205401259e-01,-1.297537420953854756e-02,8.901503642631031221e-02,4.894248979499203900e-01,-2.408729135473908212e-02,7.479374341257538639e-02
7.689999999999990621e+00,4.863370420386265991e-01,-1.272601785968546263e-02,7.216367417142210972e-02,4.863398633960904216e-01,-1.272434974081501982e-02,7.214966022592013417e-02,4.916405852448134661e-01,-2.374559382902979854e-02,5.995861962645143706e-02
7.699999999999995737e+00,4.894479377251833574e-01,-1.245577513286990484e-02,5.514666267892351370e-02,4.894499672357905395e-01,-1.245453914744645840e-02,5.513340428006680005e-02,4.930564693859885717e-01,-2.360920228111609842e-02,4.757846953953259739e-02
7.709999999999993747e+00,4.917021490835172259e-01,-1.216881839160941468e-02,3.810003782409403239e-02,4.917034881319333750e-01,-1.216801418052541016e-02,3.808747411665481392e-02,4.947105101777042879e-01,-2.341282079519982351e-02,2.789733154188900333e-02
7.719999999999991758e+00,4.931066411036675312e-01,-1.186743224683999877e-02,2.113334069967681694e-02,4.931072543273681275e-01,-1.186700136649524243e-02,2.112342680124022765e-02,4.953481297181062670e-01,-2.258165374217574461e-02,1.383753011616206674e-02
7.729999999999996874e+00,4.936826954769067966e-01,-1.155393953188249903e-02,4.344674668715364091e-03,4.936828442666157946e-01,-1.155370995363912134e-02,4.337577395721932232e-03,4.955815225215350894e-01,-2.188012436191202892e-02,5.604311682897433755e-04
7.739999999999994884e+00,4.934630830513871413e-01,-1.123063809417063248e-02,-1.217967337511573385e-02,4.934629606892226850e-01,-1.123050354299922997e-02,-1.218631102394398223e-02,4.954260011208544423e-01,-2.079786504539862801e-02,-1.263787201319965803e-02
7.749999999999992895e+00,4.924894497192675025e-01,-1.089975015833943330e-02,-2.836525950213297440e-02,4.924893348071173738e-01,-1.089981526527510070e-02,-2.836836609391459041e-02,4.949950961015950890e-01,-1.975299492655724354e-02,-2.351673133458231923e-02
7.759999999999998010e+00,4.908099576550329912e-01,-1.056338331464198865e-02,-4.414921424893768903e-02,4.908100585638561775e-01,-1.056375612330046759e-02,-4.414964664817545154e-02,4.941266068969212277e-01,-1.889768205891173558e-02,-3.779344049750954504e-02
7.769999999999996021e+00,4.884772046120225975e-01,-1.022350234154823304e-02,-5.947973839480107106e-02,4.884778295130685066e-01,-1.022420524529093870e-02,-5.947704836809464962e-02,4.927047042132093324e-01,-1.747550174184536731e-02,-5.256507516875141839e-02
7.779999999999994031e+00,4.855464284938073583e-01,-9.881910462870083234e-03,-7.431542072823905942e-02,4.855477530312877765e-01,-9.882860273261556000e-03,-7.431005953974595402e-02,4.914388948001723323e-01,-1.594789329214946205e-02,-6.135280855478308926e-02
7.789999999999999147e+00,4.820739922946534195e-01,-9.540238393707175732e-03,-8.862443117900928313e-02,4.820760807413074223e-01,-9.541245118308037260e-03,-8.861706249066494956e-02,4.898242075453488331e-01,-1.458673419670800109e-02,-7.019039511769165074e-02
7.799999999999990052e+00,4.781161355436887583e-01,-9.199940248412034199e-03,-1.023836364797191950e-01,4.781190481928520031e-01,-9.200879000472570249e-03,-1.023746356169864535e-01,4.877485774719514389e-01,-1.271728719262804619e-02,-7.996154510725694831e-02
7.809999999999995168e+00,4.737279722169285834e-01,-8.862294477448242128e-03,-1.155776784957699838e-01,4.737316086151605599e-01,-8.863052295737465502e-03,-1.155677533714000865e-01,4.856635753536268085e-01,-1.094448041118795123e-02,-8.870342656387186775e-02
7.819999999999993179e+00,4.689627109965999741e-01,-8.528409143664475098e-03,-1.281980485799162073e-01,4.689670117422456985e-01,-8.528948272204033357e-03,-1.281875583407968422e-01,4.812566840188858830e-01,-9.107547242438396307e-03,-1.044717892883603172e-01
7.829999999999991189e+00,4.638710719561345286e-01,-8.199230115252288675e-03,-1.402421838063586668e-01,4.638760311049987539e-01,-8.199530205175217107e-03,-1.402312534791990140e-01,4.776667761791596467e-01,-8.541219246426451361e-03,-1.156429205220684819e-01
7.839999999999996305e+00,4.585008731005679183e-01,-7.875551432573098601e-03,-1.517126049188288195e-01,4.585064708061286631e-01,-7.875617576744362025e-03,-1.517013551403716132e-01,4.741352352906866852e-01,-7.552712485842411061e-03,-1.253005651602980830e-01
7.849999999999994316e+00,4.528967608900374975e-01,-7.558027078946568181e-03,-1.626161099540908705e-01,4.529029596882838127e-01,-7.557870134441716826e-03,-1.626046675162245159e-01,4.701008555537777855e-01,-6.421996136083768514e-03,-1.354866540710667477e-01
7.859999999999992326e+00,4.471000603677779961e-01,-7.247183386821811485e-03,-1.729630325888986131e-01,4.471068575833043179e-01,-7.246798289064487232e-03,-1.729514325126568774e-01,4.613383799893013837e-01,-6.791466542581142685e-03,-1.568303796663407246e-01
7.869999999999997442e+00,4.411487224141092955e-01,-6.943431867918395915e-03,-1.827665703194871205e-01,4.411559202216852604e-01,-6.942770187469582410e-03,-1.827551742850617444e-01,4.468566522334052049e-01,-1.263381679834144067e-02,-1.898938476836061762e-01
7.879999999999995453e+00,4.350773481192578007e-01,-6.647081753961065452e-03,-1.920421841290190779e-01,4.350849774830096717e-01,-6.646058525892131752e-03,-1.920309193871748699e-01,4.405667957307499716e-01,-1.185172190217329002e-02,-2.000352705354268013e-01
7.889999999999993463e+00,4.289172725971215350e-01,-6.358352140024552124e-03,-2.008070689271864162e-01,4.289250942930346033e-01,-6.356812024980109874e-03,-2.007962810981684665e-01,4.338829625863216410e-01,-1.098670657892206193e-02,-2.097992293702842792e-01
7.899999999999998579e+00,4.226966930692503954e-01,-6.077383508576100074e-03,-2.090796920925118985e-01,4.227047031810674538e-01,-6.075248172839285525e-03,-2.090693338063563667e-01,4.263388528825069468e-01,-1.052458457238997225e-02,-2.200590440905317857e-01
7.909999999999989484e+00,4.164408284015673756e-01,-5.804248479380331137e-03,-2.168793961319948893e-01,4.164488816892978895e-01,-5.801455594590701828e-03,-2.168696151886648216e-01,4.187279063046140948e-01,-1.001289163212562561e-02,-2.295926857030747836e-01
7.919999999999994600e+00,4.101720994693378031e-01,-5.538961654673168339e-03,-2.242260606140601409e-01,4.101801782072415081e-01,-5.535579977852142682e-03,-2.242168183082051958e-01,4.094746540287891312e-01,-9.366689897676694354e-03,-2.400171214046269430e-01
7.929999999999999716e+00,4.039103216798318741e-01,-5.281488624822274630e-03,-2.311398180667591229e-01,4.039183609144584297e-01,-5.277641778077997448e-03,-2.311311368114983833e-01,4.023153778750477860e-01,-8.572698148896107373e-03,-2.475479669428617413e-01
7.939999999999990621e+00,3.976729027724036358e-01,-5.031754049461844604e-03,-2.376408183174676669e-01,3.976808544982746718e-01,-5.027607276610546010e-03,-2.376326968718251720e-01,3.950058222080349291e-01,-8.647813369280499263e-03,-2.548551352427436134e-01
7.949999999999995737e+00,3.914750405308262127e-01,-4.789648787780179280e-03,-2.437490357940501062e-01,3.914829219485167489e-01,-4.785321731075227632e-03,-2.437414048678067657e-01,3.878023157229908424e-01,-8.248236628469213239e-03,-2.613001962191929817e-01
7.959999999999993747e+00,3.853299162971356995e-01,-4.555036346921176836e-03,-2.494841145249208914e-01,3.853377078179612281e-01,-4.550658191552400637e-03,-2.494769495429251527e-01,3.791697889097509488e-01,-7.911468541698607471e-03,-2.682126612752181449e-01
7.969999999999991758e+00,3.792488813546756599e-01,-4.327758398730868761e-03,-2.548652458315630587e-01,3.792566753387066059e-01,-4.323403671941599552e-03,-2.548584185576578953e-01,3.738588659260674296e-01,-6.940434757944230482e-03,-2.721533527472519420e-01
7.979999999999996874e+00,3.732416340653770259e-01,-4.107639590209475645e-03,-2.599110741301982053e-01,3.732493631376634924e-01,-4.103345109487888803e-03,-2.599046203989260340e-01,3.687707197359393341e-01,-5.569518323991828890e-03,-2.746824042207925975e-01
7.989999999999994884e+00,3.673163863946204977e-01,-3.894491769133912734e-03,-2.646396266575690159e-01,3.673239058377300581e-01,-3.890249346045733005e-03,-2.646336465383405390e-01,3.644151984338722672e-01,-4.698466379458476894e-03,-2.776709949568256786e-01
7.999999999999992895e+00,3.615142004421853517e-01,-3.689108766623384536e-03,-2.690565238399529324e-01,3.615217261324014664e-01,-3.684920228783094848e-03,-2.690508272693828418e-01,3.615159036356201394e-01,-3.822873793465186854e-03,-2.790879765096623277e-01
8.009999999999998010e+00,3.561474928068411594e-01,-3.500170018970284475e-03,-2.730442655343938707e-01,3.561553641456010055e-01,-3.496050164517356014e-03,-2.730385415662900939e-01,3.588496359948043501e-01,-2.698059696341043034e-03,-2.802547128744138361e-01
8.019999999999996021e+00,3.519377654588387583e-01,-3.348746962054665634e-03,-2.762490485721729727e-01,3.519424340670453399e-01,-3.344685856323857329e-03,-2.762451821827593967e-01,3.575764932471856561e-01,-1.457857805302775756e-03,-2.803616729536378971e-01
8.029999999999994031e+00,3.494430259585476484e-01,-3.252761867065919778e-03,-2.783111580684674013e-01,3.494442901707825455e-01,-3.248645594120335052e-03,-2.783095582212118946e-01,3.576098632108272168e-01,-2.140020645237661334e-04,-2.796374367644537395e-01
8.039999999999999147e+00,3.489094178547548775e-01,-3.221356955609879728e-03,-2.790505701401693184e-01,3.489051335784177921e-01,-3.217123195624410452e-03,-2.790531305885664004e-01,3.589512609935612275e-01,1.068458299357782915e-03,-2.778634822111660796e-01
8.049999999999990052e+00,3.503855530320956202e-01,-3.257659865520932691e-03,-2.783968610101405505e-01,3.503768785626415472e-01,-3.253353894375740629e-03,-2.784027767301004985e-01,3.602998827029466611e-01,1.404311844852179636e-03,-2.769935594653214483e-01
8.059999999999995168e+00,3.537793921227403993e-01,-3.360700965075295605e-03,-2.763334815124207644e-01,3.537681563579502253e-01,-3.356433424635586922e-03,-2.763414802094801836e-01,3.639367303784390995e-01,2.312002148941505464e-03,-2.748442183597535893e-01
8.069999999999993179e+00,3.589048214279559890e-01,-3.526836996919158976e-03,-2.728689753278582542e-01,3.588914549835994228e-01,-3.522655409184402044e-03,-2.728790621740426747e-01,3.698304780794555713e-01,2.369057545347885707e-03,-2.708376430966892290e-01
8.079999999999991189e+00,3.655182619996266702e-01,-3.750766089816920824e-03,-2.680247835927324074e-01,3.655038381292199379e-01,-3.746727012187923457e-03,-2.680363648767213891e-01,3.769884078198640909e-01,2.342668235432471269e-03,-2.655565789593743453e-01
8.089999999999996305e+00,3.733463649181658073e-01,-4.026234206162823855e-03,-2.618319627502506131e-01,3.733322800652960627e-01,-4.022388497800167412e-03,-2.618438882403645307e-01,3.837826088935439861e-01,2.162361946095869847e-03,-2.601645310890620122e-01
8.099999999999994316e+00,3.821063119550561771e-01,-4.346519417298970629e-03,-2.543318055803795996e-01,3.820928577094185319e-01,-4.342858340847017933e-03,-2.543438976795135420e-01,3.929051851160505482e-01,2.815079553160293457e-03,-2.525872115512360905e-01
8.109999999999992326e+00,3.915202822659479276e-01,-4.704761859722145050e-03,-2.455774605130925381e-01,3.915108630648304611e-01,-4.701397924960203437e-03,-2.455867732345105858e-01,4.042490534062567198e-01,3.488027081823968922e-03,-2.409066402648016858e-01
8.119999999999997442e+00,4.013254499773232786e-01,-5.094188960675856935e-03,-2.356350962900755353e-01,4.013210847324493180e-01,-5.091090782839659788e-03,-2.356397904243466845e-01,4.142822495085887180e-01,3.785940117894986967e-03,-2.310748486927233225e-01
8.129999999999995453e+00,4.112806051903012960e-01,-5.508270014231744262e-03,-2.245840588458489218e-01,4.112799848805692160e-01,-5.505296717306412853e-03,-2.245845260803571719e-01,4.238602835807607772e-01,3.905274246999046461e-03,-2.205779019760767401e-01
8.139999999999993463e+00,4.211702326270112540e-01,-5.940822525299399581e-03,-2.125159682280852447e-01,4.211720939311988654e-01,-5.937828710039443937e-03,-2.125129918725505718e-01,4.318079922801190129e-01,3.621177078947712680e-03,-2.113575572131590752e-01
8.149999999999998579e+00,4.308066732209145933e-01,-6.386084774468809601e-03,-1.995329448890349466e-01,4.308118138727302093e-01,-6.383150204948145022e-03,-1.995247406914046062e-01,4.433350349249350897e-01,3.331731643980651025e-03,-1.961590862305209182e-01
8.159999999999989484e+00,4.400308387565943780e-01,-6.838763580116410945e-03,-1.857452414284295472e-01,4.400361140370779300e-01,-6.835636837895816068e-03,-1.857358029820325440e-01,4.533925345333992274e-01,2.939261373984369818e-03,-1.807056226696197587e-01
8.169999999999994600e+00,4.487118391191149969e-01,-7.294063179562297258e-03,-1.712685584190288823e-01,4.487160256536975589e-01,-7.290302704565509474e-03,-1.712600067196120013e-01,4.619262572602679251e-01,2.330017013175089691e-03,-1.651937298375091290e-01
8.179999999999999716e+00,4.567458040004516717e-01,-7.747698984999244406e-03,-1.562212849535503101e-01,4.567494761568993145e-01,-7.742969762135665929e-03,-1.562128279532038200e-01,4.708209570424888302e-01,1.575350941926512149e-03,-1.457902592951858534e-01
8.189999999999990621e+00,4.640541251589342386e-01,-8.195899053425133654e-03,-1.407218515915594770e-01,4.640574357988956899e-01,-8.189985253486015485e-03,-1.407132611654925702e-01,4.764775877029334694e-01,1.343143141728758705e-03,-1.313373831919915080e-01
8.199999999999995737e+00,4.705813037377790664e-01,-8.635395398272042652e-03,-1.248863290734076731e-01,4.705834508782549830e-01,-8.628212753661703913e-03,-1.248797746949806969e-01,4.813967628187608705e-01,6.347021299741018030e-04,-1.163540453563116639e-01
8.209999999999993747e+00,4.762925542591456840e-01,-9.063407004078410240e-03,-1.088263573419159247e-01,4.762935848835923580e-01,-9.055164113492468123e-03,-1.088224411902636996e-01,4.862346270594490871e-01,-1.260481284796333146e-04,-9.945224302220434520e-02
8.219999999999991758e+00,4.811712895388612354e-01,-9.477616112161630149e-03,-9.264744867665906936e-02,4.811720267790465244e-01,-9.468655381467721427e-03,-9.264415346270694906e-02,4.896659867390510401e-01,-1.308307316702617129e-03,-8.457731895737441441e-02
8.229999999999996874e+00,4.852165869110598995e-01,-9.876139381953110558e-03,-7.644767691676490617e-02,4.852167987629532608e-01,-9.866773383288144836e-03,-7.644634224404639466e-02,4.930155253842357643e-01,-2.647164724716322137e-03,-6.802072500736133787e-02
8.239999999999994884e+00,4.884407150624651694e-01,-1.025749533496637077e-02,-6.031674109750553847e-02,4.884403645585015385e-01,-1.024798303989993969e-02,-6.031867691711956248e-02,4.950764510690660591e-01,-4.074033915840657993e-03,-5.600107735124126851e-02
8.249999999999992895e+00,4.908667820381307778e-01,-1.062056916448547543e-02,-4.433537501867634845e-02,4.908662376226924917e-01,-1.061106443233552146e-02,-4.434001674840681861e-02,4.964364606322230200e-01,-5.464506042824612830e-03,-4.577394103221732458e-02
8.259999999999998010e+00,4.925265480756520486e-01,-1.096457644881188367e-02,-2.857506467600219938e-02,4.925260105905459040e-01,-1.095514704534845431e-02,-2.858282929506097622e-02,4.981609069671255052e-01,-6.754878724198470907e-03,-2.934475158965466068e-02
8.269999999999996021e+00,4.934584327384267111e-01,-1.128902628815536303e-02,-1.309802857109347053e-02,4.934581750300590097e-01,-1.127970209025315300e-02,-1.310857737271254805e-02,4.990009236041288432e-01,-7.939840615205917551e-03,-1.695623050443906266e-02
8.279999999999994031e+00,4.937057330881197692e-01,-1.159368516510759367e-02,2.042584402513763272e-03,4.937059720792122963e-01,-1.158454778504858056e-02,2.029736904305360495e-03,4.992695604299077217e-01,-9.173357922568459166e-03,-6.546010342390995440e-03
8.289999999999999147e+00,4.933150596207964700e-01,-1.187854193940214229e-02,1.680232518605179193e-02,4.933159441857868921e-01,-1.186968655864032579e-02,1.678767692080230384e-02,4.991426410181292184e-01,-1.056840166945408055e-02,5.713221119608036247e-03
8.299999999999990052e+00,4.923349882985610937e-01,-1.214377466550023606e-02,3.114494489587719961e-02,4.923365822144992188e-01,-1.213532953252539730e-02,3.112921133019457345e-02,4.985144527352360355e-01,-1.236504745303954045e-02,1.412319835589004313e-02
8.309999999999995168e+00,4.908149206763395278e-01,-1.238971959596174219e-02,4.504180361108431341e-02,4.908172444564024017e-01,-1.238176408120873935e-02,4.502535927456984000e-02,4.976514052730216520e-01,-1.423514921676713452e-02,2.458539099620682400e-02
8.319999999999993179e+00,4.888041394743763424e-01,-1.261684267123452420e-02,5.847122083156348210e-02,4.888072057586060337e-01,-1.260941809940968952e-02,5.845422715119472090e-02,4.965338538635221677e-01,-1.553441957330842227e-02,3.540892209116930367e-02
8.329999999999991189e+00,4.863510437386518448e-01,-1.282571360499085156e-02,7.141779602529647886e-02,4.863548418590686873e-01,-1.281882055400222070e-02,7.140044653928254159e-02,4.941558959920553384e-01,-1.733316494657224927e-02,4.899059134091077183e-02
8.339999999999996305e+00,4.835025458372155804e-01,-1.301698282780148867e-02,8.387172247001631331e-02,4.835070471232556510e-01,-1.301060701774337316e-02,8.385419868111756991e-02,4.925699572519023350e-01,-1.849362126553788510e-02,5.835435363013696808e-02
8.349999999999994316e+00,4.803036117148213324e-01,-1.319136086714324703e-02,9.582811283068407016e-02,4.803088041408408726e-01,-1.318571100610157164e-02,9.581043938099810531e-02,4.902984799028642926e-01,-2.005071386291368274e-02,7.000811736102441341e-02
8.359999999999992326e+00,4.767969257206900457e-01,-1.334960063743630479e-02,1.072863507114289877e-01,4.768026788257543891e-01,-1.334511641246582080e-02,1.072688993809945840e-01,4.867645980596866373e-01,-2.163404541309951745e-02,8.478508254168370950e-02
8.369999999999997442e+00,4.730226620206940957e-01,-1.349248190403089416e-02,1.182494783814002914e-01,4.730289315536057582e-01,-1.348958135154956599e-02,1.182322575844524798e-01,4.830383028438995363e-01,-2.293688260375043031e-02,9.775736644315624613e-02
8.379999999999995453e+00,4.690183455531564682e-01,-1.362079832057367865e-02,1.287236277576634391e-01,4.690249906086965126e-01,-1.361983241089585912e-02,1.287069027104427721e-01,4.795076822461766253e-01,-2.406839210100061854e-02,1.089087224116672692e-01
8.389999999999993463e+00,4.648187869286625751e-01,-1.373534646368754220e-02,1.387174988192375891e-01,4.648257379020708235e-01,-1.373615785086853419e-02,1.387013434984251947e-01,4.737932794570516859e-01,-2.582368561495335113e-02,1.246724764049880196e-01
8.399999999999998579e+00,4.604560771621045157e-01,-1.383691676754876011e-02,1.482418874535155473e-01,4.604632850723718862e-01,-1.383915148747037575e-02,1.482263333273255990e-01,4.669740912836827795e-01,-2.724039573864289743e-02,1.412293715641588232e-01
8.409999999999989484e+00,4.559596297331549031e-01,-1.392628624719898303e-02,1.573092629464841186e-01,4.559670211083504676e-01,-1.392929877940718257e-02,1.572944137782300578e-01,4.610751473198091421e-01,-2.804533449671831047e-02,1.544295399706504535e-01
8.419999999999994600e+00,4.513562590967218346e-01,-1.400421274027725121e-02,1.659333939518521095e-01,4.513638224398270893e-01,-1.400759331199270645e-02,1.659191999238858739e-01,4.550408116779778300e-01,-2.870933395033478663e-02,1.664010994294174983e-01
8.429999999999999716e+00,4.466702863205671004e-01,-1.407143037293091814e-02,1.741290207806607815e-01,4.466779523824360165e-01,-1.407486274747884666e-02,1.741155424699124821e-01,4.487362184864505110e-01,-2.916001052534972215e-02,1.776258482511076098e-01
8.439999999999990621e+00,4.419236639514555476e-01,-1.412864625211437443e-02,1.819115711845269712e-01,4.419313955509641678e-01,-1.413207275825303574e-02,1.818987877278966936e-01,4.424732003112149537e-01,-2.972240083940697053e-02,1.877583337906064687e-01
8.449999999999995737e+00,4.371361135753657479e-01,-1.417653809260588545e-02,1.892969163421018008e-01,4.371438636574004333e-01,-1.418000846427059855e-02,1.892848200061124642e-01,4.362242608396149635e-01,-3.026365633229916030e-02,1.969655890070032278e-01
8.459999999999993747e+00,4.323252707180797461e-01,-1.421575264914612738e-02,1.963011635364205199e-01,4.323329746552571073e-01,-1.421937214116345168e-02,1.962897717804672204e-01,4.299697041479099147e-01,-3.053941158351411445e-02,2.051613526574667112e-01
8.469999999999991758e+00,4.275068327856785255e-01,-1.424690485481732750e-02,2.029404819336202703e-01,4.275144765128576219e-01,-1.425071771931207994e-02,2.029297399415333214e-01,4.228898783742314205e-01,-2.914293912714416290e-02,2.155538327436243851e-01
8.479999999999996874e+00,4.226947066691175703e-01,-1.427057750346839501e-02,2.092309579118469265e-01,4.227022179225171650e-01,-1.427454945796101382e-02,2.092209051927993724e-01,4.155102102235890271e-01,-2.691266073032713702e-02,2.266176733882041550e-01
8.489999999999994884e+00,4.179011534216807711e-01,-1.428732131599029162e-02,2.151884765212542239e-01,4.179085181051863107e-01,-1.429135659721653302e-02,2.151790746710143809e-01,4.114210275483488610e-01,-2.682310832826864666e-02,2.304648992343429903e-01
8.499999999999992895e+00,4.131519123039003594e-01,-1.429774179750494673e-02,2.208169454234769347e-01,4.131592549283000237e-01,-1.430179665122865984e-02,2.208080134569179453e-01,4.089372793392594962e-01,-2.701005995927413528e-02,2.323166695399138115e-01
8.509999999999998010e+00,4.086336960539590502e-01,-1.430297752752817883e-02,2.259874587600775586e-01,4.086414765962010365e-01,-1.430705080820415809e-02,2.259784820176119757e-01,4.067819217700832102e-01,-2.739329069437287933e-02,2.337014868860324279e-01
8.519999999999996021e+00,4.049588873934682476e-01,-1.430453395007215064e-02,2.301958989179263559e-01,4.049647193103353415e-01,-1.430860195988703856e-02,2.301889237426783807e-01,4.060780604363094515e-01,-2.758210518781512022e-02,2.334524872425641773e-01
8.529999999999994031e+00,4.026495718474916163e-01,-1.430251575956849666e-02,2.329451335322177685e-01,4.026530773772706295e-01,-1.430656264853496888e-02,2.329406455751919236e-01,4.062584365347213788e-01,-2.772918088233963796e-02,2.321987825318789778e-01
8.539999999999999147e+00,4.019550278314240610e-01,-1.429791172105889484e-02,2.339908892310314514e-01,4.019556976610880739e-01,-1.430191721408261875e-02,2.339894799731087605e-01,4.068895688251989995e-01,-2.775269976767186231e-02,2.306946815030337383e-01
8.549999999999990052e+00,4.029450878398947444e-01,-1.429129593534701238e-02,2.332415174214827747e-01,4.029434357981432901e-01,-1.429524096664182634e-02,2.332426080237294252e-01,4.088500235552142703e-01,-2.756652376928170334e-02,2.274055182022503008e-01
8.559999999999995168e+00,4.055537999231307866e-01,-1.428203563875894352e-02,2.306910232801574201e-01,4.055502679389551557e-01,-1.428589507118640731e-02,2.306942185411927360e-01,4.119224605779321369e-01,-2.722054233645490595e-02,2.244828734697411621e-01
8.569999999999993179e+00,4.096192034872420118e-01,-1.426821627754290382e-02,2.263802582660127960e-01,4.096138244139921891e-01,-1.427196683968987197e-02,2.263857539460318313e-01,4.169454097648629398e-01,-2.706702759685805648e-02,2.184640705306768460e-01
8.579999999999991189e+00,4.149174349800406891e-01,-1.424693878902478020e-02,2.203765860145776023e-01,4.149108476338201346e-01,-1.425057087760803892e-02,2.203838499643129833e-01,4.224212532156996769e-01,-2.682368493568726420e-02,2.132753973129621894e-01
8.589999999999996305e+00,4.211904262518583186e-01,-1.421475718576952971e-02,2.127644554565014945e-01,4.211833552974234562e-01,-1.421825545139709067e-02,2.127727764380147879e-01,4.293051216667402858e-01,-2.713647357727744236e-02,2.051858553390042417e-01
8.599999999999994316e+00,4.281674175540543525e-01,-1.416811456374168776e-02,2.036416168070979138e-01,4.281597151977608040e-01,-1.417145844712311767e-02,2.036514766078188765e-01,4.357254989727168404e-01,-2.677432581270255962e-02,1.974522141015606636e-01
8.609999999999992326e+00,4.355810128221335176e-01,-1.410370492469245444e-02,1.931176884514441972e-01,4.355723735273981934e-01,-1.410687918431148720e-02,1.931299425256076396e-01,4.436182351058968187e-01,-2.678885520606327786e-02,1.871400873546534838e-01
8.619999999999997442e+00,4.431786678517330436e-01,-1.401873386071560319e-02,1.813132459449703637e-01,4.431692592054052859e-01,-1.402173297060154214e-02,1.813281267541864694e-01,4.520891016038725008e-01,-2.698693769815549426e-02,1.736045540872024340e-01
8.629999999999995453e+00,4.507304751114671326e-01,-1.391107841738630987e-02,1.683585797036202536e-01,4.507207606630317942e-01,-1.391389982391327308e-02,1.683757740455294472e-01,4.601832461136051711e-01,-2.733255707590653838e-02,1.589648310759561589e-01
8.639999999999993463e+00,4.580340039480529368e-01,-1.377935937974297635e-02,1.543918568620935849e-01,4.580245849314518169e-01,-1.378195933862161326e-02,1.544105303944305896e-01,4.652179566066436678e-01,-2.743158956119182146e-02,1.492431488655910909e-01
8.649999999999998579e+00,4.649168336007513669e-01,-1.362294464096189262e-02,1.395567392275529617e-01,4.649077068701169546e-01,-1.362531665386080247e-02,1.395773169461435870e-01,4.721031300771351136e-01,-2.687453056966726539e-02,1.323440840673384411e-01
8.659999999999989484e+00,4.712373058749154686e-01,-1.344190262367037959e-02,1.239996498778556111e-01,4.712285180158921616e-01,-1.344401156857685797e-02,1.240224938162455270e-01,4.799747013428302678e-01,-2.644495961932571970e-02,1.129195747397080396e-01
8.669999999999994600e+00,4.768839320115924041e-01,-1.323692290815388535e-02,1.078669173401558684e-01,4.768753985865518130e-01,-1.323879277574291011e-02,1.078931110849934705e-01,4.841358261364513416e-01,-2.595425064732706510e-02,9.559817526108083108e-02
8.679999999999999716e+00,4.817738132193010170e-01,-1.300921804067763782e-02,9.130200680391227508e-02,4.817658590885950387e-01,-1.301085786640688788e-02,9.133154565267215252e-02,4.879166384390074551e-01,-2.485336194726475711e-02,7.913959452856755838e-02
8.689999999999990621e+00,4.858503726247572208e-01,-1.276041774452904044e-02,7.444300318179825071e-02,4.858432319559303214e-01,-1.276182385095726499e-02,7.447620145743841236e-02,4.906376236914880007e-01,-2.380942466972543747e-02,6.726956561213581764e-02
8.699999999999995737e+00,4.890806444806297670e-01,-1.249246367329722752e-02,5.742045898879877264e-02,4.890749587927491482e-01,-1.249360015791419268e-02,5.745532023856671222e-02,4.929535040494260612e-01,-2.326888907049623478e-02,4.811050790188275972e-02
8.709999999999993747e+00,4.914523215233175257e-01,-1.220751022244898412e-02,4.035567087354310217e-02,4.914482134862330209e-01,-1.220834343011728378e-02,4.039207701003832279e-02,4.947527495675241305e-01,-2.204824605887778510e-02,3.181594720683145194e-02
8.719999999999991758e+00,4.929707216707480688e-01,-1.190783539366170249e-02,2.335940713373488992e-02,4.929684294298296576e-01,-1.190832447658301922e-02,2.339528932297128827e-02,4.956969638382668908e-01,-2.045717811677258413e-02,1.675124977359832013e-02
8.729999999999996874e+00,4.936558000850526651e-01,-1.159576327408115906e-02,6.531075929924662349e-03,4.936552422130816575e-01,-1.159594890487851936e-02,6.566002699295019930e-03,4.960403840933911290e-01,-1.895100043872513518e-02,5.938907484788535918e-03
8.739999999999994884e+00,4.935393013503819315e-01,-1.127359939115340354e-02,-1.004169915549886147e-02,4.935403505711643546e-01,-1.127355942031710127e-02,-1.000794388311860780e-02,4.961374160830581692e-01,-1.707100933749247651e-02,-7.556253013357161485e-03
8.749999999999992895e+00,4.926621193083062233e-01,-1.094357865417328393e-02,-2.628314476944367331e-02,4.926645943111119252e-01,-1.094344992996644332e-02,-2.625116608419017505e-02,4.957703529179857682e-01,-1.553286101431572419e-02,-1.997371672856984581e-02
8.759999999999998010e+00,4.910719086786340948e-01,-1.060782506990991247e-02,-4.212910140707750578e-02,4.910757136264521927e-01,-1.060771689219117304e-02,-4.209814999179171957e-02,4.947171951591509131e-01,-1.381463776925173637e-02,-3.833554912802739079e-02
8.769999999999996021e+00,4.888209730462644287e-01,-1.026832253662315550e-02,-5.752654425618275447e-02,4.888258745969524255e-01,-1.026829336462382544e-02,-5.749736199574807111e-02,4.935320908071603174e-01,-1.198442259480309025e-02,-5.130613717817400499e-02
8.779999999999994031e+00,4.859644378979384727e-01,-9.926894875980297323e-03,-7.243291959669093116e-02,4.859703443767807718e-01,-9.926949326422289388e-03,-7.240512452839130420e-02,4.919623872150362676e-01,-9.764389561746883439e-03,-6.179717876570545165e-02
8.789999999999999147e+00,4.825587050203278827e-01,-9.585194287921055059e-03,-8.681535040436155759e-02,4.825653796561486519e-01,-9.585295038172576831e-03,-8.678936948980878197e-02,4.899480540052563171e-01,-7.384423442409554506e-03,-7.287445392247693388e-02
8.799999999999990052e+00,4.786601752300193025e-01,-9.244696414784807359e-03,-1.006497593665820894e-01,4.786674292357703253e-01,-9.244867600645441733e-03,-1.006256810839289140e-01,4.879992840155011891e-01,-5.493547203583332150e-03,-8.154165008112079782e-02
8.809999999999995168e+00,4.743242199484090649e-01,-8.906700859347404034e-03,-1.139199502652213369e-01,4.743319515390213015e-01,-8.907090232383492109e-03,-1.138975686503102130e-01,4.845428743751948319e-01,-3.469423937508792077e-03,-9.547733904845989716e-02
8.819999999999993179e+00,4.696043779325442258e-01,-8.572335987420725417e-03,-1.266166817249720078e-01,4.696123355067907124e-01,-8.573216964434780124e-03,-1.265962632190917592e-01,4.806645989679709796e-01,-1.586648622612402137e-03,-1.084798854138510071e-01
8.829999999999991189e+00,4.645517513327024894e-01,-8.242566845433856385e-03,-1.387367601562123909e-01,4.645599415662730047e-01,-8.244136335916658204e-03,-1.387178776277691317e-01,4.767010205814576906e-01,-7.342253245274932283e-04,-1.199282429096173441e-01
8.839999999999996305e+00,4.592145745530722412e-01,-7.918205299912089296e-03,-1.502821723436239543e-01,4.592228134981585774e-01,-7.920604509998511664e-03,-1.502649369169181959e-01,4.721824197007565838e-01,-2.006254000884999389e-04,-1.317604047632054964e-01
8.849999999999994316e+00,4.536379299155475775e-01,-7.599921700721727971e-03,-1.612592723116706706e-01,4.536462342092536515e-01,-7.603056767132415281e-03,-1.612433786270530411e-01,4.665385773687195092e-01,1.288959976733256019e-03,-1.450690596743100524e-01
8.859999999999992326e+00,4.478635855632351337e-01,-7.288257311423711714e-03,-1.716780320339603427e-01,4.478718566741529128e-01,-7.291861657465543121e-03,-1.716634645783647606e-01,4.603799555657663856e-01,2.915474662543715567e-03,-1.586371387599063709e-01
8.869999999999997442e+00,4.419299329578033064e-01,-6.983636979697240531e-03,-1.815513614612641602e-01,4.419381119579938733e-01,-6.987292070511927009e-03,-1.815380462937496997e-01,4.537019808028726064e-01,3.261827513177995019e-03,-1.718775792717562867e-01
8.879999999999995453e+00,4.358720035860175201e-01,-6.686381792079611024e-03,-1.908945000044075802e-01,4.358800825044039651e-01,-6.689860937156137145e-03,-1.908822895352003668e-01,4.468287888309319111e-01,3.506485261014963273e-03,-1.840842402499188735e-01
8.889999999999993463e+00,4.297215469942146648e-01,-6.396721321172351045e-03,-1.997244789271820642e-01,4.297293841971031036e-01,-6.400042861910515066e-03,-1.997134486942760967e-01,4.386874222708744275e-01,3.552170457839787243e-03,-1.972118870523065226e-01
8.899999999999998579e+00,4.235071547214945276e-01,-6.114805148345619709e-03,-2.080596521758533712e-01,4.235148008748056414e-01,-6.118145560908215888e-03,-2.080495873493275749e-01,4.303372409798681408e-01,3.338332953697037420e-03,-2.096282185646356488e-01
8.909999999999989484e+00,4.172544169996211250e-01,-5.840713773340500993e-03,-2.159192918447239429e-01,4.172617410352774114e-01,-5.844479598849699510e-03,-2.159102516301923957e-01,4.210044896792141111e-01,3.077345681265414301e-03,-2.221025550299904339e-01
8.919999999999994600e+00,4.109861014049033812e-01,-5.574468550588403820e-03,-2.233232434743291084e-01,4.109931443671014373e-01,-5.578839117595835347e-03,-2.233150646227744229e-01,4.125366906204886996e-01,2.971819735363645520e-03,-2.324023854939313294e-01
8.929999999999999716e+00,4.047223445662102015e-01,-5.316040755214457986e-03,-2.302916359328079365e-01,4.047290466866326764e-01,-5.321117899825914509e-03,-2.302843018131496000e-01,4.044695719456875560e-01,3.292859287998051165e-03,-2.412776742717125389e-01
8.939999999999990621e+00,3.984808498402450105e-01,-5.065359804084009626e-03,-2.368446403824960300e-01,3.984872375719341608e-01,-5.070965120645368890e-03,-2.368380429854101688e-01,3.955453881045264408e-01,3.120959137496492897e-03,-2.505717264473629191e-01
8.949999999999995737e+00,3.922770854424260101e-01,-4.822320521126076051e-03,-2.430022728291161838e-01,3.922831869818936834e-01,-4.828204328066239975e-03,-2.429963191969612968e-01,3.884045952171162330e-01,2.764274297693075644e-03,-2.573607921779517138e-01
8.959999999999993747e+00,3.861244787989022709e-01,-4.586789618531884535e-03,-2.487842349590358160e-01,3.861303585327813259e-01,-4.592663175690431254e-03,-2.487788058941554359e-01,3.803263002694993178e-01,2.227334537704572792e-03,-2.642611749626104789e-01
8.969999999999991758e+00,3.800346040386370361e-01,-4.358611342174456386e-03,-2.542097882391507468e-01,3.800403497282601739e-01,-4.364223103838505910e-03,-2.542047561952423540e-01,3.715326986781724017e-01,2.582152790900793526e-03,-2.707708713347937168e-01
8.979999999999996874e+00,3.740173604411929920e-01,-4.137612358702399962e-03,-2.592976566371330005e-01,3.740230410513562531e-01,-4.142845988413707686e-03,-2.592929265572554987e-01,3.656648365205449336e-01,3.053573956560112768e-03,-2.751480848395473355e-01
8.989999999999994884e+00,3.680811403888237798e-01,-3.923606055049333637e-03,-2.640659537341781271e-01,3.680865864011540478e-01,-3.928355182081058258e-03,-2.640616613904962495e-01,3.600843443547337985e-01,2.777194158911977517e-03,-2.789266663440930216e-01
8.999999999999992895e+00,3.622663546368853349e-01,-3.717365451640588896e-03,-2.685205275605346276e-01,3.622718418611493019e-01,-3.721728356124480702e-03,-2.685164748813662627e-01,3.567249945484944895e-01,3.361240663472542245e-03,-2.809982813037648075e-01
9.009999999999998010e+00,3.568806854040990073e-01,-3.527443721447595572e-03,-2.725451933280277905e-01,3.568867559517054366e-01,-3.531467685373831412e-03,-2.725409731145184145e-01,3.535878537941583577e-01,4.105459128056682117e-03,-2.825969539830897048e-01
9.019999999999996021e+00,3.526452295928236835e-01,-3.374915582961847231e-03,-2.757849604617492179e-01,3.526519729933811909e-01,-3.378649432194801711e-03,-2.757803261314532572e-01,3.523585996863907166e-01,4.673038251481659300e-03,-2.828162729499474892e-01
9.029999999999994031e+00,3.501199081299387617e-01,-3.277772211759247701e-03,-2.778776586931476222e-01,3.501286418583340332e-01,-3.281283862945741630e-03,-2.778710581074428920e-01,3.522829875924529119e-01,5.180868231663832146e-03,-2.823340642128727707e-01
9.039999999999999147e+00,3.495524144431118030e-01,-3.245202679194727352e-03,-2.786422619894830532e-01,3.495594524420158611e-01,-3.248387705395019455e-03,-2.786366775469864554e-01,3.539224460628717095e-01,6.017646284588396011e-03,-2.803892299201199423e-01
9.049999999999990052e+00,3.509927282408546456e-01,-3.280366046229835335e-03,-2.780082797905319425e-01,3.509968700109932227e-01,-3.283211814052736099e-03,-2.780050769129968624e-01,3.566673384950536096e-01,6.604600630228218971e-03,-2.774541854511602956e-01
9.059999999999995168e+00,3.543498900037938548e-01,-3.382310850312307896e-03,-2.759596387139228169e-01,3.543521012485261745e-01,-3.384899101722588927e-03,-2.759583140267666823e-01,3.600525773847509381e-01,5.761277174425483150e-03,-2.758262219520526415e-01
9.069999999999993179e+00,3.594385683481069460e-01,-3.547401797047496520e-03,-2.725056226569022022e-01,3.594408074586530333e-01,-3.549847289522933477e-03,-2.725045236537471105e-01,3.632787300172217737e-01,3.620873464120211160e-03,-2.758275889754838728e-01
9.079999999999991189e+00,3.660157098698153533e-01,-3.770337892192850322e-03,-2.676684976701680374e-01,3.660182566416162464e-01,-3.772701321767314014e-03,-2.676675119122646218e-01,3.714599201526767036e-01,3.874243032173124712e-03,-2.700934712053991715e-01
9.089999999999996305e+00,3.738082930150195549e-01,-4.044861502527275290e-03,-2.614801245317653344e-01,3.738127304348431434e-01,-4.047245201804838995e-03,-2.614776420039188753e-01,3.800584835694044150e-01,2.976758558821374079e-03,-2.628608706167514519e-01
9.099999999999994316e+00,3.825336866422542337e-01,-4.364244723463649861e-03,-2.539825253972569086e-01,3.825413895559608424e-01,-4.366706381255844316e-03,-2.539766678102486908e-01,3.889714830039252558e-01,3.109061667804557949e-03,-2.552735752378165746e-01
9.109999999999992326e+00,3.919141654793882878e-01,-4.721620836302737288e-03,-2.452294805647303733e-01,3.919253162932181400e-01,-4.724159714977327687e-03,-2.452193974627661088e-01,3.992270895172757017e-01,2.916251922609414127e-03,-2.464837365610753617e-01
9.119999999999997442e+00,4.016869449000811110e-01,-5.110210483072318705e-03,-2.352876887980968890e-01,4.017013010160795927e-01,-5.112789090925371795e-03,-2.352729584716459488e-01,4.101301055680072194e-01,2.791226513380679064e-03,-2.359114908866245530e-01
9.129999999999995453e+00,4.116108281270438596e-01,-5.523476870260226983e-03,-2.242369292487426946e-01,4.116312102770593451e-01,-5.526239791673867585e-03,-2.242135255939646521e-01,4.207971528630264357e-01,2.344769663456980346e-03,-2.245215067766641592e-01
9.139999999999993463e+00,4.214703019431577657e-01,-5.955232480748809225e-03,-2.121691675249439690e-01,4.214954249766122985e-01,-5.958135446022153926e-03,-2.121370478789753322e-01,4.309671950909244043e-01,1.415714510155458017e-03,-2.134245885249683727e-01
9.149999999999998579e+00,4.310777083802549425e-01,-6.399711661459669791e-03,-1.991867923344816937e-01,4.311041918021203401e-01,-6.402638730653226716e-03,-1.991490651451474636e-01,4.398511338163029194e-01,9.503158964866698089e-04,-2.015993836270293382e-01
9.159999999999989484e+00,4.402739643651862878e-01,-6.851618484354867269e-03,-1.854002574287104410e-01,4.403013362190337232e-01,-6.854657659578876870e-03,-1.853566621618683297e-01,4.514467401981711037e-01,5.477674257961528959e-05,-1.844297423492775589e-01
9.169999999999994600e+00,4.489281905768242042e-01,-7.306155528463565384e-03,-1.709254068635511770e-01,4.489551222731063551e-01,-7.309372176905449235e-03,-1.708772069057538923e-01,4.607054940347375949e-01,-7.356996825957085040e-04,-1.681449356272993745e-01
9.179999999999999716e+00,4.569365326237401770e-01,-7.759037426657171277e-03,-1.558807240514024639e-01,4.569605707562353070e-01,-7.762458493587201351e-03,-1.558321070689171473e-01,4.693309232233723316e-01,-1.860623684826617774e-03,-1.499749994492317606e-01
9.189999999999990621e+00,4.642204014918986377e-01,-8.206492333272486991e-03,-1.403846924197143797e-01,4.642411266288283822e-01,-8.210256909521099905e-03,-1.403369301867334051e-01,4.755456730587722669e-01,-2.444507441550947124e-03,-1.343041854764767118e-01
9.199999999999995737e+00,4.707243185930070628e-01,-8.645252950057264602e-03,-1.245534009796528258e-01,4.707427952467870824e-01,-8.649566408619004110e-03,-1.245042974475991243e-01,4.799640666848082882e-01,-2.975717566809976677e-03,-1.212775118479506586e-01
9.209999999999993747e+00,4.764135173753484276e-01,-9.072539394228440815e-03,-1.084984795462118901e-01,4.764287442802134231e-01,-9.077434317027266095e-03,-1.084511150159116200e-01,4.849596240084323995e-01,-4.045329477703057952e-03,-1.043920565018706670e-01
9.219999999999991758e+00,4.812714260478820338e-01,-9.486035405185423708e-03,-9.232540751303894289e-02,4.812833681492358906e-01,-9.491491690155043695e-03,-9.228101214534410734e-02,4.899826517467152920e-01,-5.198389084353188805e-03,-8.411872488112914770e-02
9.229999999999996874e+00,4.852971320371818331e-01,-9.883859346134915916e-03,-7.613220811382846731e-02,4.853062061361422264e-01,-9.889762702314949111e-03,-7.609067198971446178e-02,4.931458654717243428e-01,-6.746638857228204333e-03,-6.776323956386265390e-02
9.239999999999994884e+00,4.885029075431499002e-01,-1.026453146973205915e-02,-6.000851646894508895e-02,4.885093204980698323e-01,-1.027068321854462951e-02,-5.997073509500418231e-02,4.952900555882032707e-01,-8.235444254398677222e-03,-5.511422341314531348e-02
9.249999999999992895e+00,4.909118566724872679e-01,-1.062693875650475191e-02,-4.403499328691766468e-02,4.909160119451773108e-01,-1.063317351689679717e-02,-4.400108549325399548e-02,4.967477998924934024e-01,-9.502138779187374595e-03,-4.390913991080536150e-02
9.259999999999998010e+00,4.925557279552852386e-01,-1.097029842838940020e-02,-2.828304557707274347e-02,4.925580238709358349e-01,-1.097652243220936796e-02,-2.825306573683190881e-02,4.980365120074375374e-01,-1.109444668692874392e-02,-3.068878831875798685e-02
9.269999999999996021e+00,4.934729214784525642e-01,-1.129412111640623780e-02,-1.281481006623572463e-02,4.934737707024299813e-01,-1.130031391801821286e-02,-1.278797893137227810e-02,4.989559640913742156e-01,-1.211853766559947698e-02,-1.760682176511663144e-02
9.279999999999994031e+00,4.937067074374906217e-01,-1.159817463963483744e-02,2.316646498418136954e-03,4.937064050838154694e-01,-1.160433264079158144e-02,2.340969181954788945e-03,4.992438919320775215e-01,-1.353964977392879687e-02,-2.808577872368100969e-03
9.289999999999999147e+00,4.933036626872425723e-01,-1.188244897907774107e-02,1.706695554522430491e-02,4.933024307663742558e-01,-1.188852822642987375e-02,1.708903494027995754e-02,4.990695136393442088e-01,-1.475920780338060845e-02,7.400257831590595359e-03
9.299999999999990052e+00,4.923123235794401586e-01,-1.214712309400340501e-02,3.139994537183046774e-02,4.923103374396418097e-01,-1.215307004403406652e-02,3.142010540534421331e-02,4.985375661165307726e-01,-1.585891154177662687e-02,1.525604229700627812e-02
9.309999999999995168e+00,4.907820470056916684e-01,-1.239253389912268674e-02,4.528704874518461876e-02,4.907794514099860783e-01,-1.239828969565289971e-02,4.530549292711352760e-02,4.971542325428227049e-01,-1.834826371502840114e-02,2.959498350576339476e-02
9.319999999999993179e+00,4.887620669413474395e-01,-1.261914775348306136e-02,5.870665247906575041e-02,4.887590170789602451e-01,-1.262467753578708912e-02,5.872333895143381360e-02,4.958322055664720618e-01,-1.953092827268393394e-02,4.090764009322245265e-02
9.329999999999991189e+00,4.863007305828116467e-01,-1.282753464321192971e-02,7.164341740515174639e-02,4.862973217771078271e-01,-1.283281255559777512e-02,7.165859710727580378e-02,4.939043123287426562e-01,-2.066862126258556254e-02,5.129245913024094161e-02
9.339999999999996305e+00,4.834448963024186030e-01,-1.301834498422806130e-02,8.408759187269794488e-02,4.834411816510792992e-01,-1.302335135564854952e-02,8.410155469712971010e-02,4.913879919695047782e-01,-2.190367063956363824e-02,6.480283952524101831e-02
9.349999999999994316e+00,4.802394747809436981e-01,-1.319228914982471627e-02,9.603433724446591713e-02,4.802355531654152743e-01,-1.319706587622810484e-02,9.604707268441653456e-02,4.885937681182180858e-01,-2.322315061802102121e-02,7.710306700968461158e-02
9.359999999999992326e+00,4.767270946458778136e-01,-1.335011973115502598e-02,1.074830795051311544e-01,4.767229392678432598e-01,-1.335475214394296270e-02,1.074949695559713342e-01,4.849703757762918177e-01,-2.439822515095149691e-02,9.179133034102671118e-02
9.369999999999997442e+00,4.729478745965866038e-01,-1.349261602679670095e-02,1.184368971906687024e-01,4.729435320127730602e-01,-1.349721329070163733e-02,1.184479856218196847e-01,4.807919255953434501e-01,-2.521666188432708511e-02,1.046609331071925997e-01
9.379999999999995453e+00,4.689392849718066469e-01,-1.362057112420277799e-02,1.289019526780536828e-01,4.689347594386248930e-01,-1.362521350948852489e-02,1.289123799273863002e-01,4.765797133593786539e-01,-2.618703754166276654e-02,1.175579099014656403e-01
9.389999999999993463e+00,4.647360831698730266e-01,-1.373478088771016258e-02,1.388869709691173127e-01,4.647313779656290778e-01,-1.373945114254829583e-02,1.388968500453038879e-01,4.713746308702533305e-01,-2.713654137407228717e-02,1.311699709448982398e-01
9.399999999999998579e+00,4.603703087862607291e-01,-1.383603502224577293e-02,1.484027679729918725e-01,4.603654811578939410e-01,-1.384070465325887983e-02,1.484120652308306421e-01,4.659321302145842392e-01,-2.765209994094949830e-02,1.442042409794425106e-01
9.409999999999989484e+00,4.558713260097332909e-01,-1.392510971140228232e-02,1.574618284366803289e-01,4.558662949068201797e-01,-1.392971359836974420e-02,1.574708055660028472e-01,4.604812421864094008e-01,-2.795300530368852177e-02,1.561862057966678652e-01
9.419999999999994600e+00,4.512659023690994142e-01,-1.400276192982459304e-02,1.660779323801123697e-01,4.512606799486145737e-01,-1.400728616080542006e-02,1.660866148174428014e-01,4.531298625959161441e-01,-2.808484977398631455e-02,1.709329093917107967e-01
9.429999999999999716e+00,4.465783145430170520e-01,-1.406972487610633725e-02,1.742658278386982895e-01,4.465729827686075182e-01,-1.407413877724269027e-02,1.742741088195848553e-01,4.468940289881644379e-01,-2.837972030138657953e-02,1.817406312016568437e-01
9.439999999999990621e+00,4.418304733175160148e-01,-1.412670478080566699e-02,1.820409470955243192e-01,4.418250474239863723e-01,-1.413099186959806963e-02,1.820488516321658035e-01,4.400389919698556307e-01,-2.851774778714111225e-02,1.924944235703076600e-01
9.449999999999995737e+00,4.370420612064210841e-01,-1.417437841332064991e-02,1.894191630792658732e-01,4.370366219715894340e-01,-1.417852323660169327e-02,1.894266049147820818e-01,4.353083051030997019e-01,-2.852206309140897789e-02,1.997995038625456354e-01
9.459999999999993747e+00,4.322306773407647573e-01,-1.421339162936358438e-02,1.964165824413509620e-01,4.322252579358567548e-01,-1.421737978419205725e-02,1.964235605395864281e-01,4.280546419607307307e-01,-2.832999824483117823e-02,2.092493771007700731e-01
9.469999999999991758e+00,4.274119853776899292e-01,-1.424435845474433110e-02,2.030493716938430726e-01,4.274066530931551200e-01,-1.424812740863886165e-02,2.030558395048535081e-01,4.155042864659003188e-01,-2.362935224696541270e-02,2.288674572004464336e-01
9.479999999999996874e+00,4.225998610352972307e-01,-1.426786078644525640e-02,2.093336128701586141e-01,4.225946055143903202e-01,-1.427131073508326915e-02,2.093396378477217490e-01,4.110474588576064070e-01,-2.353390455739409748e-02,2.331143158922501790e-01
9.489999999999994884e+00,4.178065366769431188e-01,-1.428444847682234717e-02,2.152851852840623192e-01,4.178012873072748379e-01,-1.428750151638082111e-02,2.152909046531907566e-01,4.077328672931628262e-01,-2.369306939686333102e-02,2.356646689912910153e-01
9.499999999999992895e+00,4.130680435508672366e-01,-1.429478671787644956e-02,2.208999741063674693e-01,4.130630920914957760e-01,-1.429751672487829597e-02,2.209050799826750844e-01,4.051803945439776955e-01,-2.350774551440790172e-02,2.377466880160796769e-01
9.509999999999998010e+00,4.086318101519144652e-01,-1.430004480957912730e-02,2.259950303260915005e-01,4.086273844431346780e-01,-1.430252136677076166e-02,2.259994090419731594e-01,4.031413711178649661e-01,-2.346098472713456506e-02,2.384115641448927292e-01
9.519999999999996021e+00,4.051039117527467925e-01,-1.430147716976436743e-02,2.300599773665011893e-01,4.050991484174800705e-01,-1.430375002209293214e-02,2.300645145151571369e-01,4.025515964029922067e-01,-2.329637971880038627e-02,2.381365129994740260e-01
9.529999999999994031e+00,4.029722572170877926e-01,-1.429933477410273192e-02,2.326298793197558723e-01,4.029691241296807780e-01,-1.430142901466457082e-02,2.326319014814096642e-01,4.028224837071047171e-01,-2.306599549863427856e-02,2.368827110381974688e-01
9.539999999999999147e+00,4.024643316445861152e-01,-1.429459394377920363e-02,2.334802584726961838e-01,4.024585790682387865e-01,-1.429655516348359717e-02,2.334852990907167469e-01,4.040488310503334013e-01,-2.277062883879307775e-02,2.347364735388889345e-01
9.549999999999990052e+00,4.036334027010667902e-01,-1.428770513592429216e-02,2.325307857350604746e-01,4.036252037623067612e-01,-1.428956638993419785e-02,2.325391035442247456e-01,4.058596616708065596e-01,-2.251409530722894847e-02,2.319114559941687359e-01
9.559999999999995168e+00,4.064017209408696818e-01,-1.427789189620902975e-02,2.297818050340948715e-01,4.063934378937590353e-01,-1.427966689484058346e-02,2.297906696659871295e-01,4.099028712639908312e-01,-2.172730392443186775e-02,2.277226064858730581e-01
9.569999999999993179e+00,4.105996456501458947e-01,-1.426312581064543075e-02,2.252778687250973633e-01,4.105916718456583125e-01,-1.426483457551890738e-02,2.252869467518713864e-01,4.144426046991515067e-01,-2.154985080582719204e-02,2.227424916306601776e-01
9.579999999999991189e+00,4.159990026273392982e-01,-1.424044442820255642e-02,2.190888108598628703e-01,4.159921851421957140e-01,-1.424209899226772276e-02,2.190970656104691827e-01,4.212056050313924827e-01,-2.106895695866808915e-02,2.155951404974296715e-01
9.589999999999996305e+00,4.223400496818668914e-01,-1.420639091533795577e-02,2.113010591999908983e-01,4.223353480449589803e-01,-1.420798432039687732e-02,2.113069836448586980e-01,4.272215745283535204e-01,-2.082311272743728181e-02,2.094951317569748728e-01
9.599999999999994316e+00,4.293523367761766796e-01,-1.415744219889449561e-02,2.020141633770907996e-01,4.293498888460753893e-01,-1.415897642627519416e-02,2.020172902112598035e-01,4.356040564657009950e-01,-2.073396094314489124e-02,1.993404120736197438e-01
9.609999999999992326e+00,4.367702115479708547e-01,-1.409035878307363272e-02,1.913394324006439939e-01,4.367714008726759078e-01,-1.409185694661805981e-02,1.913374163278353246e-01,4.440631315283356528e-01,-2.037454771075805637e-02,1.877118358689501276e-01
9.619999999999997442e+00,4.443438592781945862e-01,-1.400243325783894280e-02,1.793989790203263379e-01,4.443495166577646760e-01,-1.400386312502018352e-02,1.793893113590256383e-01,4.517383117217235178e-01,-2.041501275076268440e-02,1.756672124089143638e-01
9.629999999999995453e+00,4.518467291037055467e-01,-1.389163909639226646e-02,1.663243952031572548e-01,4.518556288561830780e-01,-1.389295061828620115e-02,1.663074737469104891e-01,4.605403781159097543e-01,-2.063610421043771126e-02,1.599233577730253542e-01
9.639999999999993463e+00,4.590800907958935140e-01,-1.375669436756326441e-02,1.522548368731809210e-01,4.590905755096246765e-01,-1.375789192094130364e-02,1.522323667447201267e-01,4.672323621798730731e-01,-2.086148138320989553e-02,1.465379569389823056e-01
9.649999999999998579e+00,4.658753465366866631e-01,-1.359705852028949592e-02,1.373345893668964646e-01,4.658869391872506593e-01,-1.359819819953201996e-02,1.373063470623702154e-01,4.731606011239093412e-01,-2.046719969502217018e-02,1.334868439735754642e-01
9.659999999999989484e+00,4.720946137345236049e-01,-1.341288163393674834e-02,1.217103118674953133e-01,4.721061114797859282e-01,-1.341402198747147258e-02,1.216779920556542022e-01,4.792677108415897003e-01,-1.961211754333966328e-02,1.171045757770740048e-01
9.669999999999994600e+00,4.776300049174899698e-01,-1.320492245838127306e-02,1.055281877644996813e-01,4.776402543784696308e-01,-1.320611492626173021e-02,1.054942941069454965e-01,4.847108900029377665e-01,-1.889494524515039631e-02,9.919910263933540140e-02
9.679999999999999716e+00,4.824019572193670724e-01,-1.297444912582494322e-02,8.893118490246287866e-02,4.824103697108710342e-01,-1.297568863730604732e-02,8.889758906231701174e-02,4.887024221490690046e-01,-1.787294742438702566e-02,8.205817583891839018e-02
9.689999999999990621e+00,4.863569034227528953e-01,-1.272313342940991666e-02,7.205658388490070176e-02,4.863640338666332386e-01,-1.272432694373486738e-02,7.202101395831589370e-02,4.917321380018848664e-01,-1.765014842269974071e-02,6.465315183694864132e-02
9.699999999999995737e+00,4.894645253950309916e-01,-1.245294605586492499e-02,5.503388085660345513e-02,4.894698224435813372e-01,-1.245410224506618077e-02,5.499886122968609264e-02,4.938646120862888456e-01,-1.675180053004271530e-02,4.828569287158535062e-02
9.709999999999993747e+00,4.917147862009738080e-01,-1.216605881101328474e-02,3.798312315123524019e-02,4.917181433639952193e-01,-1.216726999756394777e-02,3.795049459489639732e-02,4.954455702799199779e-01,-1.581158416824812729e-02,3.066816993152698956e-02
9.719999999999991758e+00,4.931148980440008822e-01,-1.186475686686108005e-02,2.101369554901592884e-02,4.931166138285023592e-01,-1.186623418575889419e-02,2.098280321586196498e-02,4.963469608926868171e-01,-1.444265770896438483e-02,1.471682953582786890e-02
9.729999999999996874e+00,4.936863482792133717e-01,-1.155136280519654217e-02,4.223543631443875228e-03,4.936866192565181333e-01,-1.155327437606200498e-02,4.193794051828383419e-03,4.965855044659590600e-01,-1.337340010527704459e-02,1.590798549502836501e-03
9.739999999999994884e+00,4.934620748986836558e-01,-1.122817373102763874e-02,-1.230120126233288404e-02,4.934611149810009256e-01,-1.123071686563114312e-02,-1.232703660353645647e-02,4.965593695414841635e-01,-1.149291682478337240e-02,-1.265658399477631590e-02
9.749999999999992895e+00,4.924838561069332377e-01,-1.089741059666059567e-02,-2.848624548497425552e-02,4.924819850412963662e-01,-1.090040900993710649e-02,-2.850891149123346499e-02,4.960929320868814330e-01,-9.950200514833223986e-03,-2.450018345100479777e-02
9.759999999999998010e+00,4.907999555652304835e-01,-1.056117947389301377e-02,-4.426886203801852493e-02,4.907975492100065118e-01,-1.056443879799812656e-02,-4.428774590687777069e-02,4.949482719521032248e-01,-8.678978971980083612e-03,-4.185025283280996433e-02
9.769999999999996021e+00,4.884630457899536427e-01,-1.022144343990386874e-02,-5.959738450955021083e-02,4.884604021137166630e-01,-1.022470102252274332e-02,-5.961278609318886035e-02,4.937513329347215096e-01,-7.215909566495010141e-03,-5.269369902932119487e-02
9.779999999999994031e+00,4.855284167285749963e-01,-9.880003902217809192e-03,-7.443052358772370147e-02,4.855257154361465322e-01,-9.883156941978409049e-03,-7.444306821816536190e-02,4.919158550055481305e-01,-5.480236819876610488e-03,-6.464944113465886932e-02
9.789999999999999147e+00,4.820524644812551607e-01,-9.538489818321104277e-03,-8.873655948205522170e-02,4.820498537484622092e-01,-9.541482268599589187e-03,-8.874665311647850219e-02,4.895697193222383614e-01,-3.784199638115631759e-03,-7.622214624063516908e-02
9.799999999999990052e+00,4.780914462404393106e-01,-9.198353515843086387e-03,-1.024924572852952409e-01,4.780889514937037843e-01,-9.201178641614319795e-03,-1.025007280919453950e-01,4.871605217365770901e-01,-1.787360279563554588e-03,-8.624379058958686617e-02
9.809999999999995168e+00,4.737004812861876357e-01,-8.860871847386316696e-03,-1.156829455240936805e-01,4.736981321225818276e-01,-8.863515859445916106e-03,-1.156897669603704909e-01,4.841863811853117650e-01,-5.604671724807053224e-04,-9.769990159371266802e-02
9.819999999999993179e+00,4.689327740311663995e-01,-8.527151346093088391e-03,-1.282995908257784923e-01,4.689306169579998129e-01,-8.529895200616081918e-03,-1.283051471584522873e-01,4.795596205680803248e-01,1.969300259648254503e-04,-1.127872821150934790e-01
9.829999999999991189e+00,4.638390330335757650e-01,-8.198136548498591997e-03,-1.403398948648635625e-01,4.638370958340241601e-01,-8.201363141163226650e-03,-1.403443539906637783e-01,4.747728596910351095e-01,1.233799961032205905e-03,-1.258628835434340010e-01
9.839999999999996305e+00,4.584670595612266308e-01,-7.874620287090771872e-03,-1.518064330476147361e-01,4.584653301227087363e-01,-7.878734378512164405e-03,-1.518100018505791626e-01,4.700449980161462982e-01,1.320423078251059534e-03,-1.377534686954764442e-01
9.849999999999994316e+00,4.528614797587451335e-01,-7.557255513052534186e-03,-1.627060490343692212e-01,4.528601863099354086e-01,-7.562434895553307550e-03,-1.627084136232042899e-01,4.653240548224979456e-01,3.155359238142418921e-03,-1.482151387442333101e-01
9.859999999999992326e+00,4.470635961228887623e-01,-7.246567721067672350e-03,-1.730491140009098872e-01,4.470624206077809526e-01,-7.252706757061694841e-03,-1.730510499190359153e-01,4.593722001031124158e-01,3.291001626306133687e-03,-1.609225302594089468e-01
9.869999999999997442e+00,4.411113358516540184e-01,-6.942967700835555797e-03,-1.828488557153042093e-01,4.411101823711887082e-01,-6.949881602203192461e-03,-1.828505926861594688e-01,4.511138621980189667e-01,3.208126071617634079e-03,-1.770943449754019960e-01
9.879999999999995453e+00,4.350392760528769553e-01,-6.646764083654335513e-03,-1.921207591060463127e-01,4.350380999479406818e-01,-6.654294403972970361e-03,-1.921223985790404265e-01,4.455468312776733608e-01,3.031532061336550399e-03,-1.866399058752766793e-01
9.889999999999993463e+00,4.288787281806692442e-01,-6.358175552469043368e-03,-2.008820375611223841e-01,4.288774575213880613e-01,-6.366258607947384782e-03,-2.008837003424656098e-01,4.369510166112859917e-01,2.481469518171131039e-03,-2.003634729917298518e-01
9.899999999999998579e+00,4.226578666099777837e-01,-6.077342254393045158e-03,-2.091511722359163106e-01,4.226565710143394550e-01,-6.085919422321883591e-03,-2.091527580732491232e-01,4.287669438385318665e-01,2.090584024490499404e-03,-2.121405902681076094e-01
9.909999999999989484e+00,4.164018884943951893e-01,-5.804336577498944716e-03,-2.169475154393339655e-01,4.164006210918785311e-01,-5.813334075060572204e-03,-2.169489631191593160e-01,4.175758946949832406e-01,1.282088465221209450e-03,-2.265241861148764579e-01
9.919999999999994600e+00,4.101331943476899111e-01,-5.539172986893318995e-03,-2.242909532126181882e-01,4.101319369221759215e-01,-5.548458965680294445e-03,-2.242923023423099016e-01,4.087794071249538641e-01,7.166077633798118018e-04,-2.371053156244363747e-01
9.929999999999999716e+00,4.038715806928147578e-01,-5.281817026086107515e-03,-2.312016218014871782e-01,4.038703832132287119e-01,-5.291258803561062381e-03,-2.312028243589591137e-01,4.007269939745963239e-01,5.597868341075118437e-04,-2.456784760521011357e-01
9.939999999999990621e+00,3.976344379273556995e-01,-5.032193344060093693e-03,-2.376996724947111617e-01,3.976333211141708235e-01,-5.041649931562545463e-03,-2.377007201573151374e-01,3.908473714143674282e-01,-1.253235228836357962e-04,-2.552702061513372200e-01
9.949999999999995737e+00,3.914369480292101966e-01,-4.790192882729140192e-03,-2.438050793693549712e-01,3.914359248725478579e-01,-4.799587108472008409e-03,-2.438059732228794740e-01,3.851526836923849784e-01,-4.257570220562445495e-04,-2.606271653498187790e-01
9.959999999999993747e+00,3.852922780492903376e-01,-4.555679240314049021e-03,-2.495374846592268159e-01,3.852913510080311910e-01,-4.564972166676453495e-03,-2.495382349797052313e-01,3.757090067692124835e-01,-1.854862141540070120e-03,-2.696024467750638420e-01
9.969999999999991758e+00,3.792117664270643340e-01,-4.328494212616123063e-03,-2.549160767708588682e-01,3.792109080836804647e-01,-4.337722800799895598e-03,-2.549167211693131874e-01,3.611379533528731312e-01,-5.855857935399833014e-03,-2.837285614498461506e-01
9.979999999999996874e+00,3.732051000419192577e-01,-4.108462633668726223e-03,-2.599594963570817652e-01,3.732043559449169656e-01,-4.117649187010191322e-03,-2.599600003913043467e-01,3.558627265201179668e-01,-5.338651988116893676e-03,-2.865568702640318710e-01
9.989999999999994884e+00,3.672804806547485534e-01,-3.895396541446452532e-03,-2.646857662640066389e-01,3.672797216728213021e-01,-3.904561416973611424e-03,-2.646862547923929387e-01,3.512337131990173056e-01,-5.044833295887757307e-03,-2.889628706222264753e-01
9.999999999999992895e+00,3.614715796223252897e-01,-3.689875618714742646e-03,-2.691030406683032616e-01,3.614708475688623301e-01,-3.698945384452919077e-03,-2.691034742093421084e-01,3.483477242829638998e-01,-4.668166094308923153e-03,-2.903187103875681796e-01
1.000999999999999801e+01,3.560482194960087887e-01,-3.499334280045419358e-03,-2.731154633868352888e-01,3.560482544352774337e-01,-3.508252000733473944e-03,-2.731155188620692509e-01,3.465307535072231770e-01,-4.053165046653678383e-03,-2.907685539012310194e-01
1.001999999999999602e+01,3.517375140970896985e-01,-3.344847658904939042e-03,-2.763770175913139449e-01,3.517398862635257029e-01,-3.353625675852814087e-03,-2.763750551527727750e-01,3.461800262231213843e-01,-3.146900912557620833e-03,-2.901924700869896734e-01
1.002999999999999403e+01,3.491217929992309621e-01,-3.244998406460291446e-03,-2.785142832536877666e-01,3.491220240324302004e-01,-3.253450441732102898e-03,-2.785142226054782011e-01,3.469887602557015782e-01,-2.725781521811215802e-03,-2.888975293568123437e-01
1.003999999999999915e+01,3.484618323780918070e-01,-3.209380964278925330e-03,-2.793381914239537189e-01,3.484605019459968145e-01,-3.217528270152877380e-03,-2.793397119075443635e-01,3.486392516716784185e-01,-2.447743677360947334e-03,-2.871281540968863011e-01
1.004999999999999005e+01,3.498167320264243818e-01,-3.241435921722345560e-03,-2.787736059359050000e-01,3.498167342847129380e-01,-3.249394708704570357e-03,-2.787742323460640770e-01,3.518407721488638895e-01,-1.920900771097161508e-03,-2.844954523532398083e-01
1.005999999999999517e+01,3.531015555880550605e-01,-3.340402271753018220e-03,-2.768015840905851954e-01,3.531034906250406502e-01,-3.348211358898530495e-03,-2.768006993607178279e-01,3.544091722892220853e-01,-2.300022453529088073e-03,-2.830158544212866278e-01
1.006999999999999318e+01,3.581346206719908110e-01,-3.502770512738526219e-03,-2.734293101687994554e-01,3.581381390601816594e-01,-3.510444212956953004e-03,-2.734270708862073795e-01,3.602101084806065279e-01,-2.494402739602968877e-03,-2.795908086219061062e-01
1.007999999999999119e+01,3.646747467121115860e-01,-3.723320098767373635e-03,-2.686771861467596167e-01,3.646794798162034668e-01,-3.730867387405247329e-03,-2.686737576890537715e-01,3.709544366243782143e-01,-2.783349117153055552e-03,-2.724866412052248110e-01
1.008999999999999631e+01,3.724494824161348472e-01,-3.995842129111862144e-03,-2.625752225223020875e-01,3.724562856912032038e-01,-4.003317789207081791e-03,-2.625695548800308088e-01,3.786091598974709038e-01,-3.519047175449707687e-03,-2.663939861636587247e-01
1.009999999999999432e+01,3.811758271667355369e-01,-4.313634921501577520e-03,-2.551635637761522357e-01,3.811849482049509685e-01,-4.321065302661476412e-03,-2.551550216428944973e-01,3.890312766576813353e-01,-3.649821049203277878e-03,-2.576887170147289519e-01
1.010999999999999233e+01,3.905750201479136763e-01,-4.669841593652928127e-03,-2.464941320614947307e-01,3.905846907074922436e-01,-4.677162811779891904e-03,-2.464842265105079144e-01,4.008487399806351936e-01,-3.901501445948918345e-03,-2.470519396405788104e-01
1.011999999999999744e+01,4.003827817262182176e-01,-5.057680416054187791e-03,-2.366318650294074177e-01,4.003912936711007675e-01,-5.064816571879855733e-03,-2.366224368029052061e-01,4.110338657142770247e-01,-4.146050653282135068e-03,-2.369667231597911705e-01
1.012999999999999545e+01,4.103561186925406279e-01,-5.470602827620757273e-03,-2.256549539234312118e-01,4.103629481271394153e-01,-5.477515991835583790e-03,-2.256468003781917919e-01,4.231454491751646119e-01,-4.516252896236805370e-03,-2.237640727888280390e-01
1.013999999999999346e+01,4.202775430202139173e-01,-5.902402226959497372e-03,-2.136540093943122276e-01,4.202829887589801805e-01,-5.909085660394448880e-03,-2.136469797276849270e-01,4.339259671310197186e-01,-4.956911612644998577e-03,-2.104671588307028829e-01
1.014999999999999858e+01,4.299573407993049212e-01,-6.347288277007776501e-03,-2.007303363881075831e-01,4.299618056298110669e-01,-6.353737843145467433e-03,-2.007240389742906694e-01,4.444597263030604095e-01,-5.042757686562288066e-03,-1.961241454857329813e-01
1.015999999999998948e+01,4.392343692864038585e-01,-6.799936082707144433e-03,-1.869935931658840700e-01,4.392376522655202509e-01,-6.806104330157622916e-03,-1.869884015133595201e-01,4.539762700082313751e-01,-5.664937894151483855e-03,-1.810840113482895530e-01
1.016999999999999460e+01,4.479757469976177742e-01,-7.255516187320561888e-03,-1.725591154743728040e-01,4.479779847791883207e-01,-7.261415316717622845e-03,-1.725551534093014705e-01,4.640253184893093907e-01,-5.943555444887838046e-03,-1.624132554937135486e-01
1.017999999999999972e+01,4.560757223530125248e-01,-7.709709287077409073e-03,-1.575451503162664524e-01,4.560766648300007553e-01,-7.715312644187983550e-03,-1.575432434240803814e-01,4.720591715714936853e-01,-6.778847306299323749e-03,-1.442739038113658445e-01
1.018999999999999062e+01,4.634539496227159106e-01,-8.158708544015369837e-03,-1.420701910709690208e-01,4.634538646269472650e-01,-8.164031158257610554e-03,-1.420704305553912861e-01,4.772106006376906073e-01,-7.069729628545601274e-03,-1.304561982498606554e-01
1.019999999999999574e+01,4.700533587699314841e-01,-8.599211579376195291e-03,-1.262505510695758060e-01,4.700526793772643042e-01,-8.604217956934636508e-03,-1.262524651508696305e-01,4.827962545162434171e-01,-7.113785170389380630e-03,-1.132858606209334873e-01
1.020999999999999375e+01,4.758377725302267991e-01,-9.028404087795132565e-03,-1.101982633869130063e-01,4.758366395611849931e-01,-9.033035982221023288e-03,-1.102019636179599055e-01,4.873071587253314796e-01,-7.566551555432565745e-03,-9.641488947416476663e-02
1.021999999999999176e+01,4.807893965492903154e-01,-9.443936584413243490e-03,-9.401935319268667213e-02,4.807885074637351930e-01,-9.448180176739174110e-03,-9.402290204135843599e-02,4.907955772198552280e-01,-8.513323270855327474e-03,-8.101206079763645374e-02
1.022999999999999687e+01,4.849062843434190362e-01,-9.843896042138528327e-03,-7.781249673689030755e-02,4.849054914703306851e-01,-9.847732717286934376e-03,-7.781638113463965056e-02,4.937525901618028401e-01,-9.610592649864135861e-03,-6.601999810122616275e-02
1.023999999999999488e+01,4.881998578729901950e-01,-1.022677344180692068e-02,-6.166805630999405707e-02,4.881994588087663622e-01,-1.023028986602460798e-02,-6.167065881361084856e-02,4.961266334574401249e-01,-1.082773529870978413e-02,-5.119874085159648036e-02
1.024999999999999289e+01,4.906925452526322839e-01,-1.059142897329962835e-02,-4.566746433299104235e-02,4.906923511378924463e-01,-1.059469421774485685e-02,-4.566923041616276213e-02,4.979550750645220236e-01,-1.167240358551127621e-02,-3.632215995889886972e-02
1.025999999999999801e+01,4.924155806647521616e-01,-1.093705568179668096e-02,-2.988291815008930694e-02,4.924155475199069598e-01,-1.094018483544814679e-02,-2.988340941000575124e-02,4.987792536586062031e-01,-1.276167119308052600e-02,-2.561765656013581527e-02
1.026999999999999602e+01,4.934069966630851845e-01,-1.126314273937437105e-02,-1.437734166527379794e-02,4.934070043089196500e-01,-1.126617261035122927e-02,-1.437674900557956402e-02,4.994276299189207013e-01,-1.386410863661097226e-02,-1.226160575431511912e-02
1.027999999999999403e+01,4.937098266078014941e-01,-1.156943923796328877e-02,7.954320848372327217e-04,4.937097842360246847e-01,-1.157238935252835783e-02,7.967687652298228659e-04,4.995721230008569047e-01,-1.459934683572997050e-02,2.269186786321153448e-04
1.028999999999999915e+01,4.933705245791925598e-01,-1.185591909825406062e-02,1.559030301530494461e-02,4.933703581378636738e-01,-1.185876047233907701e-02,1.559273598205934176e-02,4.986642819185266307e-01,-1.560775750968260156e-02,1.308404532933460374e-02
1.029999999999999005e+01,4.924376016731386585e-01,-1.212274776458126431e-02,2.997041303997011533e-02,4.924372763820757948e-01,-1.212547107039805422e-02,2.997332161830032482e-02,4.981897139591101586e-01,-1.697879617525910323e-02,2.186822854602699095e-02
1.030999999999999517e+01,4.909604711063306204e-01,-1.237025106869309860e-02,4.390656078545575325e-02,4.909598894176409600e-01,-1.237285352071767520e-02,4.391044956035024260e-02,4.964841674278036576e-01,-1.853528571828347293e-02,3.312889377797656465e-02
1.031999999999999318e+01,4.889884897925459439e-01,-1.259888648822450434e-02,5.737655555998547735e-02,4.889876391419852864e-01,-1.260135360619239579e-02,5.738105038267982821e-02,4.950295291149174881e-01,-1.960036278251203745e-02,4.529194065592456742e-02
1.032999999999999119e+01,4.865701807129268475e-01,-1.280921715560109399e-02,7.036453945482712413e-02,4.865689798596272153e-01,-1.281153916708118942e-02,7.036983425295088856e-02,4.928681596024411249e-01,-2.011860068650497824e-02,6.046101317814256415e-02
1.033999999999999631e+01,4.837526184865099110e-01,-1.300188846805233264e-02,8.286030102813193854e-02,4.837510522940028923e-01,-1.300402219920741495e-02,8.286622622353118084e-02,4.905086353660058629e-01,-2.109858449807935910e-02,7.166019052588290528e-02
1.034999999999999432e+01,4.805809595586447713e-01,-1.317760739964484416e-02,9.485859951311256810e-02,4.805790408177491035e-01,-1.317952286873839626e-02,9.486495364931510355e-02,4.877339668155978303e-01,-2.186911203182312358e-02,8.305540896030660925e-02
1.035999999999999233e+01,4.770980983553476107e-01,-1.333712447106580670e-02,1.063585139906670085e-01,4.770957846927071921e-01,-1.333880020407241830e-02,1.063653460392817440e-01,4.833499380252872513e-01,-2.270556381472957352e-02,9.763237250439593673e-02
1.036999999999999744e+01,4.733444313081577870e-01,-1.348121821812260993e-02,1.173628280993391643e-01,4.733418138406702558e-01,-1.348265112019500153e-02,1.173697818755104899e-01,4.795257730118039907e-01,-2.321487768947907981e-02,1.104271498687660058e-01
1.037999999999999545e+01,4.693577116835249141e-01,-1.361068190509622834e-02,1.278774575058084784e-01,4.693547112702400881e-01,-1.361188959484769048e-02,1.278847231208804225e-01,4.756678388007884450e-01,-2.384375119340775839e-02,1.205088135207739164e-01
1.038999999999999346e+01,4.651729794624561709e-01,-1.372631244263037426e-02,1.379109245839322817e-01,4.651696868550062591e-01,-1.372728246346518848e-02,1.379182360971578647e-01,4.712756927525404427e-01,-2.425181218436714414e-02,1.315467433692065757e-01
1.039999999999999858e+01,4.608225520536453068e-01,-1.382890127732154702e-02,1.474738824339909549e-01,4.608188965326767139e-01,-1.382961636701998329e-02,1.474813962635047881e-01,4.650859897504003859e-01,-2.426260494099702347e-02,1.472143942949797335e-01
1.040999999999998948e+01,4.563360632405908390e-01,-1.391922690862933305e-02,1.565786885564696973e-01,4.563321171015115585e-01,-1.391967355505732175e-02,1.565862307709260659e-01,4.594620158644684427e-01,-2.435112424058422098e-02,1.597608965506829293e-01
1.041999999999999460e+01,4.517405393452044171e-01,-1.399804896721578221e-02,1.652390271332470351e-01,4.517362675339172129e-01,-1.399821412221917416e-02,1.652466664955910824e-01,4.517493583043828975e-01,-2.442627904626576418e-02,1.744359157309024466e-01
1.042999999999999972e+01,4.470605031510931360e-01,-1.406610374957814602e-02,1.734695778339790662e-01,4.470559587010018987e-01,-1.406602540883994390e-02,1.734772058790241822e-01,4.447789570024218708e-01,-2.428637060382712876e-02,1.862243320798728785e-01
1.043999999999999062e+01,4.423180976352269478e-01,-1.412410070273953204e-02,1.812857283269689868e-01,4.423132811497625938e-01,-1.412382474962782519e-02,1.812933443643025833e-01,4.373670429418419214e-01,-2.371545894858581582e-02,1.983721802858916528e-01
1.044999999999999574e+01,4.375332228275613522e-01,-1.417272004444285020e-02,1.887033272693558195e-01,4.375281638645648341e-01,-1.417229355084883083e-02,1.887108829875779881e-01,4.305959579608154009e-01,-2.292023476052906794e-02,2.083915657811690192e-01
1.045999999999999375e+01,4.327236803903395379e-01,-1.421261108760660252e-02,1.957384742552517598e-01,4.327184288349900099e-01,-1.421202195980877762e-02,1.957459056008621912e-01,4.194168269549658490e-01,-1.930490429489395421e-02,2.255476999854383324e-01
1.046999999999999176e+01,4.279053215173728164e-01,-1.424439139636896577e-02,2.024073431482827090e-01,4.278999487745370200e-01,-1.424360039299172979e-02,2.024145610301676668e-01,4.135236112530791264e-01,-1.841070443406642165e-02,2.322464845350178386e-01
1.047999999999999687e+01,4.230921947394068461e-01,-1.426864635202255288e-02,2.087260352277017506e-01,4.230866837857646390e-01,-1.426759778667876892e-02,2.087330821754199983e-01,4.098847543343410171e-01,-1.850440682997728237e-02,2.349817718863740357e-01
1.048999999999999488e+01,4.182966909555202450e-01,-1.428592928655804742e-02,2.147104587321051195e-01,4.182910389934104134e-01,-1.428465036568521591e-02,2.147173547772757152e-01,4.064195159968393423e-01,-1.855109325230588913e-02,2.375455735076642538e-01
1.049999999999999289e+01,4.135541373962206002e-01,-1.429690042783718883e-02,2.203570707152228136e-01,4.135484652330365662e-01,-1.429547812528774234e-02,2.203636727859960009e-01,4.045048828661276241e-01,-1.849419875818278380e-02,2.387941822749445331e-01
1.050999999999999801e+01,4.091069248384403001e-01,-1.430270013367111737e-02,2.254864526855235307e-01,4.091011745731578109e-01,-1.430120453469750814e-02,2.254928347359344276e-01,4.031936510258777862e-01,-1.839479597058293892e-02,2.391022728955113363e-01
1.051999999999999602e+01,4.055605123536829559e-01,-1.430454128266504810e-02,2.295873764125950511e-01,4.055542410560205591e-01,-1.430295340503613850e-02,2.295942035364252343e-01,4.026675553303342703e-01,-1.799100206689163706e-02,2.386704573915821026e-01
1.052999999999999403e+01,4.034048373722300962e-01,-1.430263273728609938e-02,2.321917404881415348e-01,4.034004232671646872e-01,-1.430110507546532989e-02,2.321958277083690514e-01,4.036048752583111243e-01,-1.773993929323830487e-02,2.366524372170968338e-01
1.053999999999999915e+01,4.028690929702885559e-01,-1.429794968940138571e-02,2.330734902500800620e-01,4.028629281713299592e-01,-1.429650267499819882e-02,2.330795796893585514e-01,4.052251038717060716e-01,-1.739583610997422203e-02,2.339688411472963248e-01
1.054999999999999005e+01,4.040080971941112931e-01,-1.429096386590907215e-02,2.321517022044514988e-01,4.039995672552384454e-01,-1.428967584735127416e-02,2.321610606898337203e-01,4.077063059812779944e-01,-1.709151842666523091e-02,2.303259019522670981e-01
1.055999999999999517e+01,4.067453757421838900e-01,-1.428092926101771215e-02,2.294267260596925262e-01,4.067372959419808254e-01,-1.427975766268497690e-02,2.294360451734105966e-01,4.119139220594034700e-01,-1.678692053741775991e-02,2.261855375564069126e-01
1.056999999999999318e+01,4.109122594740051704e-01,-1.426584908865016592e-02,2.249434438773389167e-01,4.109049274004212271e-01,-1.426474056124672242e-02,2.249524524992441710e-01,4.176333904570731503e-01,-1.674252859451028086e-02,2.196395981983879642e-01
1.057999999999999119e+01,4.162812664190838619e-01,-1.424278931845031869e-02,2.187721601365219259e-01,4.162753226282785990e-01,-1.424193643982975439e-02,2.187800516086117197e-01,4.228687737646439349e-01,-1.648863792580285148e-02,2.142303088873852568e-01
1.058999999999999631e+01,4.225931147654632958e-01,-1.420831670110432252e-02,2.109998027853748903e-01,4.225896219164003709e-01,-1.420779392814154954e-02,2.110048727141623226e-01,4.298888207549730334e-01,-1.641117703526084881e-02,2.067719826351840373e-01
1.059999999999999432e+01,4.295776355407279201e-01,-1.415892659521094700e-02,2.017263911786959796e-01,4.295764723078270286e-01,-1.415856016423350065e-02,2.017283703289002861e-01,4.353603202387642535e-01,-1.653366091637134550e-02,1.997605542487385089e-01
1.060999999999999233e+01,4.369693261870348788e-01,-1.409139339853300241e-02,1.910636460587723240e-01,4.369708985010724578e-01,-1.409109371141026648e-02,1.910615596131731153e-01,4.423419143529955244e-01,-1.645766777804766323e-02,1.905031132155492468e-01
1.061999999999999744e+01,4.445184303255063085e-01,-1.400301976494542668e-02,1.791340256920440077e-01,4.445226597416724879e-01,-1.400273857264130312e-02,1.791271741319008515e-01,4.547508353406310988e-01,-1.711002283110535371e-02,1.711820590563594147e-01
1.062999999999999545e+01,4.519983948124610129e-01,-1.389178636215428718e-02,1.660694034287830967e-01,4.520046526301422229e-01,-1.389150760404906856e-02,1.660578710421685145e-01,4.634438706867047841e-01,-1.782257654313545991e-02,1.546159622795073574e-01
1.063999999999999346e+01,4.592104493240967145e-01,-1.375641619987617859e-02,1.520091592066042663e-01,4.592178444348407051e-01,-1.375612289251670894e-02,1.519937050540644541e-01,4.706208739452345524e-01,-1.805065810848968666e-02,1.398604780239480760e-01
1.064999999999999858e+01,4.659859342479917843e-01,-1.359637213299193237e-02,1.370977532940722277e-01,4.659936309104781293e-01,-1.359603975025731708e-02,1.370793967734376673e-01,4.767157324033628463e-01,-1.780778552804307413e-02,1.254152882528061230e-01
1.065999999999998948e+01,4.721868944409217117e-01,-1.341180650513619683e-02,1.214819788630045055e-01,4.721954510351228373e-01,-1.341137907725783139e-02,1.214584308685561359e-01,4.826726489211266014e-01,-1.749052458086025608e-02,1.081000953547642807e-01
1.066999999999999460e+01,4.777053661655981109e-01,-1.320347955767212263e-02,1.053081196457868324e-01,4.777137645744898298e-01,-1.320294517173034067e-02,1.052809554231816935e-01,4.865682928256519491e-01,-1.710953558428135457e-02,9.318352129645224302e-02
1.067999999999999972e+01,4.824617108227203244e-01,-1.297266037121012731e-02,8.871921642181865297e-02,4.824700171098434409e-01,-1.297198443694554636e-02,8.868684754067859832e-02,4.901592285657800918e-01,-1.727327743545045702e-02,7.656681416733601697e-02
1.068999999999999062e+01,4.864022883027294131e-01,-1.272102119857322286e-02,7.185260052187145141e-02,4.864095598211063964e-01,-1.272023360955560137e-02,7.181718201441732174e-02,4.926504319385321962e-01,-1.600011523937730495e-02,5.690801759273600435e-02
1.069999999999999574e+01,4.894967114076739234e-01,-1.245053296770310541e-02,5.483780097939196241e-02,4.895021286887096257e-01,-1.244972906654676775e-02,5.480289223417926514e-02,4.947073131485751896e-01,-1.586658677641539228e-02,4.109108832421259905e-02
1.070999999999999375e+01,4.917348781666663893e-01,-1.216336749946082992e-02,3.779488378832608630e-02,4.917385062320534517e-01,-1.216261095233178886e-02,3.776075072751730599e-02,4.959915000897766602e-01,-1.541040291894305025e-02,2.662019555661865322e-02
1.071999999999999176e+01,4.931239395175274209e-01,-1.186180965535994433e-02,2.083324115509723254e-02,4.931259516931575937e-01,-1.186114322298303762e-02,2.079887266323344683e-02,4.967244430761967866e-01,-1.459741212050119641e-02,1.143584896339622237e-02
1.072999999999999687e+01,4.936853248093463487e-01,-1.154818167174193402e-02,4.050817485142383691e-03,4.936857007890054772e-01,-1.154772849191310416e-02,4.018476078325515337e-03,4.968926892742454582e-01,-1.341714938789087541e-02,-3.990002513771351289e-03
1.073999999999999488e+01,4.934519167507153137e-01,-1.122478012694862713e-02,-1.246626352516292703e-02,4.934508849846540590e-01,-1.122459891983276607e-02,-1.249614073677877100e-02,4.965199530611257295e-01,-1.222504896086210047e-02,-1.854500891331190005e-02
1.074999999999999289e+01,4.924654404658043161e-01,-1.089382525304879307e-02,-2.864372051579811354e-02,4.924631062216146549e-01,-1.089368635505064999e-02,-2.867303619939314333e-02,4.959105169230345611e-01,-1.105628188161403291e-02,-2.966443549524722112e-02
1.075999999999999801e+01,4.907741083135864768e-01,-1.055742237630809092e-02,-4.441884180023289441e-02,4.907708590623198197e-01,-1.055713618028118056e-02,-4.444502399838086426e-02,4.947064538861117855e-01,-9.991843996738414280e-03,-4.540823271350280521e-02
1.076999999999999602e+01,4.884305429792989983e-01,-1.021753371489359831e-02,-5.973997804174394077e-02,4.884265794464449639e-01,-1.021676584100680157e-02,-5.976360711871473580e-02,4.931447942214036706e-01,-8.645377822938060675e-03,-5.742652198595332713e-02
1.077999999999999403e+01,4.854899858504975740e-01,-9.875959727113390457e-03,-7.456585770353039988e-02,4.854856292120425798e-01,-9.874689755512389491e-03,-7.458650439673721044e-02,4.916472879279956132e-01,-7.351499048120352375e-03,-6.638816139279402062e-02
1.078999999999999915e+01,4.820087856499268297e-01,-9.534328363482088078e-03,-8.886477859015648462e-02,4.820042432030393065e-01,-9.532711540340160772e-03,-8.888264338962627298e-02,4.888270890786028389e-01,-5.746645371707520544e-03,-8.036321469263707495e-02
1.079999999999999005e+01,4.780431533564096225e-01,-9.194090947783539400e-03,-1.026137225714158080e-01,4.780385077236108948e-01,-9.192434125854825888e-03,-1.026293168015064150e-01,4.867658599278301690e-01,-3.879543385253675369e-03,-8.879075281253401286e-02
1.080999999999999517e+01,4.736481632948252307e-01,-8.856523221329440712e-03,-1.157974335447962966e-01,4.736435122475040616e-01,-8.855009700702010794e-03,-1.158110319943895239e-01,4.838224908273964786e-01,-3.418783550059312226e-03,-9.966006812866012865e-02
1.081999999999999318e+01,4.688769762163322863e-01,-8.522730711380823235e-03,-1.284074918911039531e-01,4.688721558512389809e-01,-8.521411656658796352e-03,-1.284199739471774682e-01,4.788284201926525929e-01,-2.707169934907605047e-03,-1.151436545606245865e-01
1.082999999999999119e+01,4.637802585050637139e-01,-8.193656848787485292e-03,-1.404414110489676237e-01,4.637754174556167341e-01,-8.192500968816473356e-03,-1.404526487783934463e-01,4.742976846265630764e-01,-1.887732090588511991e-03,-1.275231486515546742e-01
1.083999999999999631e+01,4.584057708129585795e-01,-7.870093470758681917e-03,-1.519017761891443552e-01,4.584008733823686788e-01,-7.869017234372190778e-03,-1.519120764032962367e-01,4.689590987425196200e-01,-1.768045014571756335e-03,-1.404856056897357819e-01
1.084999999999999432e+01,4.527981003932523008e-01,-7.552692514240911745e-03,-1.627954386364426631e-01,4.527930103255471406e-01,-7.551554099348779456e-03,-1.628052333061452417e-01,4.637973074744394797e-01,-2.915993063127009233e-04,-1.519738069289874316e-01
1.085999999999999233e+01,4.469985126700149469e-01,-7.241978505403227559e-03,-1.731327751957096872e-01,4.469933891432913420e-01,-7.240587871653714203e-03,-1.731418525421075938e-01,4.570017272330636482e-01,-5.124234485949508144e-04,-1.662432238229725190e-01
1.086999999999999744e+01,4.410448996794887333e-01,-6.938361308881821690e-03,-1.829270173150173706e-01,4.410398294270279074e-01,-6.936437557974893010e-03,-1.829353364094685186e-01,4.502322764157689061e-01,-8.439043983702598783e-04,-1.790039016931271876e-01
1.087999999999999545e+01,4.349718053407348184e-01,-6.642148693701264463e-03,-1.921936517855825366e-01,4.349667795913009782e-01,-6.639507734792131875e-03,-1.922013290934321550e-01,4.434998224807876754e-01,-1.317079142257454594e-03,-1.903126968696838839e-01
1.088999999999999346e+01,4.288105099355229433e-01,-6.353558527358623385e-03,-2.009498921916392233e-01,4.288053813969146533e-01,-6.350156515288531492e-03,-2.009572259394340199e-01,4.344436796035754389e-01,-1.731978191243516152e-03,-2.041913106677191170e-01
1.089999999999999858e+01,4.225891587015249140e-01,-6.072730160489593979e-03,-2.092142183862982785e-01,4.225841312354908230e-01,-6.068656139847538461e-03,-2.092209550333581358e-01,4.269905643856997113e-01,-2.475287524987851429e-03,-2.147606145155814827e-01
1.090999999999998948e+01,4.163329216591554194e-01,-5.799735308831125910e-03,-2.170059800717560605e-01,4.163278465614755341e-01,-5.795148776758480419e-03,-2.170123773676018997e-01,4.173194474989443403e-01,-3.309177906262311675e-03,-2.268981078910478066e-01
1.091999999999999460e+01,4.100641741849084254e-01,-5.534587764948036004e-03,-2.243450595377750878e-01,4.100593177345905338e-01,-5.529768089784407349e-03,-2.243508091251791847e-01,4.099782051021473306e-01,-3.924696856480225371e-03,-2.355871219474952039e-01
1.092999999999999972e+01,4.038026895950774797e-01,-5.277252471819273393e-03,-2.312515883187961085e-01,4.037980015358818564e-01,-5.272405033631158595e-03,-2.312568104579423856e-01,4.004656047728258894e-01,-4.346279771580918716e-03,-2.458447236517843359e-01
1.093999999999999062e+01,3.975658369502743650e-01,-5.027653517724273158e-03,-2.377457121936361883e-01,3.975614425241206229e-01,-5.023032205613139553e-03,-2.377503090627100801e-01,3.924779778700907551e-01,-4.761162302296784166e-03,-2.538302247917545440e-01
1.094999999999999574e+01,3.913687786784837974e-01,-4.785681343351826100e-03,-2.438473990867463803e-01,3.913646738228436228e-01,-4.781425852960621142e-03,-2.438514307897218236e-01,3.840747404844910839e-01,-5.312745176752065035e-03,-2.612614484243849233e-01
1.095999999999999375e+01,3.852246639802026085e-01,-4.551199101321273116e-03,-2.495762845767176552e-01,3.852208423492679001e-01,-4.547414663851809952e-03,-2.495798047355969884e-01,3.746775972771737573e-01,-6.625618825621792940e-03,-2.697689906115526837e-01
1.096999999999999176e+01,3.791448150562473640e-01,-4.324048152206857835e-03,-2.549515500358823239e-01,3.791412894394561861e-01,-4.320717358997736013e-03,-2.549545904794773277e-01,3.630986162829800135e-01,-9.911346499590301118e-03,-2.819387709662685149e-01
1.097999999999999687e+01,3.731389040488607423e-01,-4.104052977693953101e-03,-2.599918288221951257e-01,3.731354853294432394e-01,-4.101080029373469805e-03,-2.599946047259632520e-01,3.578012787549806895e-01,-9.741661476496188410e-03,-2.848648604719944410e-01
1.098999999999999488e+01,3.672151193958528292e-01,-3.891025262821203382e-03,-2.647151363191603823e-01,3.672117821052594544e-01,-3.888271208442933488e-03,-2.647176925076292764e-01,3.537418502267913878e-01,-9.106072676198950777e-03,-2.865017135269143367e-01
1.099999999999999289e+01,3.614092151225354876e-01,-3.685605150479518820e-03,-2.691289133386086108e-01,3.614062565533704419e-01,-3.682983920768572415e-03,-2.691310601976866224e-01,3.511360081765476648e-01,-8.385296826842913998e-03,-2.879144348104673012e-01
1.100999999999999801e+01,3.560031078724054665e-01,-3.495580068639204431e-03,-2.731312761070578965e-01,3.560008231098926723e-01,-3.493086916354270956e-03,-2.731329159012836905e-01,3.495988025678775646e-01,-8.031526913356457076e-03,-2.883670402925102572e-01
1.101999999999999602e+01,3.517224346747195862e-01,-3.342026128843572207e-03,-2.763742314018456936e-01,3.517200872594601901e-01,-3.339688496969410447e-03,-2.763758850131790568e-01,3.493322582388250774e-01,-7.382557485758389770e-03,-2.876513015989599076e-01
1.102999999999999403e+01,3.491426935864184178e-01,-3.243340639568560810e-03,-2.784883494754442079e-01,3.491430707546204770e-01,-3.241338134862073624e-03,-2.784872153141056406e-01,3.504217033713344920e-01,-6.424887333483730867e-03,-2.862126747195928855e-01
1.103999999999999915e+01,3.485205023921739698e-01,-3.208990596816186855e-03,-2.792871277352463877e-01,3.485186028328947083e-01,-3.207041176737715493e-03,-2.792877661915834642e-01,3.525913084382790164e-01,-5.766684300068325442e-03,-2.840776477236921504e-01
1.104999999999999005e+01,3.499119549417190611e-01,-3.242328055006739665e-03,-2.786967204927572328e-01,3.499075104576945261e-01,-3.240372924593172034e-03,-2.786998748468727527e-01,3.557694760947560653e-01,-4.975761646629384138e-03,-2.810807697719257536e-01
1.105999999999999517e+01,3.532300649383930402e-01,-3.342532949585868326e-03,-2.766987877189525658e-01,3.532260475801115018e-01,-3.340465293412323011e-03,-2.767020039747908333e-01,3.607242893746306356e-01,-4.645984684174014889e-03,-2.777310188752880604e-01
1.106999999999999318e+01,3.582918622075657034e-01,-3.506058096108139940e-03,-2.733008072372035135e-01,3.582884872663518183e-01,-3.504004403917902830e-03,-2.733039506416685138e-01,3.675120322652110083e-01,-4.656859625411569059e-03,-2.732550448124499987e-01
1.107999999999999119e+01,3.648554615979887616e-01,-3.727660239593073507e-03,-2.685233786498869013e-01,3.648537536004002324e-01,-3.726267003550893207e-03,-2.685254879682231755e-01,3.742898838417311191e-01,-4.362385531538892636e-03,-2.684506157716302077e-01
1.108999999999999631e+01,3.726481385813104619e-01,-4.001118054962816105e-03,-2.623967141828744687e-01,3.726491621848565527e-01,-4.000570586591130871e-03,-2.623964791369807203e-01,3.836846829955624649e-01,-5.582432903318640394e-03,-2.612652358383048545e-01
1.109999999999999432e+01,3.813869292570016278e-01,-4.319724463379025735e-03,-2.549611957112508653e-01,3.813905425791734860e-01,-4.319486197462335531e-03,-2.549583998892367420e-01,3.944335155291760486e-01,-4.843500725650984329e-03,-2.506964139167017214e-01
1.110999999999999233e+01,3.907933259191047060e-01,-4.676621977574731831e-03,-2.462690139695026537e-01,3.907996170520265933e-01,-4.676359320078404477e-03,-2.462632530220496552e-01,4.056361120223567207e-01,-5.044908626711031019e-03,-2.405154672295275464e-01
1.111999999999999744e+01,4.006034476370003428e-01,-5.065031527247843696e-03,-2.363853867189397717e-01,4.006120634860153573e-01,-5.064711131571784236e-03,-2.363764884852680159e-01,4.155313804541936884e-01,-4.437404236400599444e-03,-2.302470513062204738e-01
1.112999999999999545e+01,4.105747921807199607e-01,-5.478409496496022303e-03,-2.253887740735242284e-01,4.105850483251481942e-01,-5.478128959468993482e-03,-2.253769568623855690e-01,4.266388673124655861e-01,-4.616738359234706657e-03,-2.177994381341709085e-01
1.113999999999999346e+01,4.204904145479519961e-01,-5.910555829601358592e-03,-2.133700245477796742e-01,4.205015472636280949e-01,-5.910366505298927930e-03,-2.133557674267065607e-01,4.364771182650735160e-01,-5.112034868670484178e-03,-2.061780740025618286e-01
1.114999999999999858e+01,4.301611654291324083e-01,-6.355687827570205561e-03,-2.004306356445440529e-01,4.301743419105157895e-01,-6.355674509239466093e-03,-2.004118663554188828e-01,4.459084960688679544e-01,-5.244882169054165821e-03,-1.929200290428449982e-01
1.115999999999998948e+01,4.394264651844445591e-01,-6.808488941646108870e-03,-1.866804044570664067e-01,4.394409584411615999e-01,-6.808615001649197772e-03,-1.866573836079098159e-01,4.560401586373992178e-01,-4.932338091141796887e-03,-1.769114206112172294e-01
1.116999999999999460e+01,4.481539766136146685e-01,-7.264138493796320518e-03,-1.722347486977768571e-01,4.481713132024389701e-01,-7.264509008323804043e-03,-1.722038750287870623e-01,4.641545217875976403e-01,-5.433116692987738361e-03,-1.618462710788503012e-01
1.117999999999999972e+01,4.562384608775420514e-01,-7.718326193669368049e-03,-1.572119415734601622e-01,4.562555697922208719e-01,-7.718788998722588002e-03,-1.571775416718045881e-01,4.716756615638451056e-01,-6.152579051032586177e-03,-1.453652505435956144e-01
1.118999999999999062e+01,4.636000445314814589e-01,-8.167254173389905392e-03,-1.417304510818572227e-01,4.636152666920244081e-01,-8.167759624661308920e-03,-1.416955952084479609e-01,4.782731997173348404e-01,-6.530170443234367683e-03,-1.280408685798111179e-01
1.119999999999999574e+01,4.701820835576526192e-01,-8.607628840078372298e-03,-1.259065198448091338e-01,4.701959927263278383e-01,-8.608278842173423470e-03,-1.258698335886597186e-01,4.833749470911083979e-01,-6.176130981148025834e-03,-1.121459482083599912e-01
1.120999999999999375e+01,4.759487772133918493e-01,-9.036644413391879682e-03,-1.098520723688259371e-01,4.759605921165770415e-01,-9.037480081854143768e-03,-1.098156440054516847e-01,4.864711090033022600e-01,-6.460553145803932251e-03,-1.006589343330984709e-01
1.121999999999999176e+01,4.808826571322756815e-01,-9.451959452845760251e-03,-9.367299522544807189e-02,4.808920257351803063e-01,-9.453084576242117010e-03,-9.363854778072251694e-02,4.908938321470559529e-01,-7.067567704334531964e-03,-8.157679957531249748e-02
1.122999999999999687e+01,4.849820529093918364e-01,-9.851668463008243781e-03,-7.746780386013769892e-02,4.849894337606234784e-01,-9.853314764484718755e-03,-7.743448705306178736e-02,4.924077101963992842e-01,-7.342997010662544177e-03,-7.384754866096165937e-02
1.123999999999999488e+01,4.882586146478549161e-01,-1.023426939933340732e-02,-6.132668491866099386e-02,4.882642349303839557e-01,-1.023658968891267597e-02,-6.129415761615057689e-02,4.932323533889473310e-01,-7.560653381356530200e-03,-6.921689719665913287e-02
1.124999999999999289e+01,4.907349536625206787e-01,-1.059862880287159616e-02,-4.533088693813509124e-02,4.907386475410193682e-01,-1.060165229713154293e-02,-4.530143836064218915e-02,4.940655210969694400e-01,-7.779982521136763474e-03,-6.458780901722038781e-02
1.125999999999999801e+01,4.924424460797519609e-01,-1.094394540823630246e-02,-2.955242084121172813e-02,4.924445890614207455e-01,-1.094750802709172285e-02,-2.952545341570076212e-02,4.972765886662998680e-01,-1.017685517083513624e-02,-4.163045284449051753e-02
1.126999999999999602e+01,4.934192292437428184e-01,-1.126971346242076205e-02,-1.405402648856336235e-02,4.934200545044244435e-01,-1.127358919366107555e-02,-1.403018826417666218e-02,4.992607547686921388e-01,-1.137427505463203814e-02,-1.450678408782124507e-02
1.127999999999999403e+01,4.937084084989317168e-01,-1.157568646790642711e-02,1.110641010279027297e-03,4.937082169876851889e-01,-1.157963227300836881e-02,1.131528351956920123e-03,4.995963203476775361e-01,-1.195224884838946844e-02,7.589234221644369782e-04
1.128999999999999915e+01,4.933564814574827873e-01,-1.186184215869356441e-02,1.589665029652574321e-02,4.933555246823300156e-01,-1.186577105161539317e-02,1.591499275867536145e-02,4.985778162794686219e-01,-1.313047028858432830e-02,1.265962266385844970e-02
1.129999999999999005e+01,4.924119785507505287e-01,-1.212834920824855736e-02,3.026730068749668850e-02,4.924104612547720028e-01,-1.213220374626170980e-02,3.028333460077929640e-02,4.976077147735847861e-01,-1.472014662857096257e-02,2.433603366222347741e-02
1.130999999999999517e+01,4.909243121720844871e-01,-1.237553615542067928e-02,4.419353541858390966e-02,4.909223506592655384e-01,-1.237933971337923378e-02,4.420789757758942368e-02,4.963859559494693263e-01,-1.585765913956557749e-02,3.538008739371101274e-02
1.131999999999999318e+01,4.889428219941302500e-01,-1.260386266010437260e-02,5.765329479713151434e-02,4.889405121855070480e-01,-1.260756943194957409e-02,5.766626631008659604e-02,4.947894162352643455e-01,-1.661783470524003103e-02,4.758801347043228880e-02
1.132999999999999119e+01,4.865160007251177476e-01,-1.281389365373094592e-02,7.063083801577325904e-02,4.865134415679848723e-01,-1.281746094930251781e-02,7.064250329706643627e-02,4.928040412325684350e-01,-1.730003523144535427e-02,5.984464475606077194e-02
1.133999999999999631e+01,4.836908827195752769e-01,-1.300627584204444402e-02,8.311605690017745407e-02,4.836881320227032210e-01,-1.300963995322569101e-02,8.312662234323532628e-02,4.905389579142132028e-01,-1.813230600028506445e-02,7.092729504103212346e-02
1.134999999999999432e+01,4.805125768003565834e-01,-1.318171723070915742e-02,9.510380058088653554e-02,4.805096643634909626e-01,-1.318484929800030174e-02,9.511347822024761312e-02,4.877519452268175293e-01,-1.877019864341494815e-02,8.235677944038810594e-02
1.135999999999999233e+01,4.770239246984142589e-01,-1.334096903798787266e-02,1.065932253149718678e-01,4.770208095836813156e-01,-1.334384606957423128e-02,1.066023768843642194e-01,4.842714551025683045e-01,-1.936251302313876654e-02,9.495828216463453320e-02
1.136999999999999744e+01,4.732652670002937545e-01,-1.348481022775198379e-02,1.175871800370298925e-01,4.732620008610217699e-01,-1.348744834649483713e-02,1.175957745254291031e-01,4.808167400419877668e-01,-1.993630918413760722e-02,1.063621752639273277e-01
1.137999999999999545e+01,4.692742995696139729e-01,-1.361403430750176245e-02,1.280916347780797770e-01,4.692709137602013025e-01,-1.361651256661718795e-02,1.280996945153430322e-01,4.767637047344115975e-01,-2.047656783753168397e-02,1.180272062055324200e-01
1.138999999999999346e+01,4.650860047312654344e-01,-1.372943822209493625e-02,1.381151563372664814e-01,4.650824410808678810e-01,-1.373198866700140255e-02,1.381228996706372614e-01,4.727815665776897713e-01,-2.073454198895896550e-02,1.285375977054781238e-01
1.139999999999999858e+01,4.607326430158024122e-01,-1.383181329499652903e-02,1.476684333210826205e-01,4.607289715107792394e-01,-1.383475793733902545e-02,1.476757295231689582e-01,4.680302320808740757e-01,-2.100626022273208160e-02,1.406265449950452329e-01
1.140999999999998948e+01,4.562437929073931975e-01,-1.392193776791980468e-02,1.567638508196020075e-01,4.562400558490136149e-01,-1.392567061343248126e-02,1.567706455407906208e-01,4.626648921478240251e-01,-2.100471141760940075e-02,1.537106068915187196e-01
1.141999999999999460e+01,4.516464275972177367e-01,-1.400057099657244647e-02,1.654151136597420413e-01,4.516426074321677753e-01,-1.400528075369183133e-02,1.654214933312189162e-01,4.572157194814646664e-01,-2.090959194007352417e-02,1.650609349566732886e-01
1.142999999999999972e+01,4.469650193558961093e-01,-1.406844881518358112e-02,1.736369161079821810e-01,4.469611195139680526e-01,-1.407416803702016272e-02,1.736429239710076677e-01,4.499159838672623923e-01,-2.068144267678390102e-02,1.784597755262203878e-01
1.143999999999999062e+01,4.422216635299527354e-01,-1.412628025227480148e-02,1.814446552438067628e-01,4.422177169760367343e-01,-1.413285018654384349e-02,1.814502877091769550e-01,4.440727679768149416e-01,-2.052718617446561145e-02,1.883226107307552910e-01
1.144999999999999574e+01,4.374362155897657534e-01,-1.417474499384883263e-02,1.888541847134635465e-01,4.374322924109770305e-01,-1.418196560214456114e-02,1.888593821097143133e-01,4.387511201194133070e-01,-2.055750664806219041e-02,1.966219290848477685e-01
1.145999999999999375e+01,4.326264357689006967e-01,-1.421449187424842116e-02,1.958816053892688258e-01,4.326225824565156364e-01,-1.422209888453846750e-02,1.958863576010782259e-01,4.312526928306732454e-01,-1.918016796342780772e-02,2.080518623434488568e-01
1.146999999999999176e+01,4.278081369812088974e-01,-1.424613788952602302e-02,2.025430893221097095e-01,4.278044347060381836e-01,-1.425393871748003617e-02,2.025473327827975734e-01,4.223215089197460692e-01,-1.567407803919740328e-02,2.220394126826040759e-01
1.147999999999999687e+01,4.229953325558651334e-01,-1.427026791136083370e-02,2.088547334514409548e-01,4.229918000640798259e-01,-1.427818346091741693e-02,2.088584942127884869e-01,4.178924290730808844e-01,-1.575045317387091526e-02,2.262622039011694675e-01
1.148999999999999488e+01,4.182003811809328897e-01,-1.428743472280367792e-02,2.148324396331544872e-01,4.181969201129467906e-01,-1.429543095586886629e-02,2.148358890340996419e-01,4.151306098860048088e-01,-1.584117421194744524e-02,2.283243064155078272e-01
1.149999999999999289e+01,4.134591145096105369e-01,-1.429830145388547198e-02,2.204722610798887650e-01,4.134558957944905466e-01,-1.430635039255423631e-02,2.204752303681387915e-01,4.133137404148992111e-01,-1.609286550842026209e-02,2.296178503620737166e-01
1.150999999999999801e+01,4.090170704535989188e-01,-1.430401257488805346e-02,2.255921252471685678e-01,4.090143916251487988e-01,-1.431200788210931253e-02,2.255944343981170219e-01,4.116307379925020493e-01,-1.615612638871505302e-02,2.303447401166769382e-01
1.151999999999999602e+01,4.054795804161263062e-01,-1.430577494724570922e-02,2.296807160490782762e-01,4.054766432958352707e-01,-1.431357479308109637e-02,2.296832110749988110e-01,4.115066626806392902e-01,-1.619340486946369007e-02,2.293857934031086065e-01
1.152999999999999403e+01,4.033349636275390115e-01,-1.430380832306465781e-02,2.322717007707147674e-01,4.033325345436850617e-01,-1.431178144315540038e-02,2.322734840008584545e-01,4.121646305928997611e-01,-1.624979035564128038e-02,2.276028790623032538e-01
1.153999999999999915e+01,4.028113084845787450e-01,-1.429908711256926666e-02,2.331400463189214067e-01,4.028087758628389192e-01,-1.430715585309945068e-02,2.331416439131566154e-01,4.135172859579232529e-01,-1.621004038849449547e-02,2.250695199590376783e-01
1.154999999999999005e+01,4.039625437063211755e-01,-1.429207474851662205e-02,2.322053569663840578e-01,4.039583819929336017e-01,-1.430016049535329237e-02,2.322090759665383086e-01,4.157775827181215966e-01,-1.624845461862003959e-02,2.214308016280224223e-01
1.155999999999999517e+01,4.067115276333838625e-01,-1.428201490414355776e-02,2.294682160315550667e-01,4.067072074907307488e-01,-1.428999459796301968e-02,2.294724523370342273e-01,4.190116729308874799e-01,-1.619652024367626564e-02,2.175678797043926194e-01
1.156999999999999318e+01,4.108891283852139642e-01,-1.426690154513949975e-02,2.249735823305417104e-01,4.108857817579961158e-01,-1.427482114384999619e-02,2.249768754512337654e-01,4.244901520067310141e-01,-1.627099766985043439e-02,2.112804997857531397e-01
1.157999999999999119e+01,4.162675749009122628e-01,-1.424379394831141663e-02,2.187917658611637506e-01,4.162655076856536240e-01,-1.425187599201265844e-02,2.187936114949455835e-01,4.304764793077473506e-01,-1.607580609581948927e-02,2.045912649775544212e-01
1.158999999999999631e+01,4.225874350099498300e-01,-1.420925505021371736e-02,2.110096765523113704e-01,4.225860631135326395e-01,-1.421741734084413719e-02,2.110107674376587583e-01,4.368647623098252941e-01,-1.610084376398540629e-02,1.971238274928878154e-01
1.159999999999999432e+01,4.295784950304844529e-01,-1.415977902007205073e-02,2.017273148510557168e-01,4.295774909745967429e-01,-1.416778547291498713e-02,2.017280547246185773e-01,4.429949240750593598e-01,-1.616581041460890544e-02,1.890359828686823951e-01
1.160999999999999233e+01,4.369752847290112596e-01,-1.409214111228604405e-02,1.910563894266958385e-01,4.369750136856317413e-01,-1.409998901577875184e-02,1.910561666340820086e-01,4.496261965085599499e-01,-1.612909004375789879e-02,1.793826313498557701e-01
1.161999999999999744e+01,4.445281335844474269e-01,-1.400364635996835180e-02,1.791193532088229678e-01,4.445292840024423486e-01,-1.401138486417941552e-02,1.791168184473758695e-01,4.593783631923377131e-01,-1.732787147765416091e-02,1.623004449869088761e-01
1.162999999999999545e+01,4.520106091915730984e-01,-1.389227868415214735e-02,1.660480775233948714e-01,4.520132271096376497e-01,-1.389989014669722710e-02,1.660425742670569027e-01,4.659871461711804219e-01,-1.791160856433948734e-02,1.497645812936992948e-01
1.163999999999999346e+01,4.592240823398239247e-01,-1.375676477813234273e-02,1.519819394646823307e-01,4.592277433648328522e-01,-1.376418775588992248e-02,1.519735982357263426e-01,4.725640974319810228e-01,-1.819464615278429398e-02,1.352663942701722855e-01
1.164999999999999858e+01,4.660000438393043787e-01,-1.359657125811977209e-02,1.370653921108759554e-01,4.660042097520384341e-01,-1.360374937739368753e-02,1.370547397751555041e-01,4.793712767902015282e-01,-1.804511021639029766e-02,1.182879349318299855e-01
1.165999999999998948e+01,4.722006900030611964e-01,-1.341185405983467971e-02,1.214452146957731571e-01,4.722051815885149884e-01,-1.341874734036483351e-02,1.214320878624650518e-01,4.844409933200636287e-01,-1.748317475502114693e-02,1.021523689844573424e-01
1.166999999999999460e+01,4.777182035672994376e-01,-1.320337660004982337e-02,1.052676690504300572e-01,4.777239373877781303e-01,-1.320991567189657746e-02,1.052483212653077815e-01,4.885452523645814615e-01,-1.717372740361797212e-02,8.605692677694465331e-02
1.167999999999999972e+01,4.824730831903819572e-01,-1.297241075484458633e-02,8.867576594587760208e-02,4.824792078756972025e-01,-1.297858822245418972e-02,8.865101362339784796e-02,4.916275920409296507e-01,-1.687956984314240017e-02,6.983604054819869678e-02
1.168999999999999062e+01,4.864118140533822965e-01,-1.272063099014108210e-02,7.180679920716011300e-02,4.864170727975746789e-01,-1.272651140852681766e-02,7.178014966761700477e-02,4.938333409011542718e-01,-1.651065198197831929e-02,5.316465180311136240e-02
1.169999999999999574e+01,4.895041206452999671e-01,-1.245001006058349229e-02,5.479025407374123885e-02,4.895083245282049744e-01,-1.245564882736375709e-02,5.476189928649025790e-02,4.952436318514074065e-01,-1.621318491420434271e-02,3.953481137942815860e-02
1.170999999999999375e+01,4.917399983899585214e-01,-1.216272102094202202e-02,3.774614788819605216e-02,4.917429868554502037e-01,-1.216823693503010090e-02,3.771631037358422200e-02,4.964610882751638865e-01,-1.543915786450889005e-02,2.075011289818995408e-02
1.171999999999999176e+01,4.931266812931225374e-01,-1.186104961743219069e-02,2.078382098335342446e-02,4.931281702987702076e-01,-1.186666157395388672e-02,2.075533589655695343e-02,4.969252917109582279e-01,-1.452658450171798177e-02,6.615786473454399186e-03
1.172999999999999687e+01,4.936856679569470163e-01,-1.154731858674985095e-02,4.001164216346143887e-03,4.936858028353801053e-01,-1.155314106842072856e-02,3.974651184940248064e-03,4.969479115694497295e-01,-1.360572891998834688e-02,-5.693838844772591834e-03
1.173999999999999488e+01,4.934498973993043935e-01,-1.122382465371602779e-02,-1.251575251512493381e-02,4.934488169393233536e-01,-1.122975514211625551e-02,-1.254240739333494815e-02,4.964956536330838999e-01,-1.261205666938355896e-02,-1.975403758979910052e-02
1.174999999999999289e+01,4.924611392211905581e-01,-1.089278795383959511e-02,-2.869270063679512511e-02,4.924589891379925199e-01,-1.089876669108662786e-02,-2.871772344514719744e-02,4.958068115795799535e-01,-1.146865093599286345e-02,-3.118651832066920981e-02
1.175999999999999801e+01,4.907676396853213330e-01,-1.055631353609512608e-02,-4.446701919981201762e-02,4.907646469807416256e-01,-1.056218483463508551e-02,-4.448989763293890315e-02,4.946134053668567176e-01,-1.041455810310129571e-02,-4.598807168100749188e-02
1.176999999999999602e+01,4.884220461206478237e-01,-1.021636314595762186e-02,-5.978710679101867376e-02,4.884182227229747486e-01,-1.022205269451560532e-02,-5.980899103406937117e-02,4.932802116579519947e-01,-9.217750519316975089e-03,-5.683914960898761581e-02
1.177999999999999403e+01,4.854796166133217294e-01,-9.874736674467228872e-03,-7.461173637385126733e-02,4.854753951470128226e-01,-9.880308524757132685e-03,-7.463100220671052554e-02,4.916458786300551553e-01,-7.652332996914174013e-03,-6.716747136503298243e-02
1.178999999999999915e+01,4.819967098988072185e-01,-9.533061450022162556e-03,-8.890924647258616198e-02,4.819922203187099186e-01,-9.538613698554524595e-03,-8.892628402973937196e-02,4.894691376624362711e-01,-5.949027710748650000e-03,-7.827636606944454734e-02
1.179999999999999005e+01,4.780295414790572406e-01,-9.192788066452581633e-03,-1.026566556518204304e-01,4.780250369861497317e-01,-9.198331660657785985e-03,-1.026712613966168919e-01,4.871717034572241589e-01,-4.302662506292437294e-03,-8.777740303487957529e-02
1.180999999999999517e+01,4.736331857321366967e-01,-8.855191631073599731e-03,-1.158387405519959307e-01,4.736287994369460796e-01,-8.860678934188941785e-03,-1.158511378048041607e-01,4.840029217125726424e-01,-3.357361198716490858e-03,-9.975758400522649616e-02
1.181999999999999318e+01,4.688608000311823565e-01,-8.521376900167089083e-03,-1.284471102244310048e-01,4.688565321968469202e-01,-8.526707389094136808e-03,-1.284577967256111120e-01,4.803499701406529487e-01,-2.468742330445916622e-03,-1.109798823530327994e-01
1.182999999999999119e+01,4.637630446932488604e-01,-8.192286709123398902e-03,-1.404793030516821861e-01,4.637589255783822195e-01,-8.197675183470382737e-03,-1.404885379100854759e-01,4.764078380502745347e-01,-2.079711648475507380e-03,-1.221241913770523269e-01
1.183999999999999631e+01,4.583876724241046086e-01,-7.868712169307559220e-03,-1.519379254806306478e-01,4.583836531683151416e-01,-7.874488053304526392e-03,-1.519460616008409259e-01,4.717973683689119513e-01,-2.255873451589313072e-03,-1.341713367631717224e-01
1.184999999999999432e+01,4.527792611809469681e-01,-7.551304623894579231e-03,-1.628298468326186133e-01,4.527753069553275833e-01,-7.557865117220912213e-03,-1.628371194565018110e-01,4.659691756837748278e-01,-8.613613956648946690e-04,-1.476487053449249132e-01
1.185999999999999233e+01,4.469790662702179951e-01,-7.240588038267249671e-03,-1.731654588723403054e-01,4.469752029730765797e-01,-7.247944889944093333e-03,-1.731719518082903142e-01,4.597222328487370335e-01,-7.660147651763205001e-04,-1.609777616081655705e-01
1.186999999999999744e+01,4.410249691902864977e-01,-6.936971755035618338e-03,-1.829580052806238366e-01,4.410212087903001010e-01,-6.944814394956411868e-03,-1.829638180105228884e-01,4.536244285427737388e-01,-7.570018693990598901e-04,-1.729084740390384178e-01
1.187999999999999545e+01,4.349515032212015186e-01,-6.640763059035449320e-03,-1.922229826603842895e-01,4.349477750882173588e-01,-6.648396970269272906e-03,-1.922283366907589497e-01,4.474671190707700807e-01,-1.071441930337674320e-03,-1.838900667819349799e-01
1.188999999999999346e+01,4.287899381497976559e-01,-6.352179375930791169e-03,-2.009776122838949630e-01,4.287862270374706575e-01,-6.359019874181403090e-03,-2.009826003768686586e-01,4.392042667583923032e-01,-1.695641510961631848e-03,-1.972968542349430310e-01
1.189999999999999858e+01,4.225684090404388527e-01,-6.071359692692276065e-03,-2.092403798541117577e-01,4.225647344451048948e-01,-6.076896033274960078e-03,-2.092450260580812349e-01,4.313446592825886938e-01,-2.044404136473387812e-03,-2.087186438015413703e-01
1.190999999999998948e+01,4.163120762119826290e-01,-5.798375349796489227e-03,-2.170306393315819815e-01,4.163084910245467563e-01,-5.802346348801781621e-03,-2.170349125676084012e-01,4.233240775748559059e-01,-2.778050156575756491e-03,-2.195226501297924404e-01
1.191999999999999460e+01,4.100433058799150543e-01,-5.533239862175650878e-03,-2.243682759277005057e-01,4.100397702551878409e-01,-5.535671001490998118e-03,-2.243722612237209757e-01,4.147918248645039441e-01,-3.322088503965453521e-03,-2.299006815836717177e-01
1.192999999999999972e+01,4.037818628170358748e-01,-5.275917877334113104e-03,-2.312734229615589776e-01,4.037784435790309212e-01,-5.276986452670969288e-03,-2.312770622752766680e-01,4.078495146721512477e-01,-3.854951080132118513e-03,-2.378517182416720610e-01
1.193999999999999062e+01,3.975451081693679445e-01,-5.026333261636648127e-03,-2.377662270628136398e-01,3.975418054050079975e-01,-5.026322170489904914e-03,-2.377695452095963391e-01,3.990084722746263246e-01,-4.012501104320109757e-03,-2.468804551156296156e-01
1.194999999999999574e+01,3.913481970945594801e-01,-4.784376261953919400e-03,-2.438666562360805312e-01,3.913450240805745883e-01,-4.783512144862553557e-03,-2.438696628332433780e-01,3.910926667480416619e-01,-4.371856019663555859e-03,-2.546692949366844427e-01
1.195999999999999375e+01,3.852042721639202250e-01,-4.549909826813533856e-03,-2.495943455142070055e-01,3.852012635515830730e-01,-4.548426150479860722e-03,-2.495970272490441177e-01,3.836705415976739975e-01,-4.584561017146382422e-03,-2.607717814642119825e-01
1.196999999999999176e+01,3.791246495555486984e-01,-4.322775187890833155e-03,-2.549684752322817771e-01,3.791218969804966421e-01,-4.320822357339323266e-03,-2.549707681513168622e-01,3.774122445663307124e-01,-4.756786707422966387e-03,-2.656725360534205604e-01
1.197999999999999687e+01,3.731189959807866829e-01,-4.102796684432499091e-03,-2.600076773212873782e-01,3.731163355951750971e-01,-4.100509820983547216e-03,-2.600097617529500416e-01,3.717421519638857141e-01,-4.460351132237500016e-03,-2.699252120520799769e-01
1.198999999999999488e+01,3.671954949971766857e-01,-3.889785887302224087e-03,-2.647299654439210226e-01,3.671928764628175634e-01,-3.887217940093067731e-03,-2.647319012956392825e-01,3.673473418515126321e-01,-4.292186525652441631e-03,-2.727555258102063451e-01
1.199999999999999289e+01,3.613877567802412094e-01,-3.684320832437704748e-03,-2.691435151002540827e-01,3.613852893012151624e-01,-3.681531895011507655e-03,-2.691452423048214526e-01,3.647284720153468607e-01,-3.793799402726061309e-03,-2.742556569249090526e-01
1.200999999999999801e+01,3.559653523808892217e-01,-3.493828942491909641e-03,-2.731527240189412509e-01,3.559634864816026978e-01,-3.490878772531776607e-03,-2.731539986514294749e-01,3.628368752784197904e-01,-3.075824207672300803e-03,-2.749408749343743574e-01
1.201999999999999602e+01,3.516555579346157812e-01,-3.339389840973763617e-03,-2.764118849666303834e-01,3.516555040609700145e-01,-3.336348376124486856e-03,-2.764118579773386930e-01,3.621402901551578069e-01,-2.695299191419975315e-03,-2.749549797981551968e-01
1.202999999999999403e+01,3.490409249879442011e-01,-3.239593743140551513e-03,-2.785476078673890243e-01,3.490426151105270325e-01,-3.236521894004630324e-03,-2.785463847703019136e-01,3.626034703328674391e-01,-2.062408390978764938e-03,-2.740849215663510030e-01
1.203999999999999915e+01,3.483823073235075563e-01,-3.204039061002132704e-03,-2.793707689538374450e-01,3.483847082069835843e-01,-3.200928961093977860e-03,-2.793694660098090532e-01,3.639535924884024221e-01,-1.413618501941271699e-03,-2.726476846731499259e-01
1.204999999999999005e+01,3.497388329371172722e-01,-3.236168433436815723e-03,-2.788061548937094680e-01,3.497434656971646905e-01,-3.233115504740160205e-03,-2.788033751935635185e-01,3.666652403544379268e-01,-8.328526482054010582e-04,-2.699023342743318565e-01
1.205999999999999517e+01,3.530255698029373113e-01,-3.335221932206918621e-03,-2.768347282573941914e-01,3.530326957339106064e-01,-3.332277040999030802e-03,-2.768300746011929103e-01,3.718261997744184422e-01,9.826429993578522648e-05,-2.658275351361640837e-01
1.206999999999999318e+01,3.580608294129870584e-01,-3.497690717259121802e-03,-2.734635675796037169e-01,3.580700123930661283e-01,-3.494869184322726193e-03,-2.734571711234385916e-01,3.764934257023168085e-01,3.712443609532323219e-04,-2.633873476660165691e-01
1.207999999999999119e+01,3.646034207805127769e-01,-3.718354663362929795e-03,-2.687129646496621005e-01,3.646153269274244324e-01,-3.715707544528891980e-03,-2.687038930343296772e-01,3.829949992632775135e-01,-6.138935231476405630e-04,-2.592449609601940042e-01
1.208999999999999631e+01,3.723808799282328774e-01,-3.991005133037471390e-03,-2.626128209064354513e-01,3.723959988183440650e-01,-3.988576495858561430e-03,-2.626001352579210302e-01,3.905994527939824490e-01,-9.961369548709131383e-04,-2.529680490588205322e-01
1.209999999999999432e+01,3.811101913737956481e-01,-4.308940494834416317e-03,-2.552031771117259651e-01,3.811274175476049852e-01,-4.306709076203395735e-03,-2.551874195692194203e-01,3.998937005382000587e-01,-1.203616640429561180e-03,-2.448225621877265779e-01
1.210999999999999233e+01,3.905125766567632550e-01,-4.665303689642069131e-03,-2.465358599628972303e-01,3.905300390885311224e-01,-4.663208812792516735e-03,-2.465185772646497075e-01,4.078985276872627574e-01,-1.008920298331023035e-03,-2.370740910852401351e-01
1.211999999999999744e+01,4.003237351374077102e-01,-5.053312592922055112e-03,-2.366757217764173526e-01,4.003401006265987494e-01,-5.051302278569846579e-03,-2.366582296279219066e-01,4.195431161912955842e-01,-9.332692648927332080e-04,-2.250691284751331622e-01
1.212999999999999545e+01,4.103006490109517568e-01,-5.466417929484771593e-03,-2.257008796053897870e-01,4.103154124248264978e-01,-5.464464592326450515e-03,-2.256838024668696707e-01,4.290436996725959240e-01,-9.236281894334785747e-04,-2.142475464216782033e-01
1.213999999999999346e+01,4.202258021944767497e-01,-5.898412216296838526e-03,-2.137018814916080700e-01,4.202392121866757591e-01,-5.896517789174125779e-03,-2.136849781009096672e-01,4.393745721799824366e-01,-1.170285207338028766e-03,-2.009883564213670315e-01
1.214999999999999858e+01,4.299094498206424420e-01,-6.343503913785273479e-03,-2.007799812947082818e-01,4.299215792058772578e-01,-6.341648850810087390e-03,-2.007631098517226875e-01,4.493682771149648536e-01,-1.266909555055983905e-03,-1.867976657792488338e-01
1.215999999999998948e+01,4.391904160277502189e-01,-6.796366823108743356e-03,-1.870447973668879771e-01,4.392011943783691308e-01,-6.794548117911605040e-03,-1.870281624808033671e-01,4.587982395026564131e-01,-1.237053163264417721e-03,-1.711559594999596534e-01
1.216999999999999460e+01,4.479357850260935470e-01,-7.252169970318915644e-03,-1.726116360653344450e-01,4.479446628839825473e-01,-7.250340666486659348e-03,-1.725963172865432604e-01,4.663486513260044486e-01,-1.755563261771175831e-03,-1.568111063847767994e-01
1.217999999999999972e+01,4.560397706825853326e-01,-7.706592535195066172e-03,-1.575987247480746256e-01,4.560470428828402589e-01,-7.704801472198800731e-03,-1.575847476510844614e-01,4.734329806526191842e-01,-2.168028699654905855e-03,-1.405662950390967891e-01
1.218999999999999062e+01,4.634219934843752386e-01,-8.155825989083639871e-03,-1.421245458729186728e-01,4.634272682528217113e-01,-8.153976778034100967e-03,-1.421132352453334802e-01,4.793188123890044228e-01,-2.200350711954207616e-03,-1.245993591718735916e-01
1.219999999999999574e+01,4.700253511789432848e-01,-8.596566343633319646e-03,-1.263054095986122227e-01,4.700295246275553729e-01,-8.594662593601486850e-03,-1.262953967865604876e-01,4.846656996078335666e-01,-2.707516957881961339e-03,-1.073940094430677616e-01
1.220999999999999375e+01,4.758136366087084013e-01,-9.025997697793572069e-03,-1.102533524586431501e-01,4.758167879625160301e-01,-9.023958595078811207e-03,-1.102448370643384357e-01,4.890113343146039737e-01,-3.082658850000946638e-03,-9.087819823177378797e-02
1.221999999999999176e+01,4.807690284088548260e-01,-9.441769042189185335e-03,-9.407440863273913711e-02,4.807717431516376760e-01,-9.439590929878326556e-03,-9.406584187077236814e-02,4.917864897102839361e-01,-3.892064357679331232e-03,-7.780593448412831403e-02
1.222999999999999687e+01,4.848895563903585226e-01,-9.841965880751746970e-03,-7.786726781972529154e-02,4.848919665580639915e-01,-9.839692787816909508e-03,-7.785802760591045701e-02,4.948732415598212642e-01,-5.175833429235471295e-03,-6.059322957695711942e-02
1.223999999999999488e+01,4.881866223223618739e-01,-1.022507789220433901e-02,-6.172230927894552938e-02,4.881886863608995708e-01,-1.022277473002159223e-02,-6.171228535271294086e-02,4.962956810360237281e-01,-6.506466915327718814e-03,-5.130693355993576343e-02
1.224999999999999289e+01,4.906826377849687892e-01,-1.058996404319118186e-02,-4.572098486437026904e-02,4.906843855002139265e-01,-1.058777002111684767e-02,-4.570947093743447237e-02,4.978052800844726677e-01,-7.051798231091283009e-03,-3.777334665185549945e-02
1.225999999999999801e+01,4.924088240266609739e-01,-1.093581631728794516e-02,-2.993551306073475096e-02,4.924100594699986622e-01,-1.093376840841974590e-02,-2.992340623728873689e-02,4.989869128334994963e-01,-7.847852776957514598e-03,-2.396628044801896174e-02
1.226999999999999602e+01,4.934032041496175802e-01,-1.126212296736876783e-02,-1.442883985478287702e-02,4.934039129626764941e-01,-1.126026806857289252e-02,-1.441566094772560834e-02,4.995373369675638053e-01,-8.572481796721986846e-03,-1.244815883895056263e-02
1.227999999999999403e+01,4.937088053304722890e-01,-1.156863228126542298e-02,7.451794212973953009e-04,4.937089133360859083e-01,-1.156695025899680609e-02,7.587597400463717487e-04,4.997352093143850871e-01,-9.271378252427880939e-03,-1.061903176763467904e-03
1.228999999999999915e+01,4.933720784573725759e-01,-1.185531754857403058e-02,1.554142253875984668e-02,4.933715572038074315e-01,-1.185376799560841805e-02,1.555566498253235612e-02,4.993697266155283643e-01,-1.023273018295492442e-02,1.131422590072272971e-02
1.229999999999999005e+01,4.924415341185540140e-01,-1.212234369651871493e-02,2.992300998556945285e-02,4.924403561045350153e-01,-1.212091267459415242e-02,2.993776092918986470e-02,4.983866758418130094e-01,-1.160961014031564043e-02,1.844343318618724137e-02
1.230999999999999517e+01,4.909665873598132446e-01,-1.237003615514062523e-02,4.386072001553546068e-02,4.909647367566526421e-01,-1.236870315158598334e-02,4.387588139146840482e-02,4.975431444085867128e-01,-1.286176277144854274e-02,2.806077719402511050e-02
1.231999999999999318e+01,4.889965989294410842e-01,-1.259885213520819426e-02,5.733234280155322798e-02,4.889940199401565657e-01,-1.259760795773100933e-02,5.734813500603858083e-02,4.965008016054936468e-01,-1.352436271235107901e-02,3.806093749530625736e-02
1.232999999999999119e+01,4.865800973048848843e-01,-1.280935461114043536e-02,7.032200275385010191e-02,4.865768464941557792e-01,-1.280815394673602559e-02,7.033796130145585079e-02,4.948465398386516778e-01,-1.402057979941359611e-02,4.978554736795781643e-02
1.233999999999999631e+01,4.837641639475105393e-01,-1.300218886540279416e-02,8.281947229137001654e-02,4.837601920287372126e-01,-1.300097664358219711e-02,8.283580145273233830e-02,4.922176130826391161e-01,-1.494912265143683028e-02,6.419558585483464697e-02
1.234999999999999432e+01,4.805939631814044044e-01,-1.317806190498384614e-02,9.481949612017676055e-02,4.805893600518113540e-01,-1.317680285738302877e-02,9.483580275119067593e-02,4.897049857590006217e-01,-1.570269661666079397e-02,7.571543381351719670e-02
1.235999999999999233e+01,4.771123980835930700e-01,-1.333772431203161975e-02,1.063211403904128355e-01,4.771071503556580384e-01,-1.333638704905702223e-02,1.063375013746261089e-01,4.863686223679160037e-01,-1.659214016846113915e-02,8.895967896519740847e-02
1.236999999999999744e+01,4.733598742627525002e-01,-1.348195473352372525e-02,1.173271773794573869e-01,4.733540571455793766e-01,-1.348054583022324088e-02,1.173433814303432160e-01,4.829879484353319374e-01,-1.711889034721267300e-02,1.006030146131127179e-01
1.237999999999999545e+01,4.693741544694109979e-01,-1.361154664465585341e-02,1.278435129069421528e-01,4.693677852901355640e-01,-1.361007313382500000e-02,1.278595576164185954e-01,4.799772775202119091e-01,-1.774180683214349186e-02,1.106322102155220533e-01
1.238999999999999346e+01,4.651902882998118494e-01,-1.372729718520912870e-02,1.378786609212717673e-01,4.651833942610991701e-01,-1.372574540720841209e-02,1.378945211343463872e-01,4.747023367350886036e-01,-1.862264304995028819e-02,1.259445977093474056e-01
1.239999999999999858e+01,4.608406027558651918e-01,-1.382999804001867547e-02,1.474432674227828810e-01,4.608332517948421914e-01,-1.382835795546228513e-02,1.474588306750043709e-01,4.701626397902169963e-01,-1.900744092786169070e-02,1.363698910686312882e-01
1.240999999999998948e+01,4.563547410618138400e-01,-1.392042799118469940e-02,1.565496840356407626e-01,4.563469222049192364e-01,-1.391867581514966666e-02,1.565650260031432317e-01,4.666765793254312178e-01,-1.907729582636397136e-02,1.450883967852772960e-01
1.241999999999999460e+01,4.517597387262466957e-01,-1.399934699451211607e-02,1.652115901780208951e-01,4.517515511683471430e-01,-1.399750407005910004e-02,1.652265528247840176e-01,4.594147785255408012e-01,-1.936058967871828740e-02,1.610354320955892371e-01
1.242999999999999972e+01,4.470801273949082666e-01,-1.406749163189222399e-02,1.734436617516775525e-01,4.470715592145133033e-01,-1.406559509606731401e-02,1.734583164399396138e-01,4.525072751877953214e-01,-1.990924592953619010e-02,1.740702039226349473e-01
1.243999999999999062e+01,4.423380585137133836e-01,-1.412557168712930827e-02,1.812612835510556408e-01,4.423291931267046562e-01,-1.412365545920185768e-02,1.812755244133144039e-01,4.470875286314140995e-01,-1.991143273211115616e-02,1.834074492292464553e-01
1.244999999999999574e+01,4.375534401550240649e-01,-1.417426768463202029e-02,1.886803021433186844e-01,4.375442777164044728e-01,-1.417234273101248762e-02,1.886941788993560243e-01,4.409652309846593399e-01,-2.009027496852555661e-02,1.930043817998549072e-01
1.245999999999999375e+01,4.327440815623044834e-01,-1.421422928522842952e-02,1.957168157218817095e-01,4.327347197798663836e-01,-1.421223406458243903e-02,1.957302245640942240e-01,4.350086124112615416e-01,-2.022693962139490709e-02,2.013490131562851726e-01
1.246999999999999176e+01,4.279258410441307836e-01,-1.424607435102134487e-02,2.023869973419371859e-01,4.279163624751747275e-01,-1.424394363757196420e-02,2.023998665917769446e-01,4.285760190131840952e-01,-1.901508892792269645e-02,2.105874104154851212e-01
1.247999999999999687e+01,4.231127737649558740e-01,-1.427038860565771686e-02,2.087069479863394861e-01,4.231033124473078666e-01,-1.426802768742015289e-02,2.087191535575429191e-01,4.207770513376419830e-01,-1.634675506809712964e-02,2.224392285109068057e-01
1.248999999999999488e+01,4.183172767925399382e-01,-1.428772564742175621e-02,2.146925760269660644e-01,4.183078043593627116e-01,-1.428500941809247859e-02,2.147042184359019834e-01,4.172723848797771362e-01,-1.648487517396976521e-02,2.256799594269196518e-01
1.249999999999999289e+01,4.135744275823002303e-01,-1.429874417737615581e-02,2.203405320670874246e-01,4.135649604186369399e-01,-1.429569272465824360e-02,2.203516328533064728e-01,4.150750819963792138e-01,-1.688528610885389747e-02,2.272040058712855304e-01
1.250999999999999801e+01,4.091251111622123959e-01,-1.430458089318033775e-02,2.254726941703742160e-01,4.091161864762489220e-01,-1.430132833433411278e-02,2.254827921689266101e-01,4.137199034371741302e-01,-1.712736409526346981e-02,2.276532461272927632e-01
1.251999999999999602e+01,4.055748904417779688e-01,-1.430644791280616911e-02,2.295779231740607829e-01,4.055678894618832131e-01,-1.430307477501539283e-02,2.295853538265248961e-01,4.133803282200012585e-01,-1.734703861117101176e-02,2.269853603390177277e-01
1.252999999999999403e+01,4.034145219213380318e-01,-1.430454686752822765e-02,2.321872983322691986e-01,4.034062639695856212e-01,-1.430111957837104479e-02,2.321962563236351640e-01,4.135454066559078878e-01,-1.739409978666975332e-02,2.257042516184589731e-01
1.253999999999999915e+01,4.028737408467154002e-01,-1.429985257651198230e-02,2.330742773926386679e-01,4.028648156578170658e-01,-1.429641757205445292e-02,2.330843025213001074e-01,4.147790130682642573e-01,-1.760679584949301213e-02,2.233670563838521250e-01
1.254999999999999005e+01,4.040077854802501811e-01,-1.429284042798197388e-02,2.321576692669301556e-01,4.040003993273533767e-01,-1.428942065220143755e-02,2.321661534014352324e-01,4.167567501338438340e-01,-1.749708933784879794e-02,2.200317951752823742e-01
1.255999999999999517e+01,4.067404859718504184e-01,-1.428276926023718321e-02,2.294376865486263961e-01,4.067351187007857694e-01,-1.427937184461605322e-02,2.294440438055740106e-01,4.202142279009821735e-01,-1.764721429520182960e-02,2.161169039265729008e-01
1.256999999999999318e+01,4.109033754744892963e-01,-1.426764671601674778e-02,2.249591438987979253e-01,4.108997461585116584e-01,-1.426427138584276423e-02,2.249636570061423757e-01,4.248123083432076008e-01,-1.748213870646753154e-02,2.106407653609566610e-01
1.257999999999999119e+01,4.162690897732037043e-01,-1.424454213804742658e-02,2.187923109308345659e-01,4.162672778971783782e-01,-1.424118403497620297e-02,2.187947249143160078e-01,4.302227419152382382e-01,-1.745849577305103040e-02,2.046311717373804351e-01
1.258999999999999631e+01,4.225783983936762800e-01,-1.421002434581447593e-02,2.110240931352683480e-01,4.225789313596405861e-01,-1.420666859879229221e-02,2.110233901624516684e-01,4.371548877601785232e-01,-1.737598024755698800e-02,1.963055256173983354e-01
1.259999999999999432e+01,4.295611337712560429e-01,-1.416058970133719959e-02,2.017544907536269194e-01,4.295640053398885883e-01,-1.415721393402251740e-02,2.017502266453959359e-01,4.432596701234539083e-01,-1.760718487873327853e-02,1.879968462806779206e-01
1.260999999999999233e+01,4.369517588655181251e-01,-1.409301271344814283e-02,1.910952060869868518e-01,4.369558067213110686e-01,-1.408960424299413733e-02,1.910887168241741929e-01,4.493205105682495093e-01,-1.736421527684817168e-02,1.798000208460891480e-01
1.261999999999999744e+01,4.445004583582917723e-01,-1.400459562006533404e-02,1.791686801556561515e-01,4.445039701450141378e-01,-1.400116325278295826e-02,1.791626561234944404e-01,4.573333516628508288e-01,-1.755946936955005144e-02,1.666457348285225182e-01
1.262999999999999545e+01,4.519806048090426187e-01,-1.389331834740323290e-02,1.661067719591018677e-01,4.519830590112624558e-01,-1.388987761526705271e-02,1.661023300982595874e-01,4.651902708453125035e-01,-1.832502593886098374e-02,1.520032245227026513e-01
1.263999999999999346e+01,4.591933453310061419e-01,-1.375790302676890842e-02,1.520488517455442223e-01,4.591949589186398728e-01,-1.375450191412199742e-02,1.520458121447900712e-01,4.717181195236853641e-01,-1.869996867134851581e-02,1.377580610608758471e-01
1.264999999999999858e+01,4.659699349036682814e-01,-1.359781172448269911e-02,1.371393760645897297e-01,4.659710515474759229e-01,-1.359449861837222842e-02,1.371371880011140743e-01,4.781989814394110860e-01,-1.862838842058872624e-02,1.219260997475865027e-01
1.265999999999998948e+01,4.721723342090307085e-01,-1.341319611513260013e-02,1.215251409931538407e-01,4.721731395283779720e-01,-1.340996421013108258e-02,1.215234890071115875e-01,4.834115666284852786e-01,-1.869013699829152886e-02,1.065914117568668162e-01
1.266999999999999460e+01,4.776924995291270126e-01,-1.320481590769906517e-02,1.053524398228852521e-01,4.776930588180576809e-01,-1.320162410956455222e-02,1.053513034991555714e-01,4.871608018161184273e-01,-1.819134300363794976e-02,9.229288384373068865e-02
1.267999999999999972e+01,4.824507185123425579e-01,-1.297393991007717365e-02,8.876432908980844139e-02,4.824510999995175742e-01,-1.297071588705652270e-02,8.876368368853064517e-02,4.909202267695510491e-01,-1.746383299369111408e-02,7.402971874976127520e-02
1.268999999999999062e+01,4.863932848384174834e-01,-1.272224028427247113e-02,7.189816123760453537e-02,4.863935682717269171e-01,-1.271893307644400388e-02,7.189785577154937657e-02,4.931803657621631753e-01,-1.713181485195788833e-02,5.938650605392825632e-02
1.269999999999999574e+01,4.894897533427685077e-01,-1.245168807007839343e-02,5.488349072754360874e-02,4.894899660099236161e-01,-1.244828235695435124e-02,5.488353819990510196e-02,4.948855669310507910e-01,-1.695843030223537218e-02,4.445365217411112457e-02
1.270999999999999375e+01,4.917299725731865689e-01,-1.216445527017533806e-02,3.784041212905728951e-02,4.917301813892394069e-01,-1.216095869400836936e-02,3.784045460324759330e-02,4.962846405905907421e-01,-1.651224378394511305e-02,2.712989013006272820e-02
1.271999999999999176e+01,4.931210523202123053e-01,-1.186282718042607105e-02,2.087834828712164734e-02,4.931212751325376176e-01,-1.185924925786957691e-02,2.087800860797182217e-02,4.969353307526268582e-01,-1.554926199233910844e-02,1.377421429190406332e-02
1.272999999999999687e+01,4.936843887323985602e-01,-1.154912649160842394e-02,4.095275201356888412e-03,4.936845896095293229e-01,-1.154546587912703461e-02,4.094471048599371624e-03,4.971290686383501578e-01,-1.480660397627339697e-02,-1.958808892568053572e-03
1.273999999999999488e+01,4.934528386620442575e-01,-1.122565023966694275e-02,-1.242265182997817283e-02,4.934530059202786312e-01,-1.122193456236331675e-02,-1.242301304731942800e-02,4.968445416422941907e-01,-1.397329952438444711e-02,-1.255409615818248170e-02
1.274999999999999289e+01,4.924681079996666710e-01,-1.089461927015742890e-02,-2.860112055767244713e-02,4.924682457819858361e-01,-1.089084883640074712e-02,-2.860149382831849926e-02,4.963608684029383600e-01,-1.301994222801725054e-02,-2.518366149351347616e-02
1.275999999999999801e+01,4.907783957154575050e-01,-1.055813944896635652e-02,-4.437738982793708320e-02,4.907785622185077412e-01,-1.055431498666617451e-02,-4.437730011468308394e-02,4.952916289337704336e-01,-1.214286057093541538e-02,-4.073648647917660348e-02
1.276999999999999602e+01,4.884363161401908404e-01,-1.021817352120266663e-02,-5.969978271230987066e-02,4.884364644214199136e-01,-1.021425157382152213e-02,-5.969974740274074099e-02,4.940916825493765208e-01,-1.105066784470698504e-02,-5.150595941910751652e-02
1.277999999999999403e+01,4.854971065558817411e-01,-9.876522455382450924e-03,-7.452700226893119173e-02,4.854971738051263030e-01,-9.872403852312689257e-03,-7.452730175472022101e-02,4.921976288303648861e-01,-9.470348610157525160e-03,-6.434500889418837133e-02
1.278999999999999915e+01,4.820171150716817121e-01,-9.534814719863175109e-03,-8.882732332213254256e-02,4.820171061110646304e-01,-9.530538807236713095e-03,-8.882781433938891080e-02,4.902321882064377689e-01,-8.039085593542938390e-03,-7.469598688511913664e-02
1.279999999999999005e+01,4.780525548790398593e-01,-9.194502011654269794e-03,-1.025777072088667335e-01,4.780522972277862492e-01,-9.190191487353551944e-03,-1.025789060599907876e-01,4.882913008764036000e-01,-6.107920042873443700e-03,-8.337686528431664801e-02
1.280999999999999517e+01,4.736585046582406644e-01,-8.856860531301437994e-03,-1.157628798944888016e-01,4.736580697213098046e-01,-8.852735927018276843e-03,-1.157643825696843681e-01,4.850317361360739765e-01,-4.921090027444480208e-03,-9.626084830144654436e-02
1.281999999999999318e+01,4.688881311931725193e-01,-8.522996080210658992e-03,-1.283744061678834814e-01,4.688873296102150090e-01,-8.519304054195457263e-03,-1.283766319712391080e-01,4.817946862243591699e-01,-4.458331065011561511e-03,-1.069922843525225042e-01
1.282999999999999119e+01,4.637921080323869627e-01,-8.193852404213081142e-03,-1.404097862538057351e-01,4.637908964436300852e-01,-8.190600988677821173e-03,-1.404126948787880746e-01,4.784465411626110942e-01,-3.203405518544533148e-03,-1.167672671768745785e-01
1.283999999999999631e+01,4.584182037725858527e-01,-7.870221541336881732e-03,-1.518715942376516748e-01,4.584166036261828614e-01,-7.867365190246142920e-03,-1.518750175091664323e-01,4.725707402624889086e-01,-2.332135853405276071e-03,-1.323444458240674582e-01
1.284999999999999432e+01,4.528110140293523100e-01,-7.552755631826532472e-03,-1.627666723581117914e-01,4.528090329232875577e-01,-7.550161307927245012e-03,-1.627705142778375358e-01,4.679994138841829798e-01,-1.580493835655866208e-03,-1.432456902748917571e-01
1.285999999999999233e+01,4.470118127641302119e-01,-7.241979315464368121e-03,-1.731053901044619647e-01,4.470094552865228055e-01,-7.239623650817423976e-03,-1.731095776166343136e-01,4.620079659157647622e-01,-1.165260128672990225e-03,-1.564303379341437372e-01
1.286999999999999744e+01,4.410585004940423826e-01,-6.938302567027943187e-03,-1.829009732078044626e-01,4.410558238648998319e-01,-6.936181793589094209e-03,-1.829053573312453274e-01,4.559050299032423315e-01,-1.174155051833297714e-03,-1.688204399208086404e-01
1.287999999999999545e+01,4.349856294110608368e-01,-6.642033223902046521e-03,-1.921689041333450032e-01,4.349825743978943393e-01,-6.640137875720620968e-03,-1.921735512095809340e-01,4.496651960609868715e-01,-1.225583419968950816e-03,-1.804399585646447868e-01
1.288999999999999346e+01,4.288244877494497564e-01,-6.353389143964733449e-03,-2.009263933393675150e-01,4.288210662834341935e-01,-6.351724195120540817e-03,-2.009312494715383146e-01,4.426460687138260575e-01,-1.572597903576861134e-03,-1.922477962628788006e-01
1.289999999999999858e+01,4.226032282660380224e-01,-6.072509734806924749e-03,-2.091919186029272959e-01,4.225994809427865984e-01,-6.071083385361789909e-03,-2.091968987227584287e-01,4.348639449360129916e-01,-1.849365204717151601e-03,-2.039729500753472147e-01
1.290999999999998948e+01,4.163470280537812651e-01,-5.799466627417483068e-03,-2.169848284053772780e-01,4.163430064890749072e-01,-5.798264136279671598e-03,-2.169898472431219805e-01,4.265894631774740375e-01,-2.090728972320710088e-03,-2.153326381023532576e-01
1.291999999999999460e+01,4.100782690412351772e-01,-5.534273607371860415e-03,-2.243250045589864072e-01,4.100740198777349521e-01,-5.533246942392197609e-03,-2.243299971397665626e-01,4.184310746864113861e-01,-2.369405967597687512e-03,-2.257702516889456001e-01
1.292999999999999972e+01,4.038167305891330883e-01,-5.276895557677134703e-03,-2.312325787144690337e-01,4.038122707144748413e-01,-5.275982816556063458e-03,-2.312375264550254883e-01,4.097208064389010751e-01,-2.436644946850780036e-03,-2.358106226802155758e-01
1.293999999999999062e+01,3.975797872918239162e-01,-5.027256476485240065e-03,-2.377276972507613440e-01,3.975752055630412118e-01,-5.026384086742610550e-03,-2.377325015761865556e-01,4.023300285439173063e-01,-2.730991495339341046e-03,-2.438304265621924483e-01
1.294999999999999574e+01,3.913826066025721806e-01,-4.785246745680203292e-03,-2.438303290823171654e-01,3.913779638934481442e-01,-4.784366625096381741e-03,-2.438349362111313090e-01,3.934886425474162230e-01,-3.085670657121092342e-03,-2.524313193594716065e-01
1.295999999999999375e+01,3.852383422748232311e-01,-4.550729396559309581e-03,-2.495601110728936367e-01,3.852337066915585972e-01,-4.549803126652205050e-03,-2.495644661054033098e-01,3.867679444909165598e-01,-3.454136751548347872e-03,-2.585501751242486046e-01
1.296999999999999176e+01,3.791583205937064660e-01,-4.323545741634993687e-03,-2.549362261130088125e-01,3.791537172855775073e-01,-4.322565626369054281e-03,-2.549403235854531546e-01,3.795953339557488482e-01,-3.534739760709032508e-03,-2.642590991729693028e-01
1.297999999999999687e+01,3.731522173735096204e-01,-4.103520116127464673e-03,-2.599773092367508864e-01,3.731477197451346650e-01,-4.102488802223043692e-03,-2.599810998443599641e-01,3.744076086042458229e-01,-2.939441536906728381e-03,-2.680802257616394790e-01
1.298999999999999488e+01,3.672282243183344619e-01,-3.890464114953400259e-03,-2.647013776214071634e-01,3.672237404227488566e-01,-3.889388872671328996e-03,-2.647049651963399031e-01,3.689517749874535735e-01,-3.285478742054176449e-03,-2.725989357489093656e-01
1.299999999999999289e+01,3.614209637074715653e-01,-3.684985023972458563e-03,-2.691162616123135565e-01,3.614166908395810007e-01,-3.683875529143578863e-03,-2.691195128732855602e-01,3.619488312319586454e-01,-5.796991091913311633e-03,-2.797155817149638013e-01
1.300999999999999801e+01,3.560058043134806671e-01,-3.494680152534621227e-03,-2.731233849201992747e-01,3.560045020370959934e-01,-3.493622203099586675e-03,-2.731246499579488285e-01,3.598842075406775143e-01,-4.842531476140943258e-03,-2.804536437201271548e-01
1.301999999999999602e+01,3.517092245290873165e-01,-3.340629170544875872e-03,-2.763759099147938825e-01,3.517053535291891353e-01,-3.339460938937391203e-03,-2.763780210641297308e-01,3.591386011060990757e-01,-4.334705596362398161e-03,-2.803141248701045418e-01
1.302999999999999403e+01,3.491104374670137012e-01,-3.241332642298049797e-03,-2.785022750610911535e-01,3.491057633847506891e-01,-3.240128770074135207e-03,-2.785038297371287275e-01,3.593040543964191036e-01,-3.383901151196605506e-03,-2.794371871978780231e-01
1.303999999999999915e+01,3.484683020522393870e-01,-3.206327459439653558e-03,-2.793145850158941235e-01,3.484570791409977164e-01,-3.204876822852885821e-03,-2.793209744692449759e-01,3.610047797410504966e-01,-2.622151575359527031e-03,-2.774828211332611705e-01
1.304999999999999005e+01,3.498405256176014833e-01,-3.239013591743559756e-03,-2.787382811448513298e-01,3.498244514952506545e-01,-3.237383961574704337e-03,-2.787485478945065931e-01,3.633331396548307168e-01,-1.714338910805968119e-03,-2.749187924589275855e-01
1.305999999999999517e+01,3.531412194428744100e-01,-3.338602523980522142e-03,-2.767546751840445074e-01,3.531224148155428511e-01,-3.336877852545709622e-03,-2.767673313027680937e-01,3.675816627386274682e-01,-1.142319191691637537e-03,-2.719839165912070200e-01
1.306999999999999318e+01,3.581881020463056342e-01,-3.501566945583501050e-03,-2.733710596604668752e-01,3.581676392604905002e-01,-3.499789273035021353e-03,-2.733855407725160891e-01,3.723572984753088511e-01,-1.535665162810978535e-03,-2.691021713571679630e-01
1.307999999999999119e+01,3.647396651351768049e-01,-3.722675281222200851e-03,-2.686078990166335667e-01,3.647175315560688413e-01,-3.720845948043332175e-03,-2.686246243572842363e-01,3.794173163504128699e-01,-1.296456688719860306e-03,-2.643983663950240093e-01
1.308999999999999631e+01,3.725233305711497245e-01,-3.995712387243339180e-03,-2.624952681782348751e-01,3.724999040170660081e-01,-3.993847741293753834e-03,-2.625143155871678680e-01,3.870064597408486851e-01,-1.691166848705377701e-03,-2.583208939910579538e-01
1.309999999999999432e+01,3.812561149623292511e-01,-4.313973487542649074e-03,-2.550733936701830018e-01,3.812329456972184394e-01,-4.312132894513408428e-03,-2.550935644061116392e-01,3.960746316569014880e-01,-1.630023194166108080e-03,-2.502359076087483647e-01
1.310999999999999233e+01,3.906593747470243350e-01,-4.670600764256354828e-03,-2.463942959411113687e-01,3.906369408128239074e-01,-4.668799600185491970e-03,-2.464152989309726649e-01,4.047229440478490314e-01,-1.565570342782068858e-03,-2.423463087640215230e-01
1.311999999999999744e+01,4.004690141834185146e-01,-5.058813010820786653e-03,-2.365230185375085670e-01,4.004470023428414183e-01,-5.057029062441201726e-03,-2.365454122751250721e-01,4.150133516915687215e-01,-1.177927602578232591e-03,-2.317087910358243130e-01
1.312999999999999545e+01,4.104422654973335360e-01,-5.472063155273749688e-03,-2.255378559228649882e-01,4.104203593312889531e-01,-5.470258789533178831e-03,-2.255622745890355774e-01,4.260322907994276154e-01,-1.113637463280386930e-03,-2.194065324652095805e-01
1.313999999999999346e+01,4.203618888092074402e-01,-5.904146716916456629e-03,-2.135295102837329595e-01,4.203390487813011278e-01,-5.902252977755074147e-03,-2.135578815561547661e-01,4.372047825986108416e-01,-5.085740304125729860e-04,-2.050212157629842658e-01
1.314999999999999858e+01,4.300384269215375976e-01,-6.349275943747817452e-03,-2.005993598656586607e-01,4.300152385570935598e-01,-6.347284658153350308e-03,-2.006315426689895265e-01,4.455397205801299165e-01,4.176012607481904837e-05,-1.933086478866455904e-01
1.315999999999998948e+01,4.393109917976696921e-01,-6.802128838719479452e-03,-1.868571140977158263e-01,4.392883703795666395e-01,-6.800061946344053074e-03,-1.868922409084678160e-01,4.557165319559745020e-01,-2.976938258722194863e-04,-1.774463058738491306e-01
1.316999999999999460e+01,4.480469468667077071e-01,-7.257878983736590177e-03,-1.724181362376403237e-01,4.480255696704043000e-01,-7.255773026222270099e-03,-1.724553915811908311e-01,4.642802939964494335e-01,-7.954124028423104065e-04,-1.616945974753627446e-01
1.317999999999999972e+01,4.561407700496176165e-01,-7.712210209869223287e-03,-1.574006775469873609e-01,4.561209896834364508e-01,-7.710095161059306659e-03,-1.574395745414673697e-01,4.717819613010405533e-01,-1.341986634372072107e-03,-1.454012436668500330e-01
1.318999999999999062e+01,4.635123258694762716e-01,-8.161318844434817948e-03,-1.419232142093808935e-01,4.634943300937119925e-01,-8.159208158036399330e-03,-1.419634918673477741e-01,4.778590356352860891e-01,-1.380800371816953698e-03,-1.297323449967243691e-01
1.319999999999999574e+01,4.701047329129610652e-01,-8.601905632300102869e-03,-1.261020236158372776e-01,4.700883310106394042e-01,-8.599772994839249493e-03,-1.261442880404597677e-01,4.835405565284520701e-01,-2.077627076571941789e-03,-1.122158711407283960e-01
1.320999999999999375e+01,4.758819797304283949e-01,-9.031159241336725318e-03,-1.100490873380054468e-01,4.758676885651433874e-01,-9.029037692690377453e-03,-1.100921549851671816e-01,4.872117827719832928e-01,-2.234985206706452399e-03,-9.892740245030717805e-02
1.321999999999999176e+01,4.808264146778865045e-01,-9.446733099601280909e-03,-9.387036697099207516e-02,4.808140111560800234e-01,-9.444630492617456241e-03,-9.391496867795612324e-02,4.899870737607513460e-01,-2.666883716624879330e-03,-8.677676538020395736e-02
1.322999999999999687e+01,4.849362114343986341e-01,-9.846716860080656150e-03,-7.766446637952718890e-02,4.849261696819465173e-01,-9.844758647907691368e-03,-7.770875815666979103e-02,4.939750745711241064e-01,-3.872767784521141676e-03,-6.700365013332909569e-02
1.323999999999999488e+01,4.882228905998421409e-01,-1.022960406430182059e-02,-6.152166993252791705e-02,4.882150825356762480e-01,-1.022793424597316821e-02,-6.156565801124463944e-02,4.959636930036727120e-01,-5.178173545254238785e-03,-5.463491307499457328e-02
1.324999999999999289e+01,4.907089589591639989e-01,-1.059425718164450081e-02,-4.552332922547763089e-02,4.907034146327671209e-01,-1.059306903712577304e-02,-4.556588462867369738e-02,4.972531160043611731e-01,-5.897308125053124517e-03,-4.449840807660043751e-02
1.325999999999999801e+01,4.924257111154487498e-01,-1.093987138735356794e-02,-2.974156049359690315e-02,4.924222598696490483e-01,-1.093929431522772111e-02,-2.978228084195974970e-02,4.987760915055148847e-01,-7.082085880844191106e-03,-2.821181870748412646e-02
1.326999999999999602e+01,4.934112237687570679e-01,-1.126593774852411266e-02,-1.423920814243404866e-02,4.934096394325774293e-01,-1.126599584158758001e-02,-1.427820782913181985e-02,4.995126818754012099e-01,-7.916842441418742160e-03,-1.606775531372595101e-02
1.327999999999999403e+01,4.937085601439011873e-01,-1.157220700742942789e-02,9.299711665915098239e-04,4.937086482696815271e-01,-1.157279902280009334e-02,8.932086040222969592e-04,4.998476579409825704e-01,-8.668811908798812471e-03,-3.121561947831530404e-03
1.328999999999999915e+01,4.933641918902820223e-01,-1.185865457065447132e-02,1.572094919325238774e-02,4.933657527472916082e-01,-1.185969440858545935e-02,1.568584847916371788e-02,4.998185171281144812e-01,-9.341615301212857769e-03,4.573183509806622027e-03
1.329999999999999005e+01,4.924266373075039116e-01,-1.212544716074528267e-02,3.009693444709755222e-02,4.924294696077781142e-01,-1.212682262305328149e-02,3.006391089282602069e-02,4.993258477728954592e-01,-1.087259681249599930e-02,1.445750915573462692e-02
1.330999999999999517e+01,4.909453082398786972e-01,-1.237291169220909419e-02,4.402878637527720546e-02,4.909492584069086729e-01,-1.237460735044642983e-02,4.399750714781569538e-02,4.985839324199506928e-01,-1.291689878467752739e-02,2.319772172228828921e-02
1.331999999999999318e+01,4.889695533161321217e-01,-1.260150654929471058e-02,5.749436898895929349e-02,4.889744320230252073e-01,-1.260350985536745280e-02,5.746500814184585942e-02,4.967872018704579395e-01,-1.386190076221963108e-02,3.944016227166280419e-02
1.332999999999999119e+01,4.865478818039475351e-01,-1.281179566109826029e-02,7.047787293325745439e-02,4.865535224108500922e-01,-1.281403618387856255e-02,7.045043476093881818e-02,4.951843302588181395e-01,-1.447808765268779330e-02,4.981722412655842369e-02
1.333999999999999631e+01,4.837273505012982255e-01,-1.300442504060577396e-02,8.296912926633191743e-02,4.837336384385483856e-01,-1.300679739482472896e-02,8.294342537493372414e-02,4.927975086327246457e-01,-1.474041454670382834e-02,6.116570791475606228e-02
1.334999999999999432e+01,4.805530950615647945e-01,-1.318010218712370625e-02,9.496293391929681860e-02,4.805598523101544672e-01,-1.318243078793844038e-02,9.493911441795312156e-02,4.905423947164261333e-01,-1.594196241721423934e-02,7.181855565166128663e-02
1.335999999999999233e+01,4.770679871289081886e-01,-1.333957799227623690e-02,1.064583971904672632e-01,4.770751969910954071e-01,-1.334176899193362069e-02,1.064360432101849330e-01,4.873190620117610616e-01,-1.717364583776345710e-02,8.591600567331125760e-02
1.336999999999999744e+01,4.733123991700965982e-01,-1.348363131883218921e-02,1.174583288681190218e-01,4.733198915274880458e-01,-1.348558889631129749e-02,1.174376082775366870e-01,4.838004212046147501e-01,-1.781287131591705042e-02,9.855778765270162278e-02
1.337999999999999545e+01,4.693240599799276547e-01,-1.361305566657054766e-02,1.279686661284143157e-01,4.693318341902847912e-01,-1.361473167624652897e-02,1.279492568199065150e-01,4.796982806234578733e-01,-1.870330324748659123e-02,1.115691885153915486e-01
1.338999999999999346e+01,4.651379850988629494e-01,-1.372864812061624570e-02,1.379979486712917813e-01,4.651458875585223196e-01,-1.373002909194672057e-02,1.379799817416127450e-01,4.755799217863328487e-01,-1.944195665255285532e-02,1.234698747082818571e-01
1.339999999999999858e+01,4.607864679525165985e-01,-1.383120022993257307e-02,1.475568431926556623e-01,4.607944893051106883e-01,-1.383221645914429337e-02,1.475401076936452005e-01,4.711095347584696169e-01,-2.001954030015440367e-02,1.346566239409794363e-01
1.340999999999998948e+01,4.562991191220612808e-01,-1.392149053870339950e-02,1.566577175025397617e-01,4.563071440886846131e-01,-1.392208379359062033e-02,1.566422697854511215e-01,4.664556523455118398e-01,-2.011086067586911885e-02,1.459933355784247544e-01
1.341999999999999460e+01,4.517029427371097583e-01,-1.400027875546640960e-02,1.653142632347914809e-01,4.517109501274790828e-01,-1.400040544339755874e-02,1.652999689074074463e-01,4.592715787753604006e-01,-2.069942610118788440e-02,1.610266110340877743e-01
1.342999999999999972e+01,4.470224405817764257e-01,-1.406830113184950014e-02,1.735411650357402413e-01,4.470303655390604480e-01,-1.406794301188114653e-02,1.735279945561892523e-01,4.530710944375171412e-01,-2.085499173710975152e-02,1.727751938872683635e-01
1.343999999999999062e+01,4.422797359154684305e-01,-1.412626711671073620e-02,1.813538134516096967e-01,4.422875462071742536e-01,-1.412547902435922625e-02,1.813416831970449394e-01,4.475980223783961875e-01,-2.094666065928771359e-02,1.823388042090764438e-01
1.344999999999999574e+01,4.374947104024520250e-01,-1.417485686440085949e-02,1.887680582413256702e-01,4.375023845229134012e-01,-1.417369792784375394e-02,1.887568815526417254e-01,4.416556212109925550e-01,-2.113972531458963022e-02,1.919140380645498745e-01
1.345999999999999375e+01,4.326851486990052620e-01,-1.421471967046824929e-02,1.957999986281866722e-01,4.326926431333334988e-01,-1.421326117373906787e-02,1.957897360854754243e-01,4.353811365747696227e-01,-2.130957359232646398e-02,2.009182392599804245e-01
1.346999999999999176e+01,4.278668863552803070e-01,-1.424647300124851253e-02,2.024658068896086627e-01,4.278742443091356762e-01,-1.424477312862628200e-02,2.024562989388834500e-01,4.288738237961442490e-01,-2.044840097431394055e-02,2.100804243819206496e-01
1.347999999999999687e+01,4.230539575711687594e-01,-1.427070221108973046e-02,2.087815817428050058e-01,4.230611328643426039e-01,-1.426880209070667711e-02,2.087728176075747122e-01,4.201854427028390848e-01,-1.718511392786586933e-02,2.235888043433083006e-01
1.348999999999999488e+01,4.182587401932227333e-01,-1.428796052259208998e-02,2.147632280842138308e-01,4.182656467089008179e-01,-1.428589702757231128e-02,2.147552524744980595e-01,4.169122225159388462e-01,-1.744761667659491811e-02,2.263116649461319740e-01
1.349999999999999289e+01,4.135169212763339930e-01,-1.429891014039492633e-02,2.204069150912484065e-01,4.135237177966617494e-01,-1.429677594918110292e-02,2.203994322259080207e-01,4.141613578094928139e-01,-1.766101231658323556e-02,2.285787640724922243e-01
1.350999999999999801e+01,4.090730801453070220e-01,-1.430469151612176471e-02,2.255313150306441361e-01,4.090795983540058689e-01,-1.430253834282768297e-02,2.255244702879939112e-01,4.125678020710099592e-01,-1.764724665592365405e-02,2.294480711422057784e-01
1.351999999999999602e+01,4.055325149623772996e-01,-1.430650700014716829e-02,2.296250508646161537e-01,4.055395646125430353e-01,-1.430434799885742583e-02,2.296173140394674184e-01,4.118778618045267903e-01,-1.784190331827806286e-02,2.288940979402500631e-01
1.352999999999999403e+01,4.033839895338429127e-01,-1.430456979507384492e-02,2.322212219654156973e-01,4.033886842508058734e-01,-1.430242409094492281e-02,2.322160430533325437e-01,4.119972708772983161e-01,-1.799605216842958821e-02,2.280280632639835048e-01
1.353999999999999915e+01,4.028559242812953523e-01,-1.429985410700283788e-02,2.330944892127365387e-01,4.028555788147016314e-01,-1.429776731657201976e-02,2.330953934420615659e-01,4.131507707299145737e-01,-1.806582271705436948e-02,2.257160856057311982e-01
1.354999999999999005e+01,4.040025302957384046e-01,-1.429282668822120031e-02,2.321643178466082369e-01,4.040004125861580975e-01,-1.429081551294584217e-02,2.321673677285051307e-01,4.147396430994504390e-01,-1.808818538399320497e-02,2.228949230331738196e-01
1.355999999999999517e+01,4.067468874008888791e-01,-1.428273585232550484e-02,2.294312529643830201e-01,4.067446588830309628e-01,-1.428079214444075672e-02,2.294344340711418351e-01,4.182932655858118132e-01,-1.797659979132781860e-02,2.186060752315270861e-01
1.356999999999999318e+01,4.109200247843154963e-01,-1.426758021706397463e-02,2.249402692881637966e-01,4.109179420040617869e-01,-1.426569692257952798e-02,2.249432914157587227e-01,4.222815296875853663e-01,-1.798846314230745369e-02,2.140697410954353064e-01
1.357999999999999119e+01,4.162942793176336864e-01,-1.424442306028124439e-02,2.187617167804888074e-01,4.162919807989832188e-01,-1.424259692819122153e-02,2.187651072483265402e-01,4.281299958560793595e-01,-1.756220490239188137e-02,2.075512174533181708e-01
1.358999999999999631e+01,4.226102835762133303e-01,-1.420983044006122846e-02,2.109825518641187392e-01,4.226077329380193426e-01,-1.420805113791233365e-02,2.109864486816006302e-01,4.341502178800494827e-01,-1.758363277812910463e-02,2.008231186454777495e-01
1.359999999999999432e+01,4.295978555133623811e-01,-1.416029878014444555e-02,2.017028190267992349e-01,4.295962412433860234e-01,-1.415853282125379038e-02,2.017054766839602720e-01,4.410637717215343256e-01,-1.784845593599282410e-02,1.919719714272718480e-01
1.360999999999999233e+01,4.369915323638514648e-01,-1.409260484903341812e-02,1.910342648484394668e-01,4.369908541345345343e-01,-1.409082367494102553e-02,1.910355005458031774e-01,4.486098943654418525e-01,-1.751284691595922371e-02,1.813122745286522841e-01
1.361999999999999744e+01,4.445416342767017914e-01,-1.400405462250669392e-02,1.790993733335508042e-01,4.445408780194857745e-01,-1.400225642559190312e-02,1.791007947615814722e-01,4.545186660534362710e-01,-1.774077146885980061e-02,1.717805505051298587e-01
1.362999999999999545e+01,4.520217085065264540e-01,-1.389263255587586295e-02,1.660300407834990055e-01,4.520201486441645100e-01,-1.389083512372973027e-02,1.660331718327084372e-01,4.626674959786002406e-01,-1.850795229466367653e-02,1.570759032142376999e-01
1.363999999999999346e+01,4.592330988852597051e-01,-1.375706560111789739e-02,1.519656644298248704e-01,4.592305825511328043e-01,-1.375528533825776459e-02,1.519712686464563534e-01,4.706370841878871891e-01,-1.866469514955376718e-02,1.404160276049825073e-01
1.364999999999999858e+01,4.660072658863112505e-01,-1.359682047086318256e-02,1.370507139432006749e-01,4.660039807793525668e-01,-1.359506809884284892e-02,1.370589925630694983e-01,4.763237242751002798e-01,-1.876680717106143925e-02,1.246432494664357904e-01
1.365999999999998948e+01,4.722063744284919484e-01,-1.341205310630602492e-02,1.214319826999719631e-01,4.722028936007931499e-01,-1.341031135847998296e-02,1.214420948209206791e-01,4.814702285156136075e-01,-1.870020395639979127e-02,1.099374571977149717e-01
1.366999999999999460e+01,4.777225764023166898e-01,-1.320352690137443358e-02,1.052557450499156388e-01,4.777192473184170840e-01,-1.320174899235701006e-02,1.052671150270829692e-01,4.864651310098075943e-01,-1.828029811198914056e-02,9.225150658712544249e-02
1.367999999999999972e+01,4.824763412326571466e-01,-1.297251369698626880e-02,8.866502321876222614e-02,4.824731896955349875e-01,-1.297065888165446421e-02,8.867798046813246682e-02,4.898417964080076237e-01,-1.774476298803656649e-02,7.749531511614471402e-02
1.368999999999999062e+01,4.864141271285999935e-01,-1.272068794407858576e-02,7.179712176804076140e-02,4.864113256085733639e-01,-1.271874285492017274e-02,7.181157603337244566e-02,4.925330060161768886e-01,-1.724431156507905127e-02,6.258439299701690217e-02
1.369999999999999574e+01,4.895056342168535024e-01,-1.245002239635208466e-02,5.478153613331940286e-02,4.895033239327702956e-01,-1.244801704721848652e-02,5.479745461703555004e-02,4.946118345841136188e-01,-1.695237223336126808e-02,4.626455636897686130e-02
1.370999999999999375e+01,4.917408362940726696e-01,-1.216269013031678371e-02,3.773829338288336305e-02,4.917391141063291449e-01,-1.216066403711084723e-02,3.775593873294307706e-02,4.959148308417429263e-01,-1.645516779377478866e-02,3.158285612785804997e-02
1.371999999999999176e+01,4.931269484450118701e-01,-1.186097693989233287e-02,2.077674310798742832e-02,4.931260435866778313e-01,-1.185896094423984255e-02,2.079463391242763678e-02,4.969718171188587386e-01,-1.554993981530780611e-02,1.646449986002607169e-02
1.372999999999999687e+01,4.936854529255281787e-01,-1.154720560984105054e-02,3.994784917226199862e-03,4.936853591989445178e-01,-1.154521649621162438e-02,4.013538678017019787e-03,4.973584195726546975e-01,-1.446377713551236233e-02,3.411670167476121840e-03
1.373999999999999488e+01,4.934492747823295833e-01,-1.122367292358806591e-02,-1.252150308893068206e-02,4.934499904775085377e-01,-1.122167771418719137e-02,-1.250371118079080315e-02,4.972303638223046773e-01,-1.320777953417001660e-02,-9.607138665291614643e-03
1.374999999999999289e+01,4.924601717865569328e-01,-1.089259907848868884e-02,-2.869788472432802801e-02,4.924616181206011301e-01,-1.089063860471861309e-02,-2.868075972739378768e-02,4.967516304146101236e-01,-1.233940293311469594e-02,-2.245399724679053577e-02
1.375999999999999801e+01,4.907663802645632622e-01,-1.055608918631495939e-02,-4.447169204769874096e-02,4.907683863318667017e-01,-1.055421178572336048e-02,-4.445604916505249693e-02,4.956963468200854539e-01,-1.152946016026110132e-02,-3.844824992971995758e-02
1.376999999999999602e+01,4.884205392526457246e-01,-1.021610502458824080e-02,-5.979131730194132965e-02,4.884229767105364162e-01,-1.021449275565355572e-02,-5.977707981032495677e-02,4.946712450123077476e-01,-1.039445000572283839e-02,-4.957208902445608967e-02
1.377999999999999403e+01,4.854778999556287333e-01,-9.874446529095082248e-03,-7.461552772892739160e-02,4.854806784714760237e-01,-9.873211361676580838e-03,-7.460250817699931591e-02,4.930235095990022076e-01,-8.715484799742573285e-03,-6.143311717747057532e-02
1.378999999999999915e+01,4.819948154183346101e-01,-9.532741054994098642e-03,-8.891265675811101110e-02,4.819977497530614774e-01,-9.531895667643661141e-03,-8.890114882834758425e-02,4.912633371246761804e-01,-7.278543950062305035e-03,-7.110887830808987342e-02
1.379999999999999005e+01,4.780274964491499912e-01,-9.192439203607846027e-03,-1.026597184469005830e-01,4.780306472014156371e-01,-9.191899220430711781e-03,-1.026490765205533007e-01,4.887044544093621656e-01,-5.427341760406989568e-03,-8.289464812290225915e-02
1.380999999999999517e+01,4.736310135567851076e-01,-8.854816079840644241e-03,-1.158414854816905981e-01,4.736341122669249781e-01,-8.854319195993385835e-03,-1.158322906743197711e-01,4.867141032703731218e-01,-3.779632219352208056e-03,-9.086238714215733037e-02
1.381999999999999318e+01,4.688585209198887771e-01,-8.520976427819900584e-03,-1.284495634693587074e-01,4.688614565463306572e-01,-8.520406548607785402e-03,-1.284417884665031429e-01,4.825245986886597116e-01,-2.509793974164981067e-03,-1.054369558941309348e-01
1.382999999999999119e+01,4.637606762120035087e-01,-8.191863055414718570e-03,-1.404814878055892502e-01,4.637633632009297568e-01,-8.191152440753954322e-03,-1.404750540744743315e-01,4.790225697969561214e-01,-1.447781347714199862e-03,-1.158167197407186100e-01
1.383999999999999631e+01,4.583852299403364250e-01,-7.868267032418885254e-03,-1.519398623607348953e-01,4.583876271932893487e-01,-7.867442142001515246e-03,-1.519346157139273845e-01,4.745547357625335971e-01,-1.356599823160581364e-03,-1.281178633020891855e-01
1.384999999999999432e+01,4.527767582174176964e-01,-7.550839663756718154e-03,-1.628315542463663612e-01,4.527788586672742976e-01,-7.549890282820551773e-03,-1.628273126326301723e-01,4.691424298514403901e-01,-1.106073258034606654e-03,-1.413603753269907504e-01
1.385999999999999233e+01,4.469765147947151185e-01,-7.240104854225747240e-03,-1.731669533288965057e-01,4.469783008371792654e-01,-7.239025978503071598e-03,-1.731635955464317922e-01,4.634623273607386684e-01,3.559721184307751418e-04,-1.538981018712285431e-01
1.386999999999999744e+01,4.410223798425800257e-01,-6.936471886560278792e-03,-1.829593016664404770e-01,4.410238333774065267e-01,-6.935254567138976478e-03,-1.829567318163851652e-01,4.566841430017178904e-01,6.327039625040331572e-04,-1.679221778223084494e-01
1.387999999999999545e+01,4.349488854949564720e-01,-6.640247986826219861e-03,-1.922240944738949353e-01,4.349499867147161858e-01,-6.638873695922010119e-03,-1.922222376991309656e-01,4.497155711577448534e-01,5.700893997596379048e-04,-1.807623483686741084e-01
1.388999999999999346e+01,4.287873005417388583e-01,-6.351650508824337182e-03,-2.009785518318380204e-01,4.287880635862301171e-01,-6.350064922909843916e-03,-2.009772973767777748e-01,4.426689467147907342e-01,3.117547052706448607e-04,-1.927316516200581198e-01
1.389999999999999858e+01,4.225657591692077442e-01,-6.070818364865157579e-03,-2.092411584189489693e-01,4.225662093265888375e-01,-6.068968028718659501e-03,-2.092403993889472569e-01,4.357667814545043150e-01,4.092804764060931078e-05,-2.032496589074013205e-01
1.390999999999998948e+01,4.163094209119035938e-01,-5.797822836777510348e-03,-2.170312673138345139e-01,4.163095833993836759e-01,-5.795695880869010559e-03,-2.170309136369999725e-01,4.276154210153912949e-01,-4.966654091168587470e-04,-2.145978064658309314e-01
1.391999999999999460e+01,4.100406512851430541e-01,-5.532677359886975857e-03,-2.243687629594461885e-01,4.100405562774470658e-01,-5.530291907237688299e-03,-2.243687320177336908e-01,4.188029926019160021e-01,-7.643525878180679189e-04,-2.256954247272920933e-01
1.392999999999999972e+01,4.037792144273835704e-01,-5.275346509662679449e-03,-2.312737780042113667e-01,4.037789216037291906e-01,-5.272751784721822245e-03,-2.312739632202599482e-01,4.114101413634653204e-01,-9.321803392143557243e-04,-2.344436954584526722e-01
1.393999999999999062e+01,3.975424709059462991e-01,-5.025754091696733872e-03,-2.377664584879331244e-01,3.975420228228586095e-01,-5.022983366366857820e-03,-2.377667895850505420e-01,4.023672686733915649e-01,-1.266936864413065189e-03,-2.441789104626560514e-01
1.394999999999999574e+01,3.913455753520040936e-01,-4.783790279514727774e-03,-2.438667718897832570e-01,3.913450427940470266e-01,-4.780887726191848132e-03,-2.438671562326630016e-01,3.951269955201173190e-01,-1.765078786391455212e-03,-2.513424646395107098e-01
1.395999999999999375e+01,3.852016698533981542e-01,-4.549317955353527829e-03,-2.495943527721122823e-01,3.852011095824274811e-01,-4.546320491709269183e-03,-2.495947263839731201e-01,3.869272552986185998e-01,-2.492413919129993216e-03,-2.588250873315516287e-01
1.396999999999999176e+01,3.791220701428297257e-01,-4.322178295179684819e-03,-2.549683810450009691e-01,3.791215074367961235e-01,-4.319135251955424394e-03,-2.549687180090585148e-01,3.792655082780882481e-01,-3.398120205339832944e-03,-2.658341303064080119e-01
1.397999999999999687e+01,3.731164425247271432e-01,-4.102195567405185657e-03,-2.600074882504149199e-01,3.731158779761341027e-01,-4.099181571228238674e-03,-2.600077893632046222e-01,3.683691592817236460e-01,-6.175563949666146302e-03,-2.770217262667383773e-01
1.398999999999999488e+01,3.671929701792271961e-01,-3.889181296144552259e-03,-2.647296876945312571e-01,3.671922886880498726e-01,-3.886260615871418422e-03,-2.647300568307504598e-01,3.643690397113994450e-01,-5.625707530655943422e-03,-2.796527721897800189e-01
1.399999999999999289e+01,3.613814974536843083e-01,-3.683604320617630146e-03,-2.691444460589884069e-01,3.613808428510292270e-01,-3.680780742988714205e-03,-2.691447729010468803e-01,3.613489913294787303e-01,-5.117105866456278518e-03,-2.811406863228478326e-01
1.400999999999999801e+01,3.559275061862172129e-01,-3.492190979131777444e-03,-2.731679137481916042e-01,3.559281835755983558e-01,-3.489491227338290501e-03,-2.731673463666412505e-01,3.595923723035679975e-01,-4.701622560621093738e-03,-2.817397342697781637e-01
1.401999999999999602e+01,3.515475277056147596e-01,-3.335632497378139810e-03,-2.764649339904639014e-01,3.515500702433499991e-01,-3.333075456578984269e-03,-2.764624303329878408e-01,3.584092098533755433e-01,-3.938310393174382362e-03,-2.817768788112272604e-01
1.402999999999999403e+01,3.488384226419241063e-01,-3.232857826043801942e-03,-2.786579220934863321e-01,3.488417299467999610e-01,-3.230398755294693752e-03,-2.786538099545617930e-01,3.586856300907523831e-01,-3.367656846266553483e-03,-2.808147219090326718e-01
1.403999999999999915e+01,3.480763925603381770e-01,-3.193907586277576569e-03,-2.795491326947316946e-01,3.480746999484821691e-01,-3.191325607762918182e-03,-2.795483301707859525e-01,3.599498202615101228e-01,-2.728139397429801827e-03,-2.793725861565594659e-01
1.404999999999999005e+01,3.493306208158696857e-01,-3.222528699296929068e-03,-2.790582137882012814e-01,3.493229324777878952e-01,-3.219778745315013662e-03,-2.790624420984719745e-01,3.629755256208343495e-01,-1.995333516665753759e-03,-2.760521065984230527e-01
1.405999999999999517e+01,3.525231213285673348e-01,-3.318167168740272528e-03,-2.771634053275966458e-01,3.525125219099180529e-01,-3.315359508551811267e-03,-2.771703730672488430e-01,3.681425553901358505e-01,-1.538986144069970363e-03,-2.720491849688402297e-01
1.406999999999999318e+01,3.574766830194737177e-01,-3.477448435896391202e-03,-2.738702366046421033e-01,3.574637691451852395e-01,-3.474605726570610502e-03,-2.738797822508591273e-01,3.716811253338467846e-01,-1.147189530889686226e-03,-2.703842950634285369e-01
1.407999999999999119e+01,3.639526980268799061e-01,-3.695236042434723884e-03,-2.691979041759917091e-01,3.639394924316018409e-01,-3.692438278456133729e-03,-2.692084985210721482e-01,3.787488868082824478e-01,-2.069956430733932429e-03,-2.658239399575403894e-01
1.408999999999999631e+01,3.716798750440468146e-01,-3.965369725870021914e-03,-2.631753131897545672e-01,3.716681942798766847e-01,-3.962688063981156979e-03,-2.631852518790378515e-01,3.874903659632483732e-01,-2.509556204640800425e-03,-2.587533747598779188e-01
1.409999999999999432e+01,3.803753472530060908e-01,-4.281171836883178490e-03,-2.558414766358802495e-01,3.803661482873824662e-01,-4.278659682318559053e-03,-2.558499253363770154e-01,3.955433315950599438e-01,-2.789031737669728228e-03,-2.515318118575873285e-01
1.410999999999999233e+01,3.897597594017857547e-01,-4.635792215673384224e-03,-2.472471532877658640e-01,3.897545952025170957e-01,-4.633548150310671382e-03,-2.472524630626063702e-01,4.039340196566486574e-01,-2.346838326650946271e-03,-2.437732715452530785e-01
1.411999999999999744e+01,3.995677355026553412e-01,-5.022443651004133980e-03,-2.374561332483911547e-01,3.995687799582534616e-01,-5.020618229304480915e-03,-2.374553824040279426e-01,4.163048938873087357e-01,-2.093675949067175246e-03,-2.307406480068791010e-01
1.412999999999999545e+01,4.095548557336201601e-01,-5.434563227471355014e-03,-2.265455378580666645e-01,4.095606248486441947e-01,-5.433138407672883849e-03,-2.265389758696121358e-01,4.261138213856048296e-01,-2.319386487226460236e-03,-2.198370126271488312e-01
1.413999999999999346e+01,4.195020060721164068e-01,-5.865923565267965566e-03,-2.146050409604008946e-01,4.195101455007616553e-01,-5.864880075801489484e-03,-2.145944988381394691e-01,4.374324507033141574e-01,-1.950877337226319952e-03,-2.051816743931675902e-01
1.414999999999999858e+01,4.292177477002477315e-01,-6.310708977651811880e-03,-2.017351841243776589e-01,4.292263542529617393e-01,-6.310087966026987384e-03,-2.017226884176628043e-01,4.460556269454003520e-01,-1.747507608814258262e-03,-1.931129967503986133e-01
1.415999999999998948e+01,4.385391914446989392e-01,-6.763565961521210770e-03,-1.880450587819456065e-01,4.385486680670930837e-01,-6.763468566349423866e-03,-1.880297264344671093e-01,4.550832918614364786e-01,-2.028724637692380650e-03,-1.788900153033640139e-01
1.416999999999999460e+01,4.473317470959627395e-01,-7.219634417572074088e-03,-1.736496377368657307e-01,4.473410183907907678e-01,-7.220012628557095739e-03,-1.736328561006483251e-01,4.624485143400874909e-01,-2.653004148253590433e-03,-1.656252851799088210e-01
1.417999999999999972e+01,4.554880366465257624e-01,-7.674563256536042107e-03,-1.586670033268267888e-01,4.554958760705113407e-01,-7.675275592084265797e-03,-1.586509978834217960e-01,4.718226061380503822e-01,-3.177907045704697619e-03,-1.457178234286642393e-01
1.418999999999999062e+01,4.629262026234698402e-01,-8.124513583029291386e-03,-1.432156673583319939e-01,4.629328490734274659e-01,-8.125473815271002861e-03,-1.432002363217087793e-01,4.777071761837403674e-01,-3.170630767983545484e-03,-1.305665467165912919e-01
1.419999999999999574e+01,4.695878000934469720e-01,-8.566151360155784683e-03,-1.274121230287834083e-01,4.695937846497316714e-01,-8.567362153643006545e-03,-1.273961605552959009e-01,4.825804736489368585e-01,-3.887674101112459368e-03,-1.157622250210276205e-01
1.420999999999999375e+01,4.754354272800636605e-01,-8.996631558304079776e-03,-1.113687193263570990e-01,4.754399234980749567e-01,-8.998056072096350527e-03,-1.113546661903394575e-01,4.874862478097033991e-01,-4.109728967842757319e-03,-9.842537773492632258e-02
1.421999999999999176e+01,4.804502219722686651e-01,-9.413575472232964952e-03,-9.519190659921158981e-02,4.804532875959916516e-01,-9.415255585325138163e-03,-9.518040370241853676e-02,4.913546817585485726e-01,-4.848627366602353828e-03,-8.129528930757556893e-02
1.422999999999999687e+01,4.846293269216811472e-01,-9.815042604841667587e-03,-7.898086884395995322e-02,4.846316799042408308e-01,-9.816992830481065940e-03,-7.896999681927972803e-02,4.942844975808378116e-01,-5.987154799787397508e-03,-6.626329644262352048e-02
1.423999999999999488e+01,4.879834060417007624e-01,-1.019949860895138366e-02,-6.282653366063958855e-02,4.879849225289055736e-01,-1.020164072120989009e-02,-6.281745464695973058e-02,4.959372284247822726e-01,-7.261162075377775027e-03,-5.599946145110357154e-02
1.424999999999999289e+01,4.905342742149343960e-01,-1.056578057193946832e-02,-4.681093345682772744e-02,4.905350621584140813e-01,-1.056801408779388905e-02,-4.680424317318451072e-02,4.978662226367087107e-01,-8.207151470578405439e-03,-4.086087862557963302e-02
1.425999999999999801e+01,4.923126866205815300e-01,-1.091306080897598563e-02,-3.100688033911524685e-02,4.923130434271551503e-01,-1.091539411643755071e-02,-3.100176265869578757e-02,4.990497507199930238e-01,-9.187606263477837709e-03,-2.704197162660326725e-02
1.426999999999999602e+01,4.933563187273859452e-01,-1.124081014642725786e-02,-1.547791084172596074e-02,4.933564071673663398e-01,-1.124326997647815546e-02,-1.547392097731889980e-02,4.996997935879936015e-01,-1.007108865169298317e-02,-1.582365207053704204e-02
1.427999999999999403e+01,4.937079554135238579e-01,-1.154876171104504343e-02,-2.784547923425615443e-04,4.937078738560523039e-01,-1.155138188462730836e-02,-2.762534772540230438e-04,5.000275457457081796e-01,-1.090717702605095707e-02,-2.000447797101401193e-03
1.428999999999999915e+01,4.934138972126166367e-01,-1.183687573911008060e-02,1.454581759985183222e-02,4.934137944562177469e-01,-1.183964017219479858e-02,1.454628821280648868e-02,4.997594265234249766e-01,-1.160711418504487003e-02,8.517264445506156356e-03
1.429999999999999005e+01,4.925225830717494535e-01,-1.210530615288109117e-02,2.895751281979510455e-02,4.925225155845910363e-01,-1.210816884636571784e-02,2.895731552787659743e-02,4.991076856958184815e-01,-1.314166189839197085e-02,1.805063931446815317e-02
1.430999999999999517e+01,4.910834224463644926e-01,-1.235436929684610372e-02,4.292693434691684240e-02,4.910835003032638646e-01,-1.235729392375452783e-02,4.292559346219922828e-02,4.980350062784406062e-01,-1.438631276811921933e-02,2.971413698971103745e-02
1.431999999999999318e+01,4.891458247072408838e-01,-1.258451502629622139e-02,5.643143998491666896e-02,4.891461658079050423e-01,-1.258753215428706253e-02,5.642875471752846483e-02,4.966505010495432249e-01,-1.539372163021790474e-02,4.197177159321330286e-02
1.432999999999999119e+01,4.867584103214979696e-01,-1.279630053092186207e-02,6.945476568021782815e-02,4.867590538428977487e-01,-1.279953279542909127e-02,6.945102718468618153e-02,4.947909173803540783e-01,-1.686226679700575382e-02,5.308703784000912140e-02
1.433999999999999631e+01,4.839683863855092083e-01,-1.299036675212659336e-02,8.198633933552670894e-02,4.839694072434717609e-01,-1.299395546640784438e-02,8.198152918205663109e-02,4.925987445938219134e-01,-1.707789450928198782e-02,6.389414935374471138e-02
1.434999999999999432e+01,4.808210679384980479e-01,-1.316741755571486892e-02,9.402060404570911079e-02,4.808224873175947489e-01,-1.317144458086949056e-02,9.401491185596949629e-02,4.899459364847104648e-01,-1.797049823521879031e-02,7.660401618289292003e-02
1.435999999999999233e+01,4.773595264224479995e-01,-1.332820152710982413e-02,1.055563654023747300e-01,4.773613526362674997e-01,-1.333263351083146565e-02,1.055499649977739984e-01,4.870547120888144565e-01,-1.888157724755964995e-02,8.816181718465088135e-02
1.436999999999999744e+01,4.736243471555029450e-01,-1.347349620631889400e-02,1.165961736943227633e-01,4.736265403931087525e-01,-1.347822844716974749e-02,1.165893300372072422e-01,4.834629215180785144e-01,-1.949046307846274972e-02,1.009043674069143304e-01
1.437999999999999545e+01,4.696534786637735492e-01,-1.360409472692042029e-02,1.271457484645298064e-01,4.696559772221348128e-01,-1.360897804174801724e-02,1.271387143710131229e-01,4.793557525061942770e-01,-2.020349730570522584e-02,1.135882527147560328e-01
1.438999999999999346e+01,4.654821580521905089e-01,-1.372079458771855061e-02,1.372134500124053691e-01,4.654849255907537731e-01,-1.372569540255981144e-02,1.372063511577300832e-01,4.743161951683813604e-01,-2.085774854807007084e-02,1.261423786806776803e-01
1.439999999999999858e+01,4.611428981011171380e-01,-1.382438832916784571e-02,1.468098001221099513e-01,4.611459047133441569e-01,-1.382916320285603601e-02,1.468027202225035688e-01,4.694605469729377090e-01,-2.146887167946015529e-02,1.382908068207404639e-01
1.440999999999998948e+01,4.566655233613807763e-01,-1.391565602069603363e-02,1.559470524665907964e-01,4.566687791390132700e-01,-1.392017996608434748e-02,1.559399733629403539e-01,4.651984169425997795e-01,-2.151904588667541418e-02,1.487207933977908736e-01
1.441999999999999460e+01,4.520772441506938910e-01,-1.399535926971826050e-02,1.646388116991313599e-01,4.520808447498492200e-01,-1.399955540922348009e-02,1.646315494346150543e-01,4.582522249754670263e-01,-2.193941139581248589e-02,1.634525120875468529e-01
1.442999999999999972e+01,4.474027589100199598e-01,-1.406423652490863471e-02,1.728996992080726880e-01,4.474065480001262474e-01,-1.406806615485553871e-02,1.728925625846683689e-01,4.523139872813253248e-01,-2.217617469117735829e-02,1.743530855230893684e-01
1.443999999999999062e+01,4.426643768260207779e-01,-1.412299965199912896e-02,1.807450627921822761e-01,4.426685576925342147e-01,-1.412651166856907642e-02,1.807376811839622732e-01,4.461753977387771242e-01,-2.148416064747554755e-02,1.853009320626854972e-01
1.444999999999999574e+01,4.378821540193265638e-01,-1.417233135274899650e-02,1.881907270121974118e-01,4.378865769593195956e-01,-1.417565115790258776e-02,1.881833603215379846e-01,4.402699124009381570e-01,-2.149784854236722054e-02,1.945713664330273041e-01
1.445999999999999375e+01,4.330740377553198295e-01,-1.421288356575508768e-02,1.952527807504440549e-01,4.330785515781270800e-01,-1.421619159244919862e-02,1.952456463612643744e-01,4.324398781737719411e-01,-2.050225215964013303e-02,2.067128578236411274e-01
1.446999999999999176e+01,4.282560142659675440e-01,-1.424527645495682338e-02,2.019473983767283154e-01,4.282606628943320115e-01,-1.424878523049714560e-02,2.019403926812752825e-01,4.232943047315430585e-01,-1.740994145089383438e-02,2.210471597833011392e-01
1.447999999999999687e+01,4.234422566612208727e-01,-1.427009803963515122e-02,2.082906909727398892e-01,4.234467270067743261e-01,-1.427409371353502432e-02,2.082842203267548098e-01,4.184766518195131013e-01,-1.737116692316570399e-02,2.261723587382177270e-01
1.448999999999999488e+01,4.186452702438624440e-01,-1.428790421146766340e-02,2.142985841688844761e-01,4.186494956238856480e-01,-1.429248755416366590e-02,2.142926817856861954e-01,4.156579125380787110e-01,-1.771207744420935648e-02,2.281995626805203292e-01
1.449999999999999289e+01,4.138996701268740641e-01,-1.429935059672856126e-02,2.199681121042158793e-01,4.139037033716805314e-01,-1.430436423733753327e-02,2.199626672794663951e-01,4.131681241920187597e-01,-1.762084251123929857e-02,2.303142869654100089e-01
1.450999999999999801e+01,4.094430105399359254e-01,-1.430555602686368367e-02,2.251235242894216448e-01,4.094469665424670946e-01,-1.431086841745352577e-02,2.251183749482316698e-01,4.113477894305708205e-01,-1.758205257915068653e-02,2.309554708838612580e-01
1.451999999999999602e+01,4.058804443052014266e-01,-1.430770570706341172e-02,2.292531184191834159e-01,4.058840482753571788e-01,-1.431320267446499137e-02,2.292482556920233672e-01,4.104472532157228404e-01,-1.772482348545428854e-02,2.309632805260839472e-01
1.452999999999999403e+01,4.037040582731061256e-01,-1.430597317847795771e-02,2.318858564170228065e-01,4.037080260953488375e-01,-1.431155882838108968e-02,2.318800024890098344e-01,4.106937057832044102e-01,-1.761203032190938877e-02,2.297694619822910900e-01
1.453999999999999915e+01,4.031447120220296720e-01,-1.430133242627090566e-02,2.327941392010344501e-01,4.031459122940769246e-01,-1.430694330554579778e-02,2.327909352123714581e-01,4.117649107860897884e-01,-1.753465807331680559e-02,2.275571632430815061e-01
1.454999999999999005e+01,4.042586714595264863e-01,-1.429427296007259283e-02,2.318963763531683986e-01,4.042551616248362678e-01,-1.429988804649088598e-02,2.318988449017459763e-01,4.136040707244043046e-01,-1.750069554790595339e-02,2.243332768001631283e-01
1.455999999999999517e+01,4.069706163492807782e-01,-1.428407388252306461e-02,2.291927830228733809e-01,4.069645780453123307e-01,-1.428967097174280512e-02,2.291986471639980982e-01,4.171570210508747101e-01,-1.694635440771283252e-02,2.204505661821348772e-01
1.456999999999999318e+01,4.111127304531267956e-01,-1.426876383186827940e-02,2.247283934518748139e-01,4.111048409420328675e-01,-1.427432818226303732e-02,2.247371160270945356e-01,4.214177635041991277e-01,-1.690068487757256932e-02,2.153372128882580228e-01
1.457999999999999119e+01,4.164581158312805620e-01,-1.424543109316150219e-02,2.185737911289184487e-01,4.164498854522065141e-01,-1.425094578349977818e-02,2.185836629306559808e-01,4.272905415017858033e-01,-1.667850914242080540e-02,2.089135021812691395e-01
1.458999999999999631e+01,4.227478546092163225e-01,-1.421066013282984083e-02,2.108162152709430470e-01,4.227407223265703951e-01,-1.421610854431573645e-02,2.108253497123920295e-01,4.337020862644662689e-01,-1.664602643450588393e-02,2.018515349452053576e-01
1.459999999999999432e+01,4.297119724586537237e-01,-1.416095952215945530e-02,2.015559792368411818e-01,4.297065660183935210e-01,-1.416631830591135247e-02,2.015632956768524664e-01,4.401019802903904932e-01,-1.662790257041177333e-02,1.935861596951102825e-01
1.460999999999999233e+01,4.370850377702397149e-01,-1.409311289101138932e-02,1.909050593100368454e-01,4.370831951770698942e-01,-1.409838988684733625e-02,1.909076625721130849e-01,4.482590740001031193e-01,-1.622411861019187884e-02,1.820776332100045858e-01
1.461999999999999744e+01,4.446172790549618448e-01,-1.400442903133016295e-02,1.789861258247275877e-01,4.446191265164858852e-01,-1.400957688026524539e-02,1.789827741468763278e-01,4.545292760472456894e-01,-1.647951891477750230e-02,1.720759368943409751e-01
1.462999999999999545e+01,4.520820714717330713e-01,-1.389289242516681365e-02,1.659312238474353884e-01,4.520872875203258978e-01,-1.389786638621903596e-02,1.659211273405479803e-01,4.608884280883195350e-01,-1.670827963320470344e-02,1.606262240156606236e-01
1.463999999999999346e+01,4.592805385878011570e-01,-1.375722831016383887e-02,1.518798710661518336e-01,4.592896441530031071e-01,-1.376199723158185416e-02,1.518602920856495231e-01,4.699230480801122045e-01,-1.727405087538558259e-02,1.423151133401802104e-01
1.464999999999999858e+01,4.660438964289824737e-01,-1.359690070772635526e-02,1.369766384851836272e-01,4.660540189524636778e-01,-1.360149910674783059e-02,1.369518133079566380e-01,4.771580917039476288e-01,-1.692318337012108098e-02,1.252100843260750551e-01
1.465999999999998948e+01,4.722340586205266422e-01,-1.341206252452170448e-02,1.213684092355059585e-01,4.722434655333770936e-01,-1.341662471275703421e-02,1.213416641197266749e-01,4.821367684519597407e-01,-1.667954563845408522e-02,1.112000549856957399e-01
1.466999999999999460e+01,4.777429310596393863e-01,-1.320347417778540942e-02,1.052015412629012103e-01,4.777517439143716960e-01,-1.320806148050944311e-02,1.051720375559781484e-01,4.868270003630953413e-01,-1.635649595797614153e-02,9.432932137845262410e-02
1.467999999999999972e+01,4.824907506161428827e-01,-1.297240480994084517e-02,8.861913763714239500e-02,4.824983072076402535e-01,-1.297704290042520428e-02,8.858853373110156526e-02,4.902264939910354613e-01,-1.558655057121161036e-02,7.946615671777734757e-02
1.468999999999999062e+01,4.864237614550311894e-01,-1.272052660765648005e-02,7.175858278395715051e-02,4.864294259214448912e-01,-1.272519765869688929e-02,7.172965535458816766e-02,4.927817465194751501e-01,-1.504492453028266619e-02,6.357979530558621750e-02
1.469999999999999574e+01,4.895114709475121839e-01,-1.244981050813068896e-02,5.474945157987331362e-02,4.895153563986333611e-01,-1.245443117237332413e-02,5.472282612929177392e-02,4.949118500747687888e-01,-1.467247061352944248e-02,4.724254540673122893e-02
1.470999999999999375e+01,4.917436824928004269e-01,-1.216242827318521694e-02,3.771184989172667729e-02,4.917463226592221903e-01,-1.216693970964659831e-02,3.768496695945210140e-02,4.962260096292594458e-01,-1.427914231376292697e-02,3.180361919512020297e-02
1.471999999999999176e+01,4.931274629948682042e-01,-1.186066479703862080e-02,2.075520477095786978e-02,4.931287101683040075e-01,-1.186515078079771433e-02,2.073055002655231627e-02,4.971348831506694488e-01,-1.328452566974441806e-02,1.518977654239317410e-02
1.472999999999999687e+01,4.936841677540214635e-01,-1.154684231736125694e-02,3.977491060379634985e-03,4.936842437590278632e-01,-1.155138103675795898e-02,3.955762199967059224e-03,4.974201446891485245e-01,-1.233498398926383133e-02,2.172587743054621434e-03
1.473999999999999488e+01,4.934466145443265339e-01,-1.122325740184300022e-02,-1.253514101584198709e-02,4.934457611187965109e-01,-1.122778597651568136e-02,-1.255539942971196921e-02,4.972260174785763098e-01,-1.119966588868542834e-02,-1.228601298511156070e-02
1.474999999999999289e+01,4.924564716897557592e-01,-1.089213028895386765e-02,-2.870838705323574408e-02,4.924548697109106254e-01,-1.089660236177869036e-02,-2.872676286671477577e-02,4.967971051924741088e-01,-9.932462455099017040e-03,-2.283915183845064423e-02
1.475999999999999801e+01,4.907619018787258702e-01,-1.055556618882687488e-02,-4.447951549653935549e-02,4.907598228153829956e-01,-1.055991591282927008e-02,-4.449525867858615535e-02,4.957861430896947086e-01,-8.838962138809330904e-03,-3.894171478405350495e-02
1.476999999999999602e+01,4.884154842979596678e-01,-1.021552725815000687e-02,-5.979685988743433517e-02,4.884131209691056075e-01,-1.021976297164860041e-02,-5.981024659440944274e-02,4.945044263906511750e-01,-7.497875206253473701e-03,-5.095437269490188381e-02
1.477999999999999403e+01,4.854724221128853823e-01,-9.873813802770173634e-03,-7.461913406923995074e-02,4.854697444821023944e-01,-9.878151973032930216e-03,-7.463128983077413348e-02,4.929190277503356921e-01,-5.966481372875920286e-03,-6.214829107313035728e-02
1.478999999999999915e+01,4.819890303211158966e-01,-9.532053523364929920e-03,-8.891462334156241543e-02,4.819863172297206289e-01,-9.536862975231588310e-03,-8.892484026252578388e-02,4.909557649104726584e-01,-4.424718702591229347e-03,-7.275918896424415916e-02
1.479999999999999005e+01,4.780214899795438566e-01,-9.191697500229563042e-03,-1.026602989156213813e-01,4.780188965435893111e-01,-9.197254857192428343e-03,-1.026685968380408043e-01,4.887157998165218009e-01,-2.879354148803914271e-03,-8.273301049827319620e-02
1.480999999999999517e+01,4.736248487027762133e-01,-8.854021174429970581e-03,-1.158408955935046475e-01,4.736222776987868976e-01,-8.860264525451282819e-03,-1.158480584974394961e-01,4.857689731438566971e-01,-1.211500399893816748e-03,-9.439986772493769163e-02
1.481999999999999318e+01,4.688522432678677854e-01,-8.520129718339628649e-03,-1.284479859268259638e-01,4.688498369370246444e-01,-8.526893442904250400e-03,-1.284539021857032115e-01,4.823529812768498903e-01,-3.520651149633013954e-04,-1.057798980971557112e-01
1.482999999999999119e+01,4.637543184094751747e-01,-8.190966180873114275e-03,-1.404790765725099089e-01,4.637522228482641728e-01,-8.197980210912374915e-03,-1.404836611532560287e-01,4.780919215962905477e-01,3.353495285249308289e-05,-1.183926096734497779e-01
1.483999999999999631e+01,4.583788151273471279e-01,-7.867321996197485651e-03,-1.519367467517747372e-01,4.583770138762509605e-01,-7.874499274331966947e-03,-1.519402803054447082e-01,4.729744882929212135e-01,4.836119242236092131e-04,-1.320116650022166160e-01
1.484999999999999432e+01,4.527703027685339721e-01,-7.549848625983878944e-03,-1.628278424733338725e-01,4.527687200121220945e-01,-7.557308295446512302e-03,-1.628306456767277255e-01,4.680927741778823092e-01,9.039355523882686150e-04,-1.435100100287514113e-01
1.485999999999999233e+01,4.469700303537591513e-01,-7.239070176666809880e-03,-1.731627357442400150e-01,4.469687766056768541e-01,-7.247036016571256622e-03,-1.731647082038340890e-01,4.626528836186808435e-01,2.308383924094464801e-03,-1.555947526472241105e-01
1.486999999999999744e+01,4.410158748689197994e-01,-6.935396075019474062e-03,-1.829546535772923477e-01,4.410149562624083863e-01,-6.943933804493138996e-03,-1.829559004296634761e-01,4.554084528853959979e-01,2.403636167968098425e-03,-1.701369649787880522e-01
1.487999999999999545e+01,4.349423664038638004e-01,-6.639133606134578480e-03,-1.922190785874342278e-01,4.349416783305800061e-01,-6.648089484510757291e-03,-1.922198679940960164e-01,4.494791228913439518e-01,2.150257972810293294e-03,-1.811732052259290571e-01
1.488999999999999346e+01,4.287807725039379791e-01,-6.350500186216021144e-03,-2.009732203799213801e-01,4.287802469253563786e-01,-6.359638843041009321e-03,-2.009737176052312779e-01,4.413681727446324699e-01,1.633928761172465105e-03,-1.946788662561806937e-01
1.489999999999999858e+01,4.225592266735921920e-01,-6.069634743319566456e-03,-2.092355549625982691e-01,4.225589050715493622e-01,-6.078627462302020959e-03,-2.092357433703622982e-01,4.336109388099472772e-01,1.167916091276255397e-03,-2.063420423529509495e-01
1.490999999999998948e+01,4.163028881399856718e-01,-5.796608528082913304e-03,-2.170254282728678041e-01,4.163027221511018117e-01,-5.805185885113357640e-03,-2.170254124310901644e-01,4.261291872593235830e-01,6.087662854016295810e-04,-2.165646450274477663e-01
1.491999999999999460e+01,4.100341223346900543e-01,-5.531434959077845791e-03,-2.243627189060802274e-01,4.100342790970042395e-01,-5.539343443940357090e-03,-2.243623144584621643e-01,4.173105244482183673e-01,1.288051624012409579e-04,-2.275716134113948685e-01
1.492999999999999972e+01,4.037726934499100140e-01,-5.274078529410758040e-03,-2.312675547329707537e-01,4.037731051872262000e-01,-5.281193226828193379e-03,-2.312668845984518495e-01,4.089059556128731288e-01,-2.190151384182104088e-04,-2.374238509421177090e-01
1.493999999999999062e+01,3.975359621575489388e-01,-5.024462983163844980e-03,-2.377600779117473306e-01,3.975367214242709890e-01,-5.030719000606477878e-03,-2.377590628233708647e-01,4.004269750572215791e-01,-4.725829268766579272e-04,-2.462687442922292247e-01
1.494999999999999574e+01,3.913390832082129234e-01,-4.782478384562352178e-03,-2.438602527708762235e-01,3.913401667364167502e-01,-4.787983185805076182e-03,-2.438589491636108109e-01,3.916607354770752503e-01,-7.299800047888549415e-04,-2.547565596153892331e-01
1.495999999999999375e+01,3.851951987758716056e-01,-4.547987564734295649e-03,-2.495877113284457327e-01,3.851965693571404725e-01,-4.552910163181462556e-03,-2.495861799487488208e-01,3.824324939461228867e-01,-2.623589155685307484e-03,-2.639880728246132291e-01
1.496999999999999176e+01,3.791156246549999276e-01,-4.320831541234285492e-03,-2.549616314305502840e-01,3.791172760111749529e-01,-4.325348253049086586e-03,-2.549598968262605792e-01,3.694761144775386974e-01,-6.388848268542191011e-03,-2.773052063366555631e-01
1.497999999999999687e+01,3.731100271490553344e-01,-4.100834502283594307e-03,-2.600006429561856902e-01,3.731117560948976619e-01,-4.105145190989755409e-03,-2.599989081375589373e-01,3.645124216751766122e-01,-5.922199731029670344e-03,-2.806484641355185827e-01
1.498999999999999488e+01,3.671865893900551625e-01,-3.887807859232123020e-03,-2.647227578629122724e-01,3.671883550409958952e-01,-3.891901664326093829e-03,-2.647210598393039960e-01,3.603580059485685938e-01,-5.362667305924911920e-03,-2.828173708355065097e-01
1.499999999999999289e+01,3.613783833609276464e-01,-3.682313977185034271e-03,-2.691363378434827314e-01,3.613803631028610353e-01,-3.686180323421719800e-03,-2.691345480969004056e-01,3.574049725043377812e-01,-4.592343635035273097e-03,-2.841798902979751906e-01
