time,sx_x,sx_y,sx_z,mat_x,mat_y,mat_z,vicon_x,vicon_y,vicon_z
0.000000000000000000e+00,4.349999999999999978e-01,0.000000000000000000e+00,0.000000000000000000e+00,4.349999999999999978e-01,0.000000000000000000e+00,0.000000000000000000e+00,4.366650863587007159e-01,2.309457295591121895e-03,6.387263913587570840e-04
9.999999999998010480e-03,4.350616603202368537e-01,3.874191372385333226e-07,5.158651180774374574e-05,4.350617155413628034e-01,6.560227205592543381e-07,5.163628530154403201e-05,4.366489667375942352e-01,2.364292367747045098e-03,6.622154074745756347e-04
1.999999999999957367e-02,4.352937381226367752e-01,7.727873346959901816e-07,5.250870557670627705e-04,4.352935406119212702e-01,1.230841542477801396e-06,5.250395563175384080e-04,4.366885656869281540e-01,2.085671815789835737e-03,4.643884728054992195e-04
2.999999999999758415e-02,4.356948005804833213e-01,-6.600457454964848229e-06,1.788733478064856832e-03,4.356945427362376444e-01,-5.955413919553671521e-06,1.786088947186271819e-03,4.366628338240131635e-01,2.049520360065143487e-03,4.311006491276581087e-04
3.999999999999914735e-02,4.362179711514004854e-01,-2.738769700892305554e-05,4.013786003834015660e-03,4.362176881644204696e-01,-2.663915398910580935e-05,4.009942542798886414e-03,4.367285424964461038e-01,2.100708875047957447e-03,4.674207821381282102e-04
5.000000000000071054e-02,4.368116315177434372e-01,-6.417657311110157553e-05,7.249061919173105904e-03,4.368112864741821033e-01,-6.340011689825252148e-05,7.245468110339874090e-03,4.371120989661169132e-01,2.119168378070135361e-03,6.783169713446834947e-04
5.999999999999872102e-02,4.374204142390722971e-01,-1.175609064749838940e-04,1.146621122816076851e-02,4.374200419313852839e-01,-1.167802899925297216e-04,1.146252645207966776e-02,4.381420679830673182e-01,1.953791476754590528e-03,5.705532676911762024e-04
7.000000000000028422e-02,4.379879841157584552e-01,-1.868800274430302427e-04,1.659057842565710150e-02,4.379876414370135751e-01,-1.861100460191505860e-04,1.658641139236048320e-02,4.397389570546278437e-01,2.922443906970301208e-03,1.788339204556232964e-03
7.999999999999829470e-02,4.384602642251316795e-01,-2.707215725355334402e-04,2.252194451683708909e-02,4.384599907282191178e-01,-2.699802310188391635e-04,2.251729540529622334e-02,4.414867003898935716e-01,2.081708715606950255e-03,2.202492590314131249e-03
8.999999999999985789e-02,4.387882530901484057e-01,-3.672596518138824791e-04,2.914826830914090533e-02,4.387879154651734837e-01,-3.665933409352214794e-04,2.914443366481160244e-02,4.429700056649900075e-01,3.108655115638070399e-03,4.764742131939669889e-03
9.999999999999786837e-02,4.389300457798694377e-01,-4.744803562130260870e-04,3.635464403571834341e-02,4.389295643573033479e-01,-4.739058030588606720e-04,3.635188777652616221e-02,4.438277842551751062e-01,3.409555412089537718e-03,6.089265124563536524e-03
1.099999999999994316e-01,4.388519865111190077e-01,-5.903302302979013217e-04,4.402901326241517171e-02,4.388515546005146706e-01,-5.898209551322515162e-04,4.402592653938576517e-02,4.444968996995363186e-01,3.546520125604663010e-03,8.512801403871672612e-03
1.199999999999974420e-01,4.385290515763391461e-01,-7.128122256938403036e-04,5.206568209302966932e-02,4.385288870750377321e-01,-7.123506625049607710e-04,5.206134676898840907e-02,4.448658056169018105e-01,4.174316397405897217e-03,1.127602853222131607e-02
1.299999999999990052e-01,4.379446321265683117e-01,-8.400458816916661674e-04,6.036735554658563541e-02,4.379448657445202953e-01,-8.396027945418268112e-04,6.036161511618944042e-02,4.453654144089380651e-01,4.990750260724596821e-03,1.408182936735724589e-02
1.400000000000005684e-01,4.370898972800509874e-01,-9.703028753946677052e-04,6.884617060965304847e-02,4.370905077498475899e-01,-9.700373565484287849e-04,6.883949884159236421e-02,4.461117085793545600e-01,5.712121720341467590e-03,1.823494299392103279e-02
1.499999999999985789e-01,4.359628986804258699e-01,-1.102025575743852516e-03,7.742405510226064991e-02,4.359637568216002124e-01,-1.102192446308345635e-03,7.741716348550023441e-02,4.468991285265505597e-01,6.554887758631167127e-03,2.184572474443779999e-02
1.600000000000001421e-01,4.345675463856155663e-01,-1.233834062998089010e-03,8.603263661141569152e-02,4.345682291112804574e-01,-1.234658282621838282e-03,8.602746587124879274e-02,4.474761471025761050e-01,7.166496807940681002e-03,2.639027188821996273e-02
1.699999999999981526e-01,4.329125530851402615e-01,-1.364525061990327914e-03,9.461285694640562960e-02,4.329129646415466048e-01,-1.366026188227423017e-03,9.460928766250831234e-02,4.474885054805488593e-01,7.761223055827742856e-03,3.080900158675425882e-02
1.799999999999997158e-01,4.310104140935445693e-01,-1.493065621806372251e-03,1.031144011280483441e-01,4.310104952737768835e-01,-1.495112012291800220e-03,1.031123253636967302e-01,4.471419811901361507e-01,8.372728213272867537e-03,3.446500426306020604e-02
1.899999999999977263e-01,4.288764662941287886e-01,-1.618583187612297270e-03,1.114950180001229307e-01,4.288762553139033873e-01,-1.621016177800254201e-03,1.114940491721339993e-01,4.467685601563932130e-01,9.018065219159765444e-03,3.954215553869233624e-02
1.999999999999992895e-01,4.265280504371161685e-01,-1.740353674973508331e-03,1.197197872208147634e-01,4.265274690060529839e-01,-1.743126226013082388e-03,1.197199674606731490e-01,4.466123911962409654e-01,9.388166433671019107e-03,4.278074591550384831e-02
2.100000000000008527e-01,4.239837874360951608e-01,-1.857788405376631759e-03,1.277603713834998267e-01,4.239829385643306692e-01,-1.860890358183910293e-03,1.277612436377942584e-01,4.465237837294725454e-01,1.024073678466311255e-02,4.771576222104734200e-02
2.199999999999988631e-01,4.212629697040395915e-01,-1.970420447345174429e-03,1.355942803552890319e-01,4.212605966329601159e-01,-1.973892450950372190e-03,1.355988151132263841e-01,4.463905782268271505e-01,1.088382795593029195e-02,5.171692121837179190e-02
2.300000000000004263e-01,4.183850622321256818e-01,-2.077891340115206077e-03,1.432041663217314964e-01,4.183801725691186357e-01,-2.081734052440160302e-03,1.432141041044615870e-01,4.460917367803826084e-01,1.125301725665969754e-02,5.605448327232109840e-02
2.399999999999984368e-01,4.153693043115835315e-01,-2.179938133137478661e-03,1.505771615510565764e-01,4.153634976269287571e-01,-2.184067823316634526e-03,1.505883868682920679e-01,4.456640470123079956e-01,1.214244455203705719e-02,6.120451402747051350e-02
2.500000000000000000e-01,4.122344007758558249e-01,-2.276381059246711767e-03,1.577042660996339773e-01,4.122253835307481129e-01,-2.280788481207226149e-03,1.577211847303791048e-01,4.454176108419116709e-01,1.138389351128946125e-02,6.384550228581198361e-02
2.599999999999980105e-01,4.089982908987451760e-01,-2.367112271287035146e-03,1.645797891060457874e-01,4.089891551869972441e-01,-2.371599360801745094e-03,1.645959386423925808e-01,4.447648871912742718e-01,1.218573231489833431e-02,6.879179395069068281e-02
2.699999999999995737e-01,4.056779832360731253e-01,-2.452085311986664049e-03,1.712008446635617520e-01,4.056675742758094616e-01,-2.456616818567958650e-03,1.712183518175549035e-01,4.441694763739363339e-01,1.302555945973704610e-02,7.344896948418944138e-02
2.799999999999975842e-01,4.022894453418833227e-01,-2.531305731070938782e-03,1.775669013995436751e-01,4.022788258270859618e-01,-2.535759342279826287e-03,1.775838453960684737e-01,4.435054753173375275e-01,1.384959051599890523e-02,7.910062351876967490e-02
2.899999999999991473e-01,3.988475383023901144e-01,-2.604822551496208203e-03,1.836793835482825044e-01,3.988382398388664596e-01,-2.609076961433109878e-03,1.836933800099419256e-01,4.426682526210269364e-01,1.498265734951353956e-02,8.454814231357721255e-02
3.000000000000007105e-01,3.953659871513027779e-01,-2.672720759114380687e-03,1.895413204524015738e-01,3.953569406152317445e-01,-2.676761932998148515e-03,1.895542745170857024e-01,4.417969444578229155e-01,1.487928997248827434e-02,8.911119729142058521e-02
3.099999999999987210e-01,3.918573794235422070e-01,-2.735114636513217429e-03,1.951570408888424757e-01,3.918502754391992027e-01,-2.738841646605100297e-03,1.951665993022423384e-01,4.405362350598179821e-01,1.561185907229140080e-02,9.486870413225412246e-02
3.200000000000002842e-01,3.883331852440286003e-01,-2.792141946786181293e-03,2.005319083551526937e-01,3.883266551088547236e-01,-2.795533871765449110e-03,2.005402643874000801e-01,4.391195558882996508e-01,1.626555713348987187e-02,1.001211581444076959e-01
3.299999999999982947e-01,3.848037934219077916e-01,-2.843958879098600068e-03,2.056720933739888124e-01,3.847984502826014008e-01,-2.846940399633190316e-03,2.056785317494758125e-01,4.376186009073989025e-01,1.664957976868983169e-02,1.051339389794057055e-01
3.399999999999998579e-01,3.812785589880001158e-01,-2.890735677207115217e-03,2.105843789386643572e-01,3.812734557169847327e-01,-2.893261764722492631e-03,2.105902659435807678e-01,4.358720878240840424e-01,1.768473968601713686e-02,1.111204366850629954e-01
3.499999999999978684e-01,3.777658584659343011e-01,-2.932652918970568481e-03,2.152759953847246110e-01,3.777603000951046397e-01,-2.934661160255703973e-03,2.152822296959653325e-01,4.337765319781267115e-01,1.865666965131276833e-02,1.179970900483288121e-01
3.599999999999994316e-01,3.742731499128899020e-01,-2.969898318359357435e-03,2.197544811940438936e-01,3.742678661456022571e-01,-2.971284791789346579e-03,2.197601699739441528e-01,4.313137429451644467e-01,1.947126926189385321e-02,1.246176621124421846e-01
3.699999999999974420e-01,3.708070353909072026e-01,-3.002664055460288646e-03,2.240275665038963526e-01,3.708024474064166021e-01,-3.003371726023135613e-03,2.240322667242128363e-01,4.287334913425572269e-01,2.028883734237402203e-02,1.312366166211655916e-01
3.799999999999990052e-01,3.673733240663635824e-01,-3.031144516509901195e-03,2.281030763707800890e-01,3.673684552717257912e-01,-3.031225426926525187e-03,2.281079406714644209e-01,4.261317869327090335e-01,2.107581637044916856e-02,1.368940471646430401e-01
3.900000000000005684e-01,3.639770945718223127e-01,-3.055534396497007477e-03,2.319888511261402608e-01,3.639725703304093618e-01,-3.054977332472428447e-03,2.319931970854420267e-01,4.231630997023335672e-01,2.172568366858659838e-02,1.429391158582979937e-01
3.999999999999985789e-01,3.606227556199890771e-01,-3.076027200350487344e-03,2.356926814428325911e-01,3.606195529528620214e-01,-3.074834700762039356e-03,2.356955250109544764e-01,4.202274486852025648e-01,2.238677208088352133e-02,1.485424936189501111e-01
4.100000000000001421e-01,3.573141041627352910e-01,-3.092813955134080146e-03,2.392222559928799119e-01,3.573114450440548762e-01,-3.091117182388533526e-03,2.392244811608960631e-01,4.166805999580014408e-01,2.350815909074449594e-02,1.550823888099770453e-01
4.199999999999981526e-01,3.540543806078419453e-01,-3.106082190822181868e-03,2.425851198336557435e-01,3.540525275996797561e-01,-3.103984033271845518e-03,2.425865047850055689e-01,4.138875876862331271e-01,2.431359316684764127e-02,1.600045384154938910e-01
4.299999999999997158e-01,3.508463207940985540e-01,-3.116015153337264518e-03,2.457886418879943469e-01,3.508456308240339161e-01,-3.113642147888661185e-03,2.457888886967712905e-01,4.102144433834289394e-01,2.499328519092733347e-02,1.661153766327718717e-01
4.399999999999977263e-01,3.476922045694019192e-01,-3.122791185404566461e-03,2.488399900933610243e-01,3.476926466093169799e-01,-3.120231468420429401e-03,2.488391988837200530e-01,4.071623552261721679e-01,2.586871240819044182e-02,1.709469165148831404e-01
4.499999999999992895e-01,3.445939009243629281e-01,-3.126583225048174593e-03,2.517461129852486823e-01,3.445953872670340368e-01,-3.123939764907341949e-03,2.517444195811698315e-01,4.042548847199933792e-01,2.649588167872019007e-02,1.753006076084625553e-01
4.600000000000008527e-01,3.415529097083982446e-01,-3.127558490542425591e-03,2.545137266513559648e-01,3.415552555603932894e-01,-3.124951277334067981e-03,2.545113308021391685e-01,4.012887932728376184e-01,2.729041364037032569e-02,1.795802264792871750e-01
4.699999999999988631e-01,3.385704000252200974e-01,-3.125878229903972499e-03,2.571493061392489676e-01,3.385732035873699197e-01,-3.123411356896188366e-03,2.571465729813589007e-01,3.975900828223444261e-01,2.807430641447622444e-02,1.846835588689265117e-01
4.800000000000004263e-01,3.356472454372398384e-01,-3.121697573965906154e-03,2.596590805354775933e-01,3.356502110360543578e-01,-3.119370108575409296e-03,2.596562738980258689e-01,3.945756428544540118e-01,2.905641486824808717e-02,1.888726498740855853e-01
4.899999999999984368e-01,3.327840561405204234e-01,-3.115165456360969882e-03,2.620490310481463081e-01,3.327871444319662753e-01,-3.112971154675710575e-03,2.620461864317584211e-01,3.921566765860060588e-01,2.957872694449956152e-02,1.922502493256578182e-01
5.000000000000000000e-01,3.300096951083702490e-01,-3.107083478420319921e-03,2.643163854546178859e-01,3.300131241490038558e-01,-3.105028515223369305e-03,2.643133831770141939e-01,3.899955160383297148e-01,3.008624298181888923e-02,1.950927145751226721e-01
5.099999999999980105e-01,3.275973213940477358e-01,-3.103906448802754969e-03,2.663618466657341477e-01,3.276024622288462029e-01,-3.102022509883008497e-03,2.663579007761146533e-01,3.880333116149853323e-01,3.060937210369049644e-02,1.977141022247017599e-01
5.199999999999995737e-01,3.262520903347676526e-01,-3.122736428401542627e-03,2.678586793539554090e-01,3.262593080731132078e-01,-3.121034963069605362e-03,2.678529981286632555e-01,3.861774479528926607e-01,3.097653197441060935e-02,2.000758880260136152e-01
5.299999999999975842e-01,3.265225391983705983e-01,-3.179081147504389613e-03,2.684363609865042521e-01,3.265278007832638774e-01,-3.177429459241729124e-03,2.684321194886479800e-01,3.841839430322794291e-01,3.148471031999899861e-02,2.025750885275803270e-01
5.399999999999991473e-01,3.286306054954062916e-01,-3.281553579733254445e-03,2.678760082260713271e-01,3.286339497424990985e-01,-3.279944384836076983e-03,2.678733557709683244e-01,3.821421368837695232e-01,3.250968403100917836e-02,2.054249759133341957e-01
5.500000000000007105e-01,3.325989250786589579e-01,-3.433844521721135176e-03,2.660578743086797204e-01,3.326029727474784092e-01,-3.432351014590076695e-03,2.660546776619824305e-01,3.813160894032653347e-01,3.280784055180349656e-02,2.064881693205471436e-01
5.599999999999987210e-01,3.383132773680882499e-01,-3.636197511697112500e-03,2.629147302723723878e-01,3.383186242892264328e-01,-3.634827229219656040e-03,2.629103753206738503e-01,3.808683842925745244e-01,3.322125193719205338e-02,2.078403963435819790e-01
5.700000000000002842e-01,3.455704940277444792e-01,-3.886499250730694743e-03,2.584090975569616755e-01,3.455765739226970834e-01,-3.885224745400137070e-03,2.584039078133940071e-01,3.814652302180534527e-01,3.348558460984160656e-02,2.084108015989678542e-01
5.799999999999982947e-01,3.541145653232054546e-01,-4.181062766404893688e-03,2.525244246156739814e-01,3.541207775542996594e-01,-4.179854768647485279e-03,2.525188004995211899e-01,3.823618695985585569e-01,3.354422755051475469e-02,2.090921070085201006e-01
5.899999999999998579e-01,3.636633154934058587e-01,-4.515187950603494725e-03,2.452631963829279005e-01,3.636705875100241236e-01,-4.514063712320189395e-03,2.452560828018630346e-01,3.853552883580828592e-01,3.248714232047442141e-02,2.077299439614503918e-01
5.999999999999978684e-01,3.739277886054337974e-01,-4.883565341890315839e-03,2.366476237823268713e-01,3.739363024723840190e-01,-4.882515186249904854e-03,2.366385308453106684e-01,3.879958417371360824e-01,3.221388584619097606e-02,2.064939859826067092e-01
6.099999999999994316e-01,3.846261160511423305e-01,-5.280571090729499831e-03,2.267205374152806152e-01,3.846351238036486708e-01,-5.279541602958847356e-03,2.267099627562964848e-01,3.920221190619556095e-01,3.162099226025599785e-02,2.039305786421100608e-01
6.199999999999974420e-01,3.954932305188584296e-01,-5.700486596882012834e-03,2.155454072363863494e-01,3.955016847995777018e-01,-5.699381021444812831e-03,2.155344023598930736e-01,3.961296851224137550e-01,3.042089533574751647e-02,2.005499482529324862e-01
6.299999999999990052e-01,4.062874331803730255e-01,-6.137664942423896874e-03,2.032051780680563802e-01,4.062936551177934730e-01,-6.136355723162172093e-03,2.031961145865368024e-01,4.006005888959945915e-01,2.948185322704766076e-02,1.971605831499361194e-01
6.400000000000005684e-01,4.167945448125696672e-01,-6.586658118803163930e-03,1.898000165505863701e-01,4.167986541690839597e-01,-6.585105021892829515e-03,1.897932326673150705e-01,4.060437815443604936e-01,2.850936097985276585e-02,1.925530411181117785e-01
6.499999999999985789e-01,4.268301766502640149e-01,-7.042314119343453561e-03,1.754442447110315106e-01,4.268328700953387123e-01,-7.040557977243492964e-03,1.754391342365270723e-01,4.116442815184371273e-01,2.758041242055964126e-02,1.875831780100629675e-01
6.600000000000001421e-01,4.362405266388624803e-01,-7.499849493333573050e-03,1.602627845203414836e-01,4.362423586332419556e-01,-7.497950568648944526e-03,1.602587135508501404e-01,4.183502435123069851e-01,2.622291517634081637e-02,1.809223074927788222e-01
6.699999999999981526e-01,4.449020219772404361e-01,-7.954901187438681229e-03,1.443874182895822922e-01,4.449029957379316835e-01,-7.952880998822421318e-03,1.443846048576294394e-01,4.252735005089722797e-01,2.467949301638483472e-02,1.726105725506944522e-01
6.799999999999997158e-01,4.527200728591789236e-01,-8.403560449427405904e-03,1.279531187159924921e-01,4.527205197239602130e-01,-8.401474152273536583e-03,1.279511996756708958e-01,4.308618490021108860e-01,2.320299602429759522e-02,1.652232980274029872e-01
6.899999999999977263e-01,4.596271630049160173e-01,-8.842391094151207456e-03,1.110946410599609191e-01,4.596267565864212701e-01,-8.840203899403424603e-03,1.110948370018460252e-01,4.355624197010704579e-01,2.179576182034426157e-02,1.582892846075047988e-01
6.999999999999992895e-01,4.655804720293037491e-01,-9.268434216075593923e-03,9.394350971198103806e-02,4.655797722795901872e-01,-9.266178681357584851e-03,9.394484337312872246e-02,4.407320110757686482e-01,2.017294028140703688e-02,1.498833794139797781e-01
7.100000000000008527e-01,4.705591982961658815e-01,-9.679201324465066050e-03,7.662547791289779642e-02,4.705582075286217636e-01,-9.676835104286973105e-03,7.662844602110224779e-02,4.472947056370989438e-01,1.810906826805661063e-02,1.378565325725177315e-01
7.199999999999988631e-01,4.745617263078977244e-01,-1.007265789068119075e-02,5.925849495153572011e-02,4.745608453901026813e-01,-1.007018600935128544e-02,5.926183035660503862e-02,4.525097634536989766e-01,1.667226201610247371e-02,1.273607746500400317e-01
7.300000000000004263e-01,4.776027589818473418e-01,-1.044719926299148526e-02,4.195118026739041300e-02,4.776020829572367177e-01,-1.044461906521028903e-02,4.195431990381529030e-02,4.580814268954467305e-01,1.489111277717805604e-02,1.147762157055718379e-01
7.399999999999984368e-01,4.797105123045498076e-01,-1.080162053221161989e-02,2.480177800393665657e-02,4.797100306251684265e-01,-1.079895971903283534e-02,2.480442811876374526e-02,4.636600723922218448e-01,1.276420308641959545e-02,9.999183698590929925e-02
7.500000000000000000e-01,4.809240480882623348e-01,-1.113508244401538103e-02,7.897547853418805663e-03,4.809237305863877099e-01,-1.113242030207905672e-02,7.898803458471954225e-03,4.670351411760996774e-01,1.138371743415772519e-02,8.924067166071547597e-02
7.599999999999980105e-01,4.812908004656531458e-01,-1.144707462440544207e-02,-8.685462956884430763e-03,4.812905188030606740e-01,-1.144450970545629956e-02,-8.684930319005183808e-03,4.695996446620330778e-01,1.035209058254490944e-02,8.027162305849766533e-02
7.699999999999995737e-01,4.808643336331948070e-01,-1.173737753732180013e-02,-2.488232697066028107e-02,4.808639796527292010e-01,-1.173506678223897558e-02,-2.488307272493265471e-02,4.724582330002299324e-01,8.750844644880378942e-03,6.948340458270141351e-02
7.799999999999975842e-01,4.797023525937923472e-01,-1.200602462220225729e-02,-4.063888442897725661e-02,4.797018702985517136e-01,-1.200404991877106371e-02,-4.064032274364817038e-02,4.750554869179357542e-01,7.377784345379584385e-03,5.753869825193169696e-02
7.899999999999991473e-01,4.778649754174467135e-01,-1.225326514014095022e-02,-5.591119094198986755e-02,4.778642315692219755e-01,-1.225168149818796522e-02,-5.591375988005419656e-02,4.770757863073239458e-01,6.571129750257753699e-03,4.635467814334615078e-02
8.000000000000007105e-01,4.754132648085191981e-01,-1.247952886470868848e-02,-7.066481929721754596e-02,4.754121876794856760e-01,-1.247827106557278763e-02,-7.066838125411173399e-02,4.784913259762892945e-01,6.313064390827544115e-03,3.681137712404669582e-02
8.099999999999987210e-01,4.724080085108147142e-01,-1.268539318141911204e-02,-8.487406390039971271e-02,4.724064864618400805e-01,-1.268436451901870134e-02,-8.487873367639746369e-02,4.796160613455530131e-01,6.165522195335726430e-03,2.587262254335065403e-02
8.200000000000002842e-01,4.689087320523372404e-01,-1.287155272431327220e-02,-9.852108954650738715e-02,4.689066774989696929e-01,-1.287066640266563977e-02,-9.852685282327114380e-02,4.805787784721160527e-01,5.010730804179464037e-03,1.289648488040395780e-02
8.299999999999982947e-01,4.649729233904251746e-01,-1.303879202915596107e-02,-1.115950590290774869e-01,4.649703570544432285e-01,-1.303815075477066446e-02,-1.116015639715070007e-01,4.810166866940341901e-01,3.557548473172217340e-03,5.228088530957464286e-04
8.399999999999998579e-01,4.606554464101778046e-01,-1.318796133503146763e-02,-1.240912680449336170e-01,4.606524277196754613e-01,-1.318769786847746525e-02,-1.240981766017239807e-01,4.809196403967022082e-01,2.012303022435685262e-03,-1.291127883337284121e-02
8.499999999999978684e-01,4.560081197588891078e-01,-1.331995531414642032e-02,-1.360103082785984185e-01,4.560046598118679406e-01,-1.332019226418595242e-02,-1.360174988756373271e-01,4.805453998446100883e-01,1.238780972917380430e-03,-2.400328448657063074e-02
8.599999999999994316e-01,4.510794372226087923e-01,-1.343569478327478681e-02,-1.473572751151882299e-01,4.510755667577452943e-01,-1.343636855885243890e-02,-1.473646286776960912e-01,4.798362046831615713e-01,7.260414389523295320e-05,-3.477819736746301515e-02
8.699999999999974420e-01,4.459144069424146872e-01,-1.353611132635326730e-02,-1.581410309355839594e-01,4.459101502569485787e-01,-1.353710583926276238e-02,-1.581484745607626141e-01,4.781804931411913762e-01,-1.556512543995969278e-03,-4.940334375449306759e-02
8.799999999999990052e-01,4.405544885667241894e-01,-1.362213434675980592e-02,-1.683735305570361607e-01,4.405498274209192489e-01,-1.362327221294708582e-02,-1.683810928138556318e-01,4.762848461115796184e-01,-2.816827033640750821e-03,-6.181693114903152875e-02
8.900000000000005684e-01,4.350376089152332426e-01,-1.369468070245542270e-02,-1.780692125821258520e-01,4.350325726491001133e-01,-1.369584161024446113e-02,-1.780768305839366961e-01,4.735312429804887646e-01,-4.462972758444205823e-03,-7.615638093343135573e-02
8.999999999999985789e-01,4.293982393251348784e-01,-1.375464619644138978e-02,-1.872444570864997826e-01,4.293926840956344693e-01,-1.375608465051472717e-02,-1.872523374403121110e-01,4.705439401536093413e-01,-5.959355739780930472e-03,-8.859573323116354260e-02
9.100000000000001421e-01,4.236675195728887289e-01,-1.380289914005328362e-02,-1.959171085323586914e-01,4.236616350123667551e-01,-1.380501587418714315e-02,-1.959248994296273472e-01,4.667755300095479676e-01,-8.145773590464006064e-03,-1.018544223928947723e-01
9.199999999999981526e-01,4.178734157401046700e-01,-1.384027552117385665e-02,-2.041060608988596869e-01,4.178671434599404710e-01,-1.384335396596092678e-02,-2.041138341403857526e-01,4.618438828059356904e-01,-1.011161399652563131e-02,-1.165568099829792370e-01
9.299999999999997158e-01,4.120409013184295199e-01,-1.386757539227785260e-02,-2.118309011213987125e-01,4.120344528401867490e-01,-1.387194947950613419e-02,-2.118383463864556560e-01,4.571110712416814881e-01,-1.117827525378742304e-02,-1.289380068566097215e-01
9.399999999999977263e-01,4.061921526134877336e-01,-1.388556062393502162e-02,-2.191116063129486258e-01,4.061855656970752571e-01,-1.389118845424564680e-02,-2.191187066644776638e-01,4.510996106528070149e-01,-1.305867229910590011e-02,-1.429855199347174199e-01
9.499999999999992895e-01,4.003467513482043549e-01,-1.389495362073308281e-02,-2.259682897792877343e-01,4.003401539029542433e-01,-1.390172211881167061e-02,-2.259749248138729072e-01,4.461794956974917126e-01,-1.457554169756680729e-02,-1.533792056470625331e-01
9.600000000000008527e-01,3.945218888226099119e-01,-1.389643660836493988e-02,-2.324209907740992787e-01,3.945153407468418583e-01,-1.390403862418585282e-02,-2.324271484975828361e-01,4.390637593119808280e-01,-1.693224719509467402e-02,-1.669196253936975349e-01
9.699999999999988631e-01,3.887325671300017604e-01,-1.389065190894311214e-02,-2.384895030593801313e-01,3.887261171570344231e-01,-1.389873704049197564e-02,-2.384951883313684018e-01,4.331943600837959707e-01,-1.833627379920566014e-02,-1.767950736135016632e-01
9.800000000000004263e-01,3.829917942689876065e-01,-1.387820239653357428e-02,-2.441932374375303527e-01,3.829854700523820377e-01,-1.388645883463014014e-02,-2.441984766784896510e-01,4.260126889025079855e-01,-1.978304553848928005e-02,-1.880317365437256250e-01
9.899999999999984368e-01,3.773107706647865767e-01,-1.385965260809235780e-02,-2.495511138081402958e-01,3.773044241515253749e-01,-1.386779226036794280e-02,-2.495561046884148537e-01,4.184478652777240404e-01,-2.156798500192905199e-02,-1.987415194567372367e-01
1.000000000000000000e+00,3.717315967189124826e-01,-1.383598546144486699e-02,-2.545671680832741202e-01,3.717254826527470191e-01,-1.384395621795793396e-02,-2.545717114374171364e-01,4.122506051960854734e-01,-2.344791975702123499e-02,-2.069271748389828192e-01
1.009999999999998010e+00,3.665525101506290073e-01,-1.381090516291386995e-02,-2.591060002407382656e-01,3.665467657591562345e-01,-1.381865772412397241e-02,-2.591100798439533448e-01,4.048483777547717821e-01,-2.545398918893174156e-02,-2.169867506870295504e-01
1.019999999999999574e+00,3.624524304501964833e-01,-1.379122504757624747e-02,-2.627822666352407910e-01,3.624463653208855329e-01,-1.379871099092545329e-02,-2.627865285161388176e-01,3.981520005521095307e-01,-2.664104915225784520e-02,-2.243614993984993644e-01
1.029999999999997584e+00,3.599589212553582773e-01,-1.378135149049206955e-02,-2.652241374491144388e-01,3.599550423199408544e-01,-1.378857075520854673e-02,-2.652259587370864868e-01,3.922620713040642082e-01,-2.729131166514070506e-02,-2.305474240566858235e-01
1.039999999999999147e+00,3.593122229357197939e-01,-1.378406430426484461e-02,-2.662498758793843123e-01,3.593066081741192463e-01,-1.379099307849034409e-02,-2.662530520985426086e-01,3.870241215907175292e-01,-2.746570130590231251e-02,-2.354970102809105237e-01
1.050000000000000711e+00,3.605674401580696298e-01,-1.380040712666308345e-02,-2.657922984421735024e-01,3.605593627399899526e-01,-1.380707471961614002e-02,-2.657981606347559200e-01,3.834585387380274879e-01,-2.728091751363087569e-02,-2.380892350829905135e-01
1.059999999999998721e+00,3.636447433083315750e-01,-1.382945112892100537e-02,-2.638428253527952405e-01,3.636371389434200907e-01,-1.383589272363911285e-02,-2.638487534880291641e-01,3.793849472747893303e-01,-2.816869768178656419e-02,-2.434456827367021958e-01
1.070000000000000284e+00,3.683719427554298376e-01,-1.386856384944498526e-02,-2.604214549794902078e-01,3.683652209721587356e-01,-1.387473123931470993e-02,-2.604271218078709205e-01,3.771945743009136320e-01,-2.855418755556765609e-02,-2.475007725168435480e-01
1.079999999999998295e+00,3.745189595268460514e-01,-1.391390357962412130e-02,-2.555630872000971276e-01,3.745138301566476313e-01,-1.391968916798793851e-02,-2.555678385852293566e-01,3.765032092920054252e-01,-2.831539400582752664e-02,-2.496522690041835801e-01
1.089999999999999858e+00,3.818245815878767435e-01,-1.396095927718832286e-02,-2.493129460834369870e-01,3.818222641748874047e-01,-1.396635265906042908e-02,-2.493152756585471086e-01,3.774462969927037115e-01,-2.820166791658773597e-02,-2.496070872313718159e-01
1.099999999999997868e+00,3.900165263290143458e-01,-1.400503404460321129e-02,-2.417262419165096543e-01,3.900168982331002066e-01,-1.401011148008108123e-02,-2.417258475611258062e-01,3.785800368818478256e-01,-2.743897838438053016e-02,-2.486821336697468965e-01
1.109999999999999432e+00,3.988260299589133639e-01,-1.404162745712197839e-02,-2.328691641293645642e-01,3.988317751887198725e-01,-1.404652812655709550e-02,-2.328630718683459278e-01,3.808602748635367963e-01,-2.671883456138543500e-02,-2.475693721823626348e-01
1.119999999999997442e+00,4.079981162678283368e-01,-1.406670724600326411e-02,-2.228196846227804007e-01,4.080093986523595229e-01,-1.407145156848124343e-02,-2.228064630950577774e-01,3.841946093092367676e-01,-2.560894752410219910e-02,-2.455612897148301554e-01
1.129999999999999005e+00,4.172985159493394214e-01,-1.407687928097156940e-02,-2.116675390404690049e-01,4.173138475899070832e-01,-1.408143221169201251e-02,-2.116475634308359610e-01,3.897875235253500659e-01,-2.459215504147624354e-02,-2.415244930055039374e-01
1.140000000000000568e+00,4.265180088138249004e-01,-1.406947312076775244e-02,-1.995132665759662971e-01,4.265369205441678080e-01,-1.407382087191035198e-02,-1.994859027506983851e-01,3.952027177583417039e-01,-2.389551424093561138e-02,-2.373343627566975034e-01
1.149999999999998579e+00,4.354747885343681069e-01,-1.404256244182003170e-02,-1.864664493503161158e-01,4.354961285432446538e-01,-1.404668111576628034e-02,-1.864320344227999304e-01,4.023666268151703251e-01,-2.298530255226638452e-02,-2.310167063159098699e-01
1.160000000000000142e+00,4.440153151554729893e-01,-1.399493792913684802e-02,-1.726433965306047313e-01,4.440360931324882077e-01,-1.399883276879749713e-02,-1.726058392647359108e-01,4.103025287760193596e-01,-2.153730863465397327e-02,-2.232868086133360519e-01
1.169999999999998153e+00,4.520140206619546741e-01,-1.392604856472317437e-02,-1.581645341775534952e-01,4.520328910616116525e-01,-1.392977215148977731e-02,-1.581260692091464304e-01,4.178760631680251691e-01,-2.025868686261506069e-02,-2.148585415185640946e-01
1.179999999999999716e+00,4.593721604361455380e-01,-1.383592328114157874e-02,-1.431517321589481639e-01,4.593899354084864939e-01,-1.383952216278048347e-02,-1.431105955459746337e-01,4.259308303141909890e-01,-1.891496622329508215e-02,-2.049144912567186783e-01
1.189999999999997726e+00,4.660160489616637092e-01,-1.372508297656315282e-02,-1.277257515610566996e-01,4.660317328616556676e-01,-1.372864289249051302e-02,-1.276840301184485327e-01,4.334418277974265710e-01,-1.768438933245622402e-02,-1.943561268973513778e-01
1.199999999999999289e+00,4.718948762678918940e-01,-1.359444996857559623e-02,-1.120039440099259709e-01,4.719078182680379596e-01,-1.359809549975992370e-02,-1.119637082144712831e-01,4.412727614195300907e-01,-1.649207504233368704e-02,-1.820224811735944304e-01
1.210000000000000853e+00,4.769782674170893744e-01,-1.344525987797885909e-02,-9.609828607778179987e-02,4.769887477578560464e-01,-1.344913729852439954e-02,-9.605939710481424532e-02,4.486065266893091152e-01,-1.525135504264008013e-02,-1.690236851434145926e-01
1.219999999999998863e+00,4.812537178178154518e-01,-1.327897965067788635e-02,-8.011379169137448908e-02,4.812621886815412475e-01,-1.328316085992116251e-02,-8.007519985457610401e-02,4.546759831738881319e-01,-1.428093308491026892e-02,-1.567956515741829593e-01
1.230000000000000426e+00,4.847240116747587590e-01,-1.309723362430591231e-02,-6.414731273392805522e-02,4.847302218702713716e-01,-1.310177904939026534e-02,-6.411094593259442087e-02,4.598194356014828621e-01,-1.330575029356281802e-02,-1.453814715097875299e-01
1.239999999999998437e+00,4.874047076216399543e-01,-1.290173892542806344e-02,-4.828671446257916389e-02,4.874088609533415162e-01,-1.290658257553775785e-02,-4.825308575362095842e-02,4.642044961817922699e-01,-1.255759152557461844e-02,-1.347586115408652141e-01
1.250000000000000000e+00,4.893217551886104300e-01,-1.269425052896151242e-02,-3.261039545840917209e-02,4.893242832611438553e-01,-1.269923701679714044e-02,-3.257806551458660577e-02,4.700351646823210938e-01,-1.125722943279583443e-02,-1.190042556171090338e-01
1.259999999999998010e+00,4.905092875894125903e-01,-1.247651579295327821e-02,-1.718711125494752634e-02,4.905103131686415763e-01,-1.248145290527263168e-02,-1.715693906149152320e-02,4.747324271466967227e-01,-1.046664316202428058e-02,-1.049650503112429245e-01
1.269999999999999574e+00,4.910076205534079086e-01,-1.225023805299554382e-02,-2.076055796278253231e-03,4.910073659127886514e-01,-1.225494145744450078e-02,-2.048592990894023205e-03,4.791145161317821310e-01,-8.833266836930614430e-03,-8.934675341682329908e-02
1.279999999999997584e+00,4.908614737002282569e-01,-1.201704835747129455e-02,1.267284748632556933e-02,4.908601634960056415e-01,-1.202185387619262268e-02,1.269811088510903324e-02,4.821941971417368356e-01,-8.230661187259041833e-03,-7.718638453627824081e-02
1.289999999999999147e+00,4.901184200205028207e-01,-1.177848468050472601e-02,2.701849072302639140e-02,4.901162980014914794e-01,-1.178392057350654068e-02,2.704082729202219107e-02,4.846252077127041202e-01,-7.704947811566553728e-03,-6.571245442878603793e-02
1.300000000000000711e+00,4.888275603175371020e-01,-1.153597740294712466e-02,4.092800677963142481e-02,4.888248328141692745e-01,-1.154239609813332429e-02,4.094771685515394277e-02,4.866175579493713377e-01,-6.775586154694285268e-03,-5.367242693466978132e-02
1.309999999999998721e+00,4.870384129238676807e-01,-1.129084028893069525e-02,5.437611263739991485e-02,4.870352198629974705e-01,-1.129818098752395812e-02,5.439371786069737563e-02,4.885039868020319975e-01,-5.973047570003608975e-03,-3.849706532475372089e-02
1.320000000000000284e+00,4.848000042328287629e-01,-1.104426594197338747e-02,6.734440474047258263e-02,4.847964586921024721e-01,-1.105223191146029529e-02,6.736025517153691744e-02,4.894758312146470502e-01,-5.022195356941178135e-03,-2.569724320414190633e-02
1.329999999999998295e+00,4.821601424725117657e-01,-1.079732497402422636e-02,7.982063433671150732e-02,4.821563487588728658e-01,-1.080567088157540802e-02,7.983491826511175671e-02,4.899023531146899368e-01,-4.503145583093282056e-03,-1.390605243589926321e-02
1.339999999999999858e+00,4.791648553844035097e-01,-1.055096804244686111e-02,9.179798557603111031e-02,4.791608255160021979e-01,-1.055945308625400730e-02,9.181114450552521622e-02,4.898446988975818650e-01,-3.413876820936689871e-03,5.362886343992179228e-03
1.349999999999997868e+00,4.758579717985444435e-01,-1.030603001970452695e-02,1.032743741629507384e-01,4.758537357412870317e-01,-1.031420848209209373e-02,1.032866385370886791e-01,4.890628708330241881e-01,-2.511016358522077940e-03,1.871411635523290151e-02
1.359999999999999432e+00,4.722808272606887625e-01,-1.006323592881258090e-02,1.142517799036094767e-01,4.722763617020686588e-01,-1.007070720850539169e-02,1.142634555854053491e-01,4.877583703939784576e-01,-1.873411752303766331e-03,3.168662468070393423e-02
1.369999999999997442e+00,4.684720747311407751e-01,-9.823207872398910523e-03,1.247356224903784228e-01,4.684676126592282608e-01,-9.829644418005493295e-03,1.247462266291632094e-01,4.851607347381493573e-01,-1.493928950196121708e-03,5.037385414050521426e-02
1.379999999999999005e+00,4.644675826138923158e-01,-9.586472731129967728e-03,1.347341865921167503e-01,4.644631116486016009e-01,-9.591856464739478838e-03,1.347439421190050335e-01,4.824283065807479787e-01,-4.646217510649031102e-04,6.482968314762471707e-02
1.390000000000000568e+00,4.603004039653670887e-01,-9.353470120205863506e-03,1.442580995135390731e-01,4.602960341706241465e-01,-9.357909951009036470e-03,1.442668879272521743e-01,4.785690898811534311e-01,1.422475434839920450e-04,8.116463416651442664e-02
1.399999999999998579e+00,4.560008024079486577e-01,-9.124560633327262471e-03,1.533198625262604808e-01,4.559966152543377671e-01,-9.128303005089846017e-03,1.533276405948301169e-01,4.747078799736388355e-01,5.090074789340370831e-04,9.444185418429029699e-02
1.410000000000000142e+00,4.515963221046962461e-01,-8.900033740267760188e-03,1.619334351822684093e-01,4.515922612443048489e-01,-8.903084957311520331e-03,1.619404512752830594e-01,4.678755068648013937e-01,1.400363426735384831e-03,1.153210334148507821e-01
1.419999999999998153e+00,4.471118908212587395e-01,-8.680115560465603147e-03,1.701138707212006551e-01,4.471080822656674503e-01,-8.682360531512165955e-03,1.701199909287040846e-01,4.616990163478736919e-01,2.186813550301536235e-03,1.307811740830366887e-01
1.429999999999999716e+00,4.425699468062577746e-01,-8.464976221538371773e-03,1.778769997150443649e-01,4.425663906638274692e-01,-8.465801452600681121e-03,1.778823534298664133e-01,4.560450870184894478e-01,2.766739476187080049e-03,1.436860356642448711e-01
1.439999999999997726e+00,4.379905817444670890e-01,-8.254736686872815934e-03,1.852391585108290606e-01,4.379872844416580202e-01,-8.253459862859191531e-03,1.852438435998739197e-01,4.481355507839976937e-01,3.249384616565681450e-03,1.595589222335012103e-01
1.449999999999999289e+00,4.333916934070376481e-01,-8.049475183797690989e-03,1.922169586985142953e-01,4.333886562163437040e-01,-8.045572999559999841e-03,1.922210591718803985e-01,4.407424738976878364e-01,3.447156255681455006e-03,1.726607731048556138e-01
1.460000000000000853e+00,4.287891428917660064e-01,-7.849233023985850363e-03,1.988270936521287779e-01,4.287863277689886177e-01,-7.842455941994798049e-03,1.988307293575226342e-01,4.332676288281488430e-01,4.006952718951739545e-03,1.849085627208906235e-01
1.469999999999998863e+00,4.241969124034923877e-01,-7.654019857673334884e-03,2.050861782136675360e-01,4.241942653754720016e-01,-7.644763292524614506e-03,2.050894541908541702e-01,4.256643260983734578e-01,4.490342887509851666e-03,1.960515737079333576e-01
1.480000000000000426e+00,4.196272604399458594e-01,-7.463818537685637002e-03,2.110106177081815249e-01,4.196246479394523665e-01,-7.452980091506996099e-03,2.110137189947393077e-01,4.186834180423264495e-01,4.606816037522110108e-03,2.053050494329704545e-01
1.489999999999998437e+00,4.150908720746114833e-01,-7.278589321786148314e-03,2.166165026432952390e-01,4.150882991066083272e-01,-7.266819165427897825e-03,2.166194176728364063e-01,4.090128281274846289e-01,5.192488101997266847e-03,2.176017859536952814e-01
1.500000000000000000e+00,4.106220098839329369e-01,-7.099095566344412050e-03,2.219009496244039592e-01,4.106196523849340307e-01,-7.086694603904240136e-03,2.219034921782936931e-01,4.019786826368842991e-01,5.667442042559284188e-03,2.259712661931754241e-01
1.509999999999998010e+00,4.064629702433016356e-01,-6.932763231055485281e-03,2.266914395505806035e-01,4.064624279929794359e-01,-6.920039071991269074e-03,2.266920917200359598e-01,3.946768348888016753e-01,6.250610367521308719e-03,2.340576653557879805e-01
1.519999999999999574e+00,4.032064077683888415e-01,-6.798435172106518515e-03,2.305016311301401333e-01,4.032071014796927422e-01,-6.785552113125608090e-03,2.305007264608101292e-01,3.884616187359614115e-01,6.388077609722320194e-03,2.401645668997488547e-01
1.529999999999997584e+00,4.013237691319709866e-01,-6.712476799847924211e-03,2.328818320705328682e-01,4.013272724584155959e-01,-6.699631215740845490e-03,2.328768595822989507e-01,3.828704278112927684e-01,6.548793569353311694e-03,2.453955855672406150e-01
1.539999999999999147e+00,4.010344451916852959e-01,-6.683831757757090035e-03,2.336064067427557622e-01,4.010351064534186105e-01,-6.670893694097798123e-03,2.336046414749973488e-01,3.779370890771110991e-01,6.772862784851424456e-03,2.497399037821741441e-01
1.550000000000000711e+00,4.023916727750776468e-01,-6.716029312213559789e-03,2.325857132199717070e-01,4.023889750930352283e-01,-6.703054994812224741e-03,2.325883192498882923e-01,3.740772948100649087e-01,7.265111030186788277e-03,2.529093192368672138e-01
1.559999999999998721e+00,4.053224359086954331e-01,-6.808589339162358228e-03,2.298077729581640971e-01,4.053192244378163167e-01,-6.795755852615664380e-03,2.298113913320594393e-01,3.716251888904342771e-01,7.781369356835737827e-03,2.559097855716770953e-01
1.570000000000000284e+00,4.096638662701523881e-01,-6.958200816916604130e-03,2.253044897962566961e-01,4.096617978300979290e-01,-6.945620644728638972e-03,2.253069791650763321e-01,3.710787704692476430e-01,7.648077867293850973e-03,2.567260745835490132e-01
1.579999999999998295e+00,4.151946484130991655e-01,-7.159661821848843644e-03,2.191339907739826010e-01,4.151940473515845498e-01,-7.147382210737768249e-03,2.191348007301784362e-01,3.719096495342868458e-01,7.139794359032142212e-03,2.568279505448050060e-01
1.589999999999999858e+00,4.216607797052592255e-01,-7.406606708776803348e-03,2.113724773146438696e-01,4.216610377687534106e-01,-7.394629656242392678e-03,2.113722708267842809e-01,3.747358664291299268e-01,6.048984480359620441e-03,2.553568976571382043e-01
1.599999999999997868e+00,4.287958396028722086e-01,-7.692055215848613015e-03,2.021109557131365864e-01,4.287966172351502236e-01,-7.680393811487271245e-03,2.021100780718745604e-01,3.785936348825098552e-01,5.221020759661409993e-03,2.530054310274250096e-01
1.609999999999999432e+00,4.363363551209638591e-01,-8.008819254036124088e-03,1.914539320727240979e-01,4.363377295370807762e-01,-7.997498841288580920e-03,1.914520957889599972e-01,3.836175566696752304e-01,4.100098098154481008e-03,2.495856388506394463e-01
1.619999999999997442e+00,4.440329980176770386e-01,-8.349799372541015161e-03,1.795184463890836801e-01,4.440354866288966362e-01,-8.338849934411040471e-03,1.795144555695046273e-01,3.906247414176701183e-01,2.414864551508910662e-03,2.432195767867590952e-01
1.629999999999999005e+00,4.516583392843974698e-01,-8.708196626531198095e-03,1.664326919828543749e-01,4.516615136651874751e-01,-8.697600165829981467e-03,1.664269007925070487e-01,3.991934241637129510e-01,3.870792380521459464e-04,2.352422751998173300e-01
1.640000000000000568e+00,4.590118097783673634e-01,-9.077660034191564059e-03,1.523340004077146093e-01,4.590147348822791185e-01,-9.067379617430738892e-03,1.523280716092757781e-01,4.081557265234253551e-01,-1.483216555616201360e-03,2.269462793656046307e-01
1.649999999999998579e+00,4.659224238204806579e-01,-9.452384377448412242e-03,1.373662629482596265e-01,4.659247074646555853e-01,-9.442398887897190951e-03,1.373611466240346468e-01,4.154675034995407579e-01,-2.358038946359303223e-03,2.206539775318786534e-01
1.660000000000000142e+00,4.722497375473531656e-01,-9.827169354643986235e-03,1.216769908212830958e-01,4.722511240848412117e-01,-9.817456015321157983e-03,1.216736773060354548e-01,4.260407649064195112e-01,-4.635547109314797076e-03,2.077153457701096384e-01
1.669999999999998153e+00,4.778834419544138457e-01,-1.019744885875933753e-02,1.054142501565008411e-01,4.778842071280914316e-01,-1.018801566223825721e-02,1.054124760888801721e-01,4.365133957619118377e-01,-7.167380284813562596e-03,1.930067587732671175e-01
1.679999999999999716e+00,4.827419310976328037e-01,-1.055929641471848104e-02,8.872368820969951664e-02,4.827424349231519973e-01,-1.055012083571695708e-02,8.872263053592530091e-02,4.453735395233805461e-01,-8.989430795604796964e-03,1.785309956198206649e-01
1.689999999999997726e+00,4.867701354032080707e-01,-1.090941224597006751e-02,7.174582276386677615e-02,4.867705106330780240e-01,-1.090045741868258221e-02,7.174513883462609043e-02,4.544884746216485416e-01,-1.136602672160080818e-02,1.611487402527330692e-01
1.699999999999999289e+00,4.899368658086303840e-01,-1.124509631386391879e-02,5.461371430434085877e-02,4.899371690759068976e-01,-1.123635052916979390e-02,5.461324597070424391e-02,4.615207079912286847e-01,-1.297278657418138303e-02,1.454321407427455748e-01
1.710000000000000853e+00,4.922318744193286411e-01,-1.156421069689872461e-02,3.745109016086436288e-02,4.922321413064913442e-01,-1.155573172805169323e-02,3.745068359297583360e-02,4.688598696593098136e-01,-1.496679636516845546e-02,1.259094603607271434e-01
1.719999999999998863e+00,4.936628003875577764e-01,-1.186513487509510342e-02,2.037094663628882113e-02,4.936629839359021332e-01,-1.185698335317204519e-02,2.037148502333024913e-02,4.747470519566866498e-01,-1.636440062329488909e-02,1.076015756364572251e-01
1.730000000000000426e+00,4.942521357108461966e-01,-1.214671593848933202e-02,3.474620581284267561e-03,4.942523293232281012e-01,-1.213904600448589832e-02,3.475124926797686781e-03,4.794694706419952990e-01,-1.746169503938402312e-02,8.933195875982535838e-02
1.739999999999998437e+00,4.940343143611810039e-01,-1.240821674496953714e-02,-1.314870288297932850e-02,4.940345374851811688e-01,-1.240107913155227837e-02,-1.314745440508188236e-02,4.831256081411442471e-01,-1.812648810266193067e-02,7.170887838384520929e-02
1.750000000000000000e+00,4.930530002435051795e-01,-1.264926332610900005e-02,-2.942209672095079734e-02,4.930532140225225013e-01,-1.264272634168911967e-02,-2.942131443973665383e-02,4.858329496962846550e-01,-1.830453220494329680e-02,5.582152205621870866e-02
1.759999999999998010e+00,4.913586248465433015e-01,-1.286979322878634840e-02,-4.528067184894260522e-02,4.913588084492912511e-01,-1.286383501230761207e-02,-4.528016558911229783e-02,4.880430824443663385e-01,-1.866574334397161361e-02,3.889839392497851378e-02
1.769999999999999574e+00,4.890062045188567352e-01,-1.307000618870560182e-02,-6.067109340247179433e-02,4.890062510235227422e-01,-1.306460436284607833e-02,-6.067134042589741871e-02,4.895212399935082725e-01,-1.902595508508325706e-02,2.216838765916029352e-02
1.779999999999997584e+00,4.860534500072888897e-01,-1.325031788835039949e-02,-7.555089551679361470e-02,4.860532432046730245e-01,-1.324550019252969911e-02,-7.555212936820482339e-02,4.901018918614531428e-01,-1.856407148735764179e-02,9.428320832102654592e-03
1.789999999999999147e+00,4.825591671117689940e-01,-1.341131736033365773e-02,-8.988765262040539217e-02,4.825587393986064955e-01,-1.340721242218926787e-02,-8.988939749749033647e-02,4.903764346962037335e-01,-1.837870716744857691e-02,-9.562210393136205688e-03
1.800000000000000711e+00,4.785819368549567576e-01,-1.355372858415142961e-02,-1.036580590888080550e-01,4.785811233052554292e-01,-1.355057041501971267e-02,-1.036606896395469990e-01,4.896246257609593311e-01,-1.805819549048023887e-02,-2.784801250860458044e-02
1.809999999999998721e+00,4.741790560810425492e-01,-1.367837639106091359e-02,-1.168469618856305542e-01,4.741779660771611171e-01,-1.367619469881555840e-02,-1.168499279545039682e-01,4.881653528176804757e-01,-1.753116966664441945e-02,-4.440714062696604625e-02
1.820000000000000284e+00,4.694057145340145287e-01,-1.378615656677487089e-02,-1.294463830935302096e-01,4.694041645616403580e-01,-1.378488403484255144e-02,-1.294500859874844478e-01,4.860767471408958817e-01,-1.682100877509429271e-02,-5.810636715478478820e-02
1.829999999999998295e+00,4.643143815306420841e-01,-1.387801042919943606e-02,-1.414545620033762219e-01,4.643123808570224775e-01,-1.387732188556297167e-02,-1.414588569240089189e-01,4.821682949412342545e-01,-1.807854008787868061e-02,-7.890390142974779142e-02
1.839999999999999858e+00,4.589543746723273587e-01,-1.395490307519789593e-02,-1.528750387907330810e-01,4.589518001762850075e-01,-1.395436035552027713e-02,-1.528801158558950601e-01,4.726706594885121682e-01,-2.698031276796553080e-02,-1.176000433423085578e-01
1.849999999999997868e+00,4.533715829905610728e-01,-1.401780553348767368e-02,-1.637157961604110146e-01,4.533684073099381595e-01,-1.401713990349673887e-02,-1.637216009590909682e-01,4.679868043089281393e-01,-2.575975312723222110e-02,-1.305129344142523795e-01
1.859999999999999432e+00,4.476083185073713167e-01,-1.406768020801952949e-02,-1.739884693952784833e-01,4.476046431705979489e-01,-1.406680635900793563e-02,-1.739947134447029087e-01,4.619551346982845308e-01,-2.537942518706459705e-02,-1.452455085189098272e-01
1.869999999999997442e+00,4.417032720540449153e-01,-1.410546933033612546e-02,-1.837076308886886888e-01,4.416992198511608958e-01,-1.410420794790131355e-02,-1.837140567107449218e-01,4.548965794217108005e-01,-2.488978807474820365e-02,-1.602496917660896081e-01
1.879999999999999005e+00,4.356915516070710148e-01,-1.413208608093519981e-02,-1.928901514976581466e-01,4.356871843343584905e-01,-1.413031529961746545e-02,-1.928966443075388060e-01,4.476295794639056913e-01,-2.531261483029328963e-02,-1.739469689965995602e-01
1.890000000000000568e+00,4.296047840309275001e-01,-1.414840785099058702e-02,-2.015546381502529016e-01,4.296001012815282571e-01,-1.414616101761563723e-02,-2.015611858049182192e-01,4.387294520281054266e-01,-2.592759342241901521e-02,-1.892366845547960308e-01
1.899999999999998579e+00,4.234712636356928184e-01,-1.415527169412594821e-02,-2.097209450651584817e-01,4.234662631377753561e-01,-1.415285093341084148e-02,-2.097275227392592367e-01,4.283383338173758492e-01,-2.625694705495229542e-02,-2.053623956160025577e-01
1.910000000000000142e+00,4.173161336846587521e-01,-1.415347115943868875e-02,-2.174097542929314120e-01,4.173108448605289955e-01,-1.415119142342729890e-02,-2.174162970203326606e-01,4.190187161583743825e-01,-2.648696824353038992e-02,-2.183468947845261798e-01
1.919999999999998153e+00,4.111615892115439985e-01,-1.414375452121758789e-02,-2.246422204072462125e-01,4.111560125083222883e-01,-1.414178503596969470e-02,-2.246487180691764673e-01,4.093465813324858038e-01,-2.697304921451659787e-02,-2.304591013174008829e-01
1.929999999999999716e+00,4.050270917307186025e-01,-1.412682424648739957e-02,-2.314396735510303449e-01,4.050212557884619313e-01,-1.412516965931989894e-02,-2.314460924842086098e-01,3.959951996734285551e-01,-2.749175209938076181e-02,-2.457428101088368066e-01
1.939999999999997726e+00,3.989295884339121856e-01,-1.410333708323044388e-02,-2.378233747813926491e-01,3.989235388888474065e-01,-1.410190888228569570e-02,-2.378296716012869572e-01,3.834800738238381967e-01,-2.802292044965787321e-02,-2.585194410643771867e-01
1.949999999999999289e+00,3.928837300082534401e-01,-1.407390498658852088e-02,-2.438143177374469117e-01,3.928775211390541089e-01,-1.407260489066475793e-02,-2.438204466115821423e-01,3.733085478090022447e-01,-2.791984417929127549e-02,-2.677612333778676135e-01
1.960000000000000853e+00,3.869020827588428579e-01,-1.403909646987912263e-02,-2.494330708093606130e-01,3.868958151318046546e-01,-1.403787012992171318e-02,-2.494389435621623963e-01,3.621369826684871507e-01,-2.755001899040337987e-02,-2.770817649037691233e-01
1.969999999999998863e+00,3.809953318646126519e-01,-1.399943831553994780e-02,-2.546996543462897722e-01,3.809890517745403438e-01,-1.399823776893697330e-02,-2.547052464253257709e-01,3.501551492504952900e-01,-2.700982473439256237e-02,-2.862123505068414620e-01
1.980000000000000426e+00,3.751724735894085283e-01,-1.395541759629767738e-02,-2.596334478508947052e-01,3.751662595660130717e-01,-1.395424362020874880e-02,-2.596387062322375594e-01,3.394388240652392863e-01,-2.690023895934720577e-02,-2.936676533563451486e-01
1.989999999999998437e+00,3.694409951005821480e-01,-1.390748376208474947e-02,-2.642531225631437053e-01,3.694347296748647369e-01,-1.390635321076641451e-02,-2.642581748165105937e-01,3.271853129576256514e-01,-2.543686894393276665e-02,-3.015095079945043777e-01
2.000000000000000000e+00,3.638339065468893518e-01,-1.385650814641354624e-02,-2.685673550595563674e-01,3.638278598058147240e-01,-1.385543287854413587e-02,-2.685720015531755100e-01,3.191936120378769948e-01,-2.422555810213958272e-02,-3.062461125089274150e-01
2.009999999999998010e+00,3.586171748424282213e-01,-1.380653146316302392e-02,-2.724817720605178795e-01,3.586129593769122881e-01,-1.380552162442696962e-02,-2.724850313781030930e-01,3.110858868415267153e-01,-2.274229823407894480e-02,-3.103454955722887432e-01
2.019999999999999574e+00,3.544937177205590983e-01,-1.376625534416969603e-02,-2.756603102242326520e-01,3.544890560553934922e-01,-1.376525499717014961e-02,-2.756624984296651149e-01,3.032922760567225984e-01,-2.069415021590392811e-02,-3.143126576991426280e-01
2.029999999999997584e+00,3.520218938041780876e-01,-1.374100061891263616e-02,-2.777391839007093410e-01,3.520113419966010015e-01,-1.373996429375362247e-02,-2.777451568875238808e-01,2.978425328629011881e-01,-1.852935053950027777e-02,-3.166028158190968833e-01
2.039999999999999147e+00,3.514555780131830565e-01,-1.373369783379751498e-02,-2.785273573553108672e-01,3.514378793696008030e-01,-1.373261321830539922e-02,-2.785386023031338198e-01,2.938648390100800922e-01,-1.675634844226417397e-02,-3.179500090547096036e-01
2.050000000000000711e+00,3.528584686425744743e-01,-1.374522195526163906e-02,-2.779423861130450035e-01,3.528362157534957189e-01,-1.374410659574585789e-02,-2.779570366152040450e-01,2.917706942512751089e-01,-1.421943378647111400e-02,-3.187091880622183737e-01
2.059999999999998721e+00,3.561557968053627454e-01,-1.377426836133572793e-02,-2.759571273946884729e-01,3.561302311444034530e-01,-1.377313193233887199e-02,-2.759745562242964523e-01,2.917511744471088520e-01,-1.224454209621952949e-02,-3.186145166321878719e-01
2.070000000000000284e+00,3.611775536037417078e-01,-1.381769848572294949e-02,-2.725714457460783890e-01,3.611490883008096620e-01,-1.381654928416775098e-02,-2.725918239817905486e-01,2.939389840768863449e-01,-1.111403205488870061e-02,-3.171100404532589678e-01
2.079999999999998295e+00,3.676932639572871864e-01,-1.387108632707607578e-02,-2.677997639625182003e-01,3.676621231427917857e-01,-1.386993252365085506e-02,-2.678235033126060149e-01,2.983166003385627763e-01,-9.231247044079071706e-03,-3.153818845739931875e-01
2.089999999999999858e+00,3.754389422811655885e-01,-1.392929630730950150e-02,-2.616674148417366119e-01,3.754070606292743695e-01,-1.392815324882554044e-02,-2.616932565470495020e-01,3.042230037941368037e-01,-7.520321178439981491e-03,-3.135170763893224688e-01
2.099999999999997868e+00,3.841373701878011415e-01,-1.398699627539048973e-02,-2.542110241079552080e-01,3.841057744801087970e-01,-1.398586652172445835e-02,-2.542383865092685546e-01,3.117868626504695095e-01,-5.314484346824910332e-03,-3.098068699002960447e-01
2.109999999999999432e+00,3.935129624049398811e-01,-1.403906335726677439e-02,-2.454800511083906345e-01,3.934812105147904027e-01,-1.403794122983511965e-02,-2.455098565066201333e-01,3.212863852005909404e-01,-3.869209332731687878e-03,-3.054340350068029952e-01
2.119999999999997442e+00,4.033023775813958656e-01,-1.408087423174264260e-02,-2.355379806430960010e-01,4.032697872623685620e-01,-1.407973469854100629e-02,-2.355715907876158033e-01,3.316669919518840937e-01,-2.610400296307463508e-03,-3.001346488227035758e-01
2.129999999999999005e+00,4.132618283311584872e-01,-1.410848930921746770e-02,-2.244625431625568712e-01,4.132282543772370365e-01,-1.410733938450908082e-02,-2.245008657012158848e-01,3.451857511126278366e-01,-1.226904831088754255e-03,-2.924793078753132880e-01
2.140000000000000568e+00,4.231718374313092057e-01,-1.411874853659735377e-02,-2.123448563401930389e-01,4.231374784558362134e-01,-1.411764805427034690e-02,-2.123884828610470843e-01,3.593428841121590889e-01,-1.163823467590641147e-04,-2.833218726249342456e-01
2.149999999999998579e+00,4.328400133955218054e-01,-1.410929840900689188e-02,-1.992876457333224438e-01,4.328059430835360932e-01,-1.410834186361077831e-02,-1.993358116843546579e-01,3.749710561069591330e-01,1.171566779815780279e-03,-2.716213330281570526e-01
2.160000000000000142e+00,4.421022873804911213e-01,-1.407856816616404570e-02,-1.854028098892785692e-01,4.420694535510812373e-01,-1.407781432952644879e-02,-1.854546123206085306e-01,3.911920875449932389e-01,2.287495516215487523e-03,-2.577868936808126454e-01
2.169999999999998153e+00,4.508229588554713563e-01,-1.402571145304241408e-02,-1.708086127923964248e-01,4.507918854631343120e-01,-1.402516802663234842e-02,-1.708635762810490066e-01,4.058127161277319539e-01,3.695815653635386999e-03,-2.427304403920883535e-01
2.179999999999999716e+00,4.588938307365019731e-01,-1.395052616780831888e-02,-1.556267572537199384e-01,4.588648981361425627e-01,-1.395018353741636456e-02,-1.556845652360416277e-01,4.230302444251201610e-01,4.580856876020361623e-03,-2.231718173247847492e-01
2.189999999999997726e+00,4.662326661627739788e-01,-1.385336268882705023e-02,-1.399795435539271105e-01,4.662063485876914992e-01,-1.385320450416656357e-02,-1.400395405055975817e-01,4.347321808312341052e-01,5.031444365081017001e-03,-2.069902599460949899e-01
2.199999999999999289e+00,4.727811620535463666e-01,-1.373502818517841582e-02,-1.239872635280579727e-01,4.727575704525820988e-01,-1.373503552250439526e-02,-1.240493664066044527e-01,4.458949729516039628e-01,5.943478410600000483e-03,-1.888397258971141746e-01
2.210000000000000853e+00,4.785026043402900164e-01,-1.359669250950769348e-02,-1.077659293783862215e-01,4.784821179814329195e-01,-1.359685802913814141e-02,-1.078291874349870949e-01,4.583549207808870207e-01,6.003311957557960765e-03,-1.651108260717258913e-01
2.219999999999998863e+00,4.833793433422049479e-01,-1.343979973718461077e-02,-9.142539289847527451e-02,4.833622055467254319e-01,-1.344010807019868636e-02,-9.148875288554934870e-02,4.664566448409215305e-01,6.087518429154115118e-03,-1.459578334815530010e-01
2.230000000000000426e+00,4.874102041282299957e-01,-1.326598746833478927e-02,-7.506787507372045254e-02,4.873963235573402497e-01,-1.326642848096464510e-02,-7.513114118379297934e-02,4.731316402537922849e-01,5.687557576501300893e-03,-1.275041444464229956e-01
2.239999999999998437e+00,4.906079244549295115e-01,-1.307701571763819973e-02,-5.878689953052672335e-02,4.905973372882960204e-01,-1.307759089042923040e-02,-5.884904221943017266e-02,4.797780951921105652e-01,6.089686993885928823e-03,-1.058829422422566946e-01
2.250000000000000000e+00,4.929966929280468202e-01,-1.287470563977346182e-02,-4.266660336110771057e-02,4.929892415548630114e-01,-1.287546632868801638e-02,-4.272713706536947209e-02,4.842631668640214881e-01,5.464100087113787918e-03,-8.909558630970304538e-02
2.259999999999998010e+00,4.946098413909713054e-01,-1.266088838958389674e-02,-2.678138670222827630e-02,4.946052451355322788e-01,-1.266192129690645214e-02,-2.684080594569151351e-02,4.883182584854793840e-01,5.026460607152338778e-03,-7.089990277743640767e-02
2.269999999999999574e+00,4.954877293562103824e-01,-1.243736343421158498e-02,-1.119585437359113533e-02,4.954858285305940857e-01,-1.243883631208594909e-02,-1.125342031764615253e-02,4.912225939812602249e-01,4.919544383044371916e-03,-5.455704882511125398e-02
2.279999999999997584e+00,4.956758438650158416e-01,-1.220586583606597664e-02,4.034999427687502652e-03,4.956763931548309743e-01,-1.220842415543408471e-02,3.978976440309063903e-03,4.937492259182511001e-01,4.346934786544354168e-03,-3.606654991739866034e-02
2.289999999999999147e+00,4.952231262463996364e-01,-1.196804149873187742e-02,1.886541274407193408e-02,4.952258617445869371e-01,-1.197251252067957697e-02,1.881190239851896970e-02,4.948107232452588211e-01,3.401117288690025386e-03,-2.364079470928159843e-02
2.300000000000000711e+00,4.941805273406991161e-01,-1.172542945871097968e-02,3.325833029327153467e-02,4.941851439301178650e-01,-1.173251819225909660e-02,3.320764107244578156e-02,4.953460488345183266e-01,2.364833510440200737e-03,-1.040661548452981311e-02
2.309999999999998721e+00,4.925997850412022205e-01,-1.147945023066225360e-02,4.718477316068288296e-02,4.926060433800737992e-01,-1.148920885838075959e-02,4.713667783350754953e-02,4.952674209769508118e-01,5.086265189231387041e-04,4.782364141146189240e-03
2.320000000000000284e+00,4.905324122161458522e-01,-1.123139923335584461e-02,6.062314112016836676e-02,4.905400497412112926e-01,-1.124329766610109027e-02,6.057787311286206428e-02,4.944848049052978922e-01,-4.109034909067776908e-04,2.135125699441631220e-02
2.329999999999998295e+00,4.880288790132879528e-01,-1.098244441792337218e-02,7.355847945078380912e-02,4.880376474124717978e-01,-1.099588250834868108e-02,7.351613005922179311e-02,4.928727112804883737e-01,-1.116116896260538338e-03,3.554589323489254493e-02
2.339999999999999858e+00,4.851379710071579421e-01,-1.073362712868548841e-02,8.598173653274324146e-02,4.851476768872385881e-01,-1.074812710826809556e-02,8.594214753866433187e-02,4.902150620766637656e-01,-3.079564696152364833e-03,5.203378317249462981e-02
2.349999999999997868e+00,4.819063032962322413e-01,-1.048586581214688146e-02,9.788903329102857653e-02,4.819167953069530275e-01,-1.050099660634136456e-02,9.785197853263104262e-02,4.874244006415732189e-01,-4.759204500778713154e-03,6.496087702619790516e-02
2.359999999999999432e+00,4.783779704298162239e-01,-1.023996131015485721e-02,1.092809604864676543e-01,4.783890543465297851e-01,-1.025525884422343395e-02,1.092464505582889933e-01,4.829179911933692559e-01,-6.350756415479302808e-03,8.373824831123966028e-02
2.369999999999997442e+00,4.745943124036253180e-01,-9.996603830740325228e-03,1.201619157304638780e-01,4.746058948490655127e-01,-1.001167120871973223e-02,1.201296780904664435e-01,4.780384510293629319e-01,-8.081162336862013351e-03,1.003364196325390312e-01
2.379999999999999005e+00,4.705937780822029293e-01,-9.756380714824109887e-03,1.305394881484991110e-01,4.706057693780272833e-01,-9.771010111749522942e-03,1.305093143321127414e-01,4.725224013733311801e-01,-9.697463235024322836e-03,1.163841695810483579e-01
2.390000000000000568e+00,4.664118687852416012e-01,-9.519784670838828816e-03,1.404238955525347887e-01,4.664241400273473892e-01,-9.533884378875173704e-03,1.403957250394013700e-01,4.661466175332620865e-01,-1.212120332341162787e-02,1.330037108626861420e-01
2.399999999999998579e+00,4.620811464147132619e-01,-9.287222330035337092e-03,1.498274764118130986e-01,4.620936878931908298e-01,-9.300781233862768713e-03,1.498010004085270075e-01,4.587041571071555635e-01,-1.395604319200746679e-02,1.496802221155761892e-01
2.410000000000000142e+00,4.576312923006360389e-01,-9.059022680813138412e-03,1.587642368284538086e-01,4.576440497970439281e-01,-9.072010323371187610e-03,1.587393091917074228e-01,4.504230729904842856e-01,-1.547897388107064010e-02,1.662399178388068721e-01
2.419999999999998153e+00,4.530892046997491152e-01,-8.835445300382611944e-03,1.672494512080724971e-01,4.531020977946374484e-01,-8.847830793913782910e-03,1.672260096696615017e-01,4.393764129302886179e-01,-1.725955130928519266e-02,1.856606938728081468e-01
2.429999999999999716e+00,4.484791246227459172e-01,-8.616688264077148121e-03,1.752993141632007701e-01,4.484920473219606296e-01,-8.628468315429309657e-03,1.752773592739039488e-01,4.310537684689788041e-01,-1.841208100786143054e-02,1.985205339949048797e-01
2.439999999999997726e+00,4.438227813070877992e-01,-8.402895562688379033e-03,1.829306403941678705e-01,4.438357360955542674e-01,-8.414087944734900334e-03,1.829099851060263238e-01,4.190352906621093165e-01,-1.994097436669453605e-02,2.151702685676936122e-01
2.449999999999999289e+00,4.391395501387641009e-01,-8.194164011949466031e-03,1.901606088109213111e-01,4.391525277797029836e-01,-8.204792513633284157e-03,1.901411206750481253e-01,4.080615432011530652e-01,-2.095780003275393710e-02,2.288038660243566502e-01
2.460000000000000853e+00,4.344466171840088986e-01,-7.990549553825500653e-03,1.970065468887650662e-01,4.344596354619720269e-01,-8.000650313711171399e-03,1.969880687455205781e-01,3.997469126319039834e-01,-2.149790206684981664e-02,2.433934782080041659e-01
2.469999999999998863e+00,4.297591456541342003e-01,-7.792073124058475353e-03,2.034857511926772833e-01,4.297722518443273243e-01,-7.801676840894200202e-03,2.034681103212232778e-01,3.755726361353382003e-01,-1.638884095691556242e-02,2.679868600306546389e-01
2.480000000000000426e+00,4.250904406980717254e-01,-7.598725856340946688e-03,2.096153400316805582e-01,4.251036047329802559e-01,-7.607855130422272981e-03,2.095984930971368232e-01,3.673243022035822536e-01,-1.818468230516276374e-02,2.738204205366914223e-01
2.489999999999998437e+00,4.204521097605294355e-01,-7.410473755037572281e-03,2.154121343931611754e-01,4.204651990981657095e-01,-7.419142258062651207e-03,2.153961795882226304e-01,3.586136125955748932e-01,-1.951562389834909927e-02,2.799298427220890950e-01
2.500000000000000000e+00,4.158788797960585315e-01,-7.228075077947128391e-03,2.208733946625268396e-01,4.158918779969221213e-01,-7.236313896221447176e-03,2.208582670570079509e-01,3.523537749870874203e-01,-2.039366495084948827e-02,2.838062087316234328e-01
2.509999999999998010e+00,4.116106581907263418e-01,-7.058865325198442064e-03,2.258228947571633005e-01,4.116238331260713701e-01,-7.066711775253260719e-03,2.258082154245863171e-01,3.473707284197028455e-01,-2.148089631238850328e-02,2.862829345745584453e-01
2.519999999999999574e+00,4.082327930799506399e-01,-6.921411157324083158e-03,2.297672523112566922e-01,4.082446773904249149e-01,-6.928899172174166066e-03,2.297540142489854775e-01,3.429336538978562388e-01,-2.229714250747380500e-02,2.884088354094775930e-01
2.529999999999997584e+00,4.062133440900705383e-01,-6.831857347219016767e-03,2.322542434359016472e-01,4.062249118966954620e-01,-6.838913584418715962e-03,2.322409303218558874e-01,3.405522208771133430e-01,-2.272723804965745553e-02,2.892702354275183962e-01
2.539999999999999147e+00,4.057732690932970288e-01,-6.799087512310356129e-03,2.330578940313354497e-01,4.057803257082802095e-01,-6.805574225988003483e-03,2.330498787484690526e-01,3.394827479362018119e-01,-2.369887499255113328e-02,2.889364681073225416e-01
2.550000000000000711e+00,4.069693472230674902e-01,-6.826659431914070160e-03,2.320892297264348925e-01,4.069731109916692180e-01,-6.832693920218691971e-03,2.320851127537685021e-01,3.400108066014485564e-01,-2.423498064558560205e-02,2.875427535201855456e-01
2.559999999999998721e+00,4.097325823590203253e-01,-6.914158721105905132e-03,2.293379832027677423e-01,4.097348202614063406e-01,-6.919877033423462408e-03,2.293355661189238615e-01,3.423313754377524942e-01,-2.465248959441382337e-02,2.863021304860280392e-01
2.570000000000000284e+00,4.139037476932873050e-01,-7.058347707628143120e-03,2.248385425198322352e-01,4.139052125554667505e-01,-7.063812170202539605e-03,2.248369181272544537e-01,3.467526414495393228e-01,-2.531934990764286852e-02,2.832720634529747317e-01
2.579999999999998295e+00,4.192643914626804635e-01,-7.254090799188287961e-03,2.186519515199117913e-01,4.192649748731433479e-01,-7.259319819626537836e-03,2.186513535036643530e-01,3.526383740706068304e-01,-2.623776654645340600e-02,2.793762549970068010e-01
2.589999999999999858e+00,4.255624937225662152e-01,-7.495076662843557641e-03,2.108574729953201499e-01,4.255620980183077440e-01,-7.500100133522264421e-03,2.108581698454754239e-01,3.630602642498630406e-01,-2.775569098911864763e-02,2.714031562085386096e-01
2.599999999999997868e+00,4.325328037936957970e-01,-7.774367323012028493e-03,2.015491224262710435e-01,4.325322203773313556e-01,-7.779240813143769098e-03,2.015500651358730910e-01,3.735975858401550109e-01,-2.953947859395192332e-02,2.635790893415211888e-01
2.609999999999999432e+00,4.399123571616737061e-01,-8.084807415431024061e-03,1.908342514800183409e-01,4.399120095520220319e-01,-8.089557398014320111e-03,1.908347756325040334e-01,3.864572412925720846e-01,-3.288418470490631074e-02,2.512683135280062707e-01
2.619999999999997442e+00,4.474518508583190113e-01,-8.419323715613357892e-03,1.788325326675654636e-01,4.474524302978667434e-01,-8.424004643626213651e-03,1.788312746755127969e-01,3.978940841714680987e-01,-3.445779525620695782e-02,2.406378673586270223e-01
2.629999999999999005e+00,4.549235698476474798e-01,-8.771139989206111834e-03,1.656745664911213889e-01,4.549235077669075422e-01,-8.775754109483431195e-03,1.656743780247819098e-01,4.084961345672121213e-01,-3.578645505745070565e-02,2.297149085561118742e-01
2.640000000000000568e+00,4.621264961322529286e-01,-9.133926737865907808e-03,1.514998716263011302e-01,4.621251121972181908e-01,-9.138593395507531650e-03,1.515025868785691010e-01,4.232340366879145943e-01,-3.721328884690019989e-02,2.130473321863689540e-01
2.649999999999998579e+00,4.688891503149191231e-01,-9.501900575664305043e-03,1.364543166545706954e-01,4.688865447988398993e-01,-9.506799459387073326e-03,1.364604666576888503e-01,4.352719602861115922e-01,-3.820732018309463962e-02,1.970937333896245480e-01
2.660000000000000142e+00,4.750706363159982737e-01,-9.869884555211804258e-03,1.206871889661935149e-01,4.750671348177952780e-01,-9.875174748628270938e-03,1.206968753670619732e-01,4.430318376403582503e-01,-3.895108760722262864e-02,1.788447554824126318e-01
2.669999999999998153e+00,4.805602915908809281e-01,-1.023333762674459579e-02,1.043481346053955483e-01,4.805566050012169410e-01,-1.023909477302527814e-02,1.043601588627603993e-01,4.564302002641269507e-01,-3.904057454844200858e-02,1.604069916576918997e-01
2.679999999999999716e+00,4.852762872990604159e-01,-1.058836009852696068e-02,8.758418595987907396e-02,4.852728819275183292e-01,-1.059450243977714222e-02,8.759754999413903176e-02,4.647913670662132679e-01,-3.858594936572712353e-02,1.418473611641323240e-01
2.689999999999997726e+00,4.891634731704022077e-01,-1.093168046878608898e-02,7.053705082269501325e-02,4.891603893249109047e-01,-1.093800974707483803e-02,7.055212400701404984e-02,4.710921333645263775e-01,-3.781000645391000003e-02,1.168095646937550303e-01
2.699999999999999289e+00,4.921907176645471393e-01,-1.126062781814396625e-02,5.334078423539527491e-02,4.921882356077557641e-01,-1.126690340361211073e-02,5.335678770639861596e-02,4.794133230744891394e-01,-3.904569789786582756e-02,9.453213605990251622e-02
2.710000000000000853e+00,4.943479536034241506e-01,-1.157309365647980759e-02,3.611991401231410409e-02,4.943460943427371856e-01,-1.157910789634710759e-02,3.613743642189700539e-02,4.842501311106212070e-01,-3.842139877588321428e-02,7.084363798755977104e-02
2.719999999999998863e+00,4.956431020330651083e-01,-1.186748639917188652e-02,1.898804700236667725e-02,4.956420337085465921e-01,-1.187313954833016730e-02,1.900636276638488845e-02,4.877195799830342793e-01,-3.614418382462319945e-02,4.964813536989742815e-02
2.730000000000000426e+00,4.960990123381890937e-01,-1.214268110479805630e-02,2.046948235620077959e-03,4.960987919030726001e-01,-1.214799009930342920e-02,2.065744560471234094e-03,4.897976241861029534e-01,-3.599796443496858234e-02,2.967959631071648285e-02
2.739999999999998437e+00,4.957505247551709515e-01,-1.239796690786996829e-02,-1.461394043114779169e-02,4.957511626034396546e-01,-1.240301142893020236e-02,-1.459495357023956122e-02,4.913585227055584648e-01,-3.359419974042579526e-02,8.981703015919828559e-03
2.750000000000000000e+00,4.946417327763913963e-01,-1.263299395398853088e-02,-3.091759262730413640e-02,4.946431241579355986e-01,-1.263792451619350811e-02,-3.089960559474043758e-02,4.916229769846269804e-01,-3.369405725510224436e-02,-1.343425606321846377e-02
2.759999999999998010e+00,4.928234977523750504e-01,-1.284772145043004167e-02,-4.679916078013980629e-02,4.928256024679086300e-01,-1.285260871536456073e-02,-4.678168679514731199e-02,4.910952886365007597e-01,-3.170679178693938671e-02,-3.384636781911021242e-02
2.769999999999999574e+00,4.903512465177904400e-01,-1.304236794516884339e-02,-6.220547416793298368e-02,4.903538349812739949e-01,-1.304724650498650593e-02,-6.218952178476649245e-02,4.898614193512224047e-01,-3.021298109895334538e-02,-4.989811482462069847e-02
2.779999999999997584e+00,4.872830651170745875e-01,-1.321736501483825044e-02,-7.709433455428844895e-02,4.872860952057326278e-01,-1.322215664665066757e-02,-7.707947629007361190e-02,4.879081262496238747e-01,-2.889445344608865263e-02,-6.683939321601894967e-02
2.789999999999999147e+00,4.836780876167641741e-01,-1.337331445836238697e-02,-9.143366812162574686e-02,4.836813877657072380e-01,-1.337785977131334368e-02,-9.142020529878597257e-02,4.847347433228507141e-01,-2.592887321634448905e-02,-8.587434580440322929e-02
2.800000000000000711e+00,4.795951682000333949e-01,-1.351095004283384485e-02,-1.052005863666726909e-01,4.795986696643426139e-01,-1.351505253259296067e-02,-1.051883660183945690e-01,4.802972582414815061e-01,-2.336700830219165526e-02,-1.041530705248403521e-01
2.809999999999998721e+00,4.750918171721643102e-01,-1.363110340730261036e-02,-1.183804009720851869e-01,4.750953687208929188e-01,-1.363455342347293445e-02,-1.183695645263820873e-01,4.749473241414080560e-01,-2.201026817380880019e-02,-1.218748880901082687e-01
2.820000000000000284e+00,4.702233764069737032e-01,-1.373467435603504400e-02,-1.309656301390445532e-01,4.702268516189803127e-01,-1.373732498715800332e-02,-1.309562062891108658e-01,4.695118133739889510e-01,-1.956067010903983494e-02,-1.374036309151412949e-01
2.829999999999998295e+00,4.650424069127956916e-01,-1.382260560648201561e-02,-1.429550261656048205e-01,4.650456359992248823e-01,-1.382438569565978652e-02,-1.429471310062868650e-01,4.613658754386145144e-01,-1.714864316873249139e-02,-1.571171712111110175e-01
2.839999999999999858e+00,4.595982603755881524e-01,-1.389586126616391103e-02,-1.543526466014180365e-01,4.596011557377010504e-01,-1.389684089150161790e-02,-1.543461907993723126e-01,4.530028423660523718e-01,-1.514085654529295777e-02,-1.745910717145811031e-01
2.849999999999997868e+00,4.539368066004560442e-01,-1.395540930625153997e-02,-1.651669853330398063e-01,4.539392707045779018e-01,-1.395575682697764754e-02,-1.651619130389158085e-01,4.456350575481874410e-01,-1.398740804820911010e-02,-1.879684838737198938e-01
2.859999999999999432e+00,4.481002904148318478e-01,-1.400220714757390364e-02,-1.754101739816872896e-01,4.481023509803903626e-01,-1.400215406775697120e-02,-1.754062175253346956e-01,4.348701773652037250e-01,-1.187439072348314695e-02,-2.054092751174263487e-01
2.869999999999997442e+00,4.421272933905563418e-01,-1.403719047734014631e-02,-1.850972596768152567e-01,4.421289647147319535e-01,-1.403683855775779248e-02,-1.850942326830036511e-01,4.249322943126304652e-01,-1.008871297025218383e-02,-2.200989731744340538e-01
2.879999999999999005e+00,4.360527783983323413e-01,-1.406126453451802399e-02,-1.942455612989565650e-01,4.360541071305760741e-01,-1.406063630442714284e-02,-1.942432681798765826e-01,4.168240354285319693e-01,-8.800738604746422000e-03,-2.306350032581208076e-01
2.890000000000000568e+00,4.299081975226657915e-01,-1.407529775900911127e-02,-2.028741035234472301e-01,4.299092173449289844e-01,-1.407425399954971915e-02,-2.028724122436574295e-01,4.025642186160851566e-01,-6.735309921019505541e-03,-2.478139303293408480e-01
2.899999999999998579e+00,4.237216466410883564e-01,-1.408011732671941678e-02,-2.110031257477980871e-01,4.237223630885673664e-01,-1.407858577798612107e-02,-2.110019621378249888e-01,3.915549100501759527e-01,-5.377782886429482989e-03,-2.596536154487129044e-01
2.910000000000000142e+00,4.175180525482035665e-01,-1.407650624701416685e-02,-2.186536614881597895e-01,4.175184854466243989e-01,-1.407448917113462983e-02,-2.186529407776454659e-01,3.781339144646196360e-01,-4.126866446973909142e-03,-2.726694579948103492e-01
2.919999999999998153e+00,4.113193809183370298e-01,-1.406520187358211056e-02,-2.258471828437152995e-01,4.113195673542323627e-01,-1.406290731157246524e-02,-2.258468006796635341e-01,3.665270449146472709e-01,-2.741050906255149133e-03,-2.825729747245286916e-01
2.929999999999999716e+00,4.051448556699265846e-01,-1.404689539260672859e-02,-2.326053040396509619e-01,4.051448363611588332e-01,-1.404453494161186228e-02,-2.326051661237891199e-01,3.529145108277388365e-01,-1.347716290403228045e-03,-2.935315362301972320e-01
2.939999999999997726e+00,3.990111822094524197e-01,-1.402223216591846205e-02,-2.389495378676509130e-01,3.990109610693049480e-01,-1.401997031249256273e-02,-2.389496066405489283e-01,3.376670297003298016e-01,-1.357290135103883522e-04,-3.037332459937224227e-01
2.949999999999999289e+00,3.929327687551795178e-01,-1.399181275824705299e-02,-2.449010988692159330e-01,3.929323425974409201e-01,-1.398959657515607899e-02,-2.449013598828235494e-01,3.253402823884721240e-01,1.219227162808145248e-03,-3.110789999475105372e-01
2.960000000000000853e+00,3.869219414118628686e-01,-1.395619439437092470e-02,-2.504807473283777730e-01,3.869213271635871254e-01,-1.395383965462264342e-02,-2.504811740394645159e-01,3.126703694181025561e-01,3.793353724445530650e-03,-3.172761249898650160e-01
2.969999999999998863e+00,3.809891498600240789e-01,-1.391589276528211808e-02,-2.557086685022719741e-01,3.809883582813601288e-01,-1.391319069106826053e-02,-2.557092453911286034e-01,3.051170935465894463e-01,5.452444331337208405e-03,-3.211149850578581821e-01
2.980000000000000426e+00,3.751431615261233699e-01,-1.387138411032198988e-02,-2.606043819481798640e-01,3.751421757414665215e-01,-1.386822649968989102e-02,-2.606051167701145532e-01,2.957469918166519829e-01,7.400278649161623479e-03,-3.249357647547729266e-01
2.989999999999998437e+00,3.693912429245454487e-01,-1.382310738227758747e-02,-2.651866762799131583e-01,3.693900893270911090e-01,-1.381960164245136374e-02,-2.651875274170541474e-01,2.889683302845778012e-01,9.296999128366428833e-03,-3.270405460330987335e-01
3.000000000000000000e+00,3.637702039635695717e-01,-1.377200136100679463e-02,-2.694631714883224949e-01,3.637691372072494600e-01,-1.376821026994984841e-02,-2.694639422998711398e-01,2.831340165866100822e-01,1.116796657704022255e-02,-3.286849217531608858e-01
3.009999999999998010e+00,3.585690752821901195e-01,-1.372243708571251573e-02,-2.733297418910370369e-01,3.585695701760635568e-01,-1.371847369888793029e-02,-2.733294532176470670e-01,2.787227963620196869e-01,1.382347969256106368e-02,-3.294495239671997311e-01
3.019999999999999574e+00,3.544887790973949571e-01,-1.368311264566276358e-02,-2.764495410021789445e-01,3.544859099611618047e-01,-1.367895234987349939e-02,-2.764508281140939938e-01,2.769667144580432172e-01,1.576703281887006924e-02,-3.293008148604683605e-01
3.029999999999997584e+00,3.520752482971891140e-01,-1.365930603674161622e-02,-2.784673320569907018e-01,3.520683242967013737e-01,-1.365489028658949458e-02,-2.784710992903133842e-01,2.768198903878341666e-01,1.748505013521975404e-02,-3.284602496720939735e-01
3.039999999999999147e+00,3.515747915934531176e-01,-1.365387214157231556e-02,-2.791966081850418280e-01,3.515622461226247109e-01,-1.364907585723739054e-02,-2.792043821734159215e-01,2.785517332160500903e-01,1.923374567745361752e-02,-3.267792622890736132e-01
3.050000000000000711e+00,3.530457807327672670e-01,-1.366758529930246248e-02,-2.785565899603432705e-01,3.530285790854632566e-01,-1.366255866297108774e-02,-2.785678309158701182e-01,2.822557910702712114e-01,2.001384267591702071e-02,-3.239191039810077610e-01
3.059999999999998721e+00,3.564098884056445260e-01,-1.369904457936060513e-02,-2.765202670678588714e-01,3.563894746036978534e-01,-1.369389341729246486e-02,-2.765341359103498653e-01,2.875934723999965525e-01,2.143859377237186670e-02,-3.216107883375544096e-01
3.070000000000000284e+00,3.614948742120651093e-01,-1.374503266530683297e-02,-2.730869435036299420e-01,3.614720907887867818e-01,-1.373980636088711210e-02,-2.731031465045610784e-01,2.951145714260582364e-01,2.197754986179098480e-02,-3.188077668383458851e-01
3.079999999999998295e+00,3.680689760333408223e-01,-1.380106532031174192e-02,-2.682702698288417231e-01,3.680436769656513785e-01,-1.379581620951773370e-02,-2.682894532805070176e-01,3.058377534518218477e-01,2.212961945966729349e-02,-3.143484734462339558e-01
3.089999999999999858e+00,3.758675611490516766e-01,-1.386196709470144742e-02,-2.620948408848253197e-01,3.758400255847927363e-01,-1.385674908682114209e-02,-2.621173316184933766e-01,3.168689001721319842e-01,2.228685619591322387e-02,-3.092197438740590387e-01
3.099999999999997868e+00,3.846131777251737272e-01,-1.392238018276629324e-02,-2.545966835499502978e-01,3.845849501086699984e-01,-1.391723604299821039e-02,-2.546214727271110534e-01,3.278158335220936470e-01,2.236455246105001349e-02,-3.036958191200562762e-01
3.109999999999999432e+00,3.940302619877859014e-01,-1.397716596527307474e-02,-2.458248251301335396e-01,3.940020852734190671e-01,-1.397212486153119604e-02,-2.458515431297813025e-01,3.426456930859567152e-01,2.211664947415539761e-02,-2.953049857409855150e-01
3.119999999999997442e+00,4.038556429296014660e-01,-1.402169164173038517e-02,-2.358424753033608878e-01,4.038280367331233967e-01,-1.401678020056748575e-02,-2.358708531127019781e-01,3.574777949631808838e-01,2.205174591661906991e-02,-2.856065472523254822e-01
3.129999999999999005e+00,4.138457845860717410e-01,-1.405201170903733199e-02,-2.247272213184981771e-01,4.138178700205490390e-01,-1.404726147399225876e-02,-2.247587567236638828e-01,3.756879693806118858e-01,2.189324070012985124e-02,-2.718512944735853587e-01
3.140000000000000568e+00,4.237815009311866055e-01,-1.406496199970632029e-02,-2.125701411028944332e-01,4.237525068500846981e-01,-1.406042427601850164e-02,-2.126066063794062044e-01,3.926342960341367982e-01,2.133547725049964039e-02,-2.574122558552411899e-01
3.149999999999998579e+00,4.334707076832582939e-01,-1.405818539334347320e-02,-1.994739972940160755e-01,4.334412293275415884e-01,-1.405389655417634172e-02,-1.995154199752807445e-01,4.076176327076715955e-01,1.954419078467542481e-02,-2.431336419264431559e-01
3.160000000000000142e+00,4.427496464169820012e-01,-1.403010754372215584e-02,-1.855507795577571450e-01,4.427204807907755835e-01,-1.402608166731733608e-02,-1.855966897063860976e-01,4.206889991452695821e-01,1.859951899513062612e-02,-2.278930846695589318e-01
3.169999999999998153e+00,4.514829240896836016e-01,-1.397987825915537885e-02,-1.709188783601980899e-01,4.514551191078152725e-01,-1.397612383154919237e-02,-1.709681008758955068e-01,4.379895692097079962e-01,1.909851208496299302e-02,-2.043898708270737163e-01
3.179999999999999716e+00,4.595626457390848962e-01,-1.390729125232850749e-02,-1.557001434149578312e-01,4.595368507356206722e-01,-1.390379674871862134e-02,-1.557517968928678054e-01,4.474385391089455988e-01,1.785000455818441800e-02,-1.889463589648847641e-01
3.189999999999997726e+00,4.669068706186436657e-01,-1.381269253270084145e-02,-1.400170305849782471e-01,4.668832160019311672e-01,-1.380941479134337006e-02,-1.400710665576926639e-01,4.568316416370244992e-01,1.592305863261919696e-02,-1.714444583927251520e-01
3.199999999999999289e+00,4.734575858612685151e-01,-1.369688476835881005e-02,-1.239899867815850709e-01,4.734363453846102132e-01,-1.369379321061343392e-02,-1.240460183446466802e-01,4.686992886699329341e-01,1.403477046083284607e-02,-1.442996067340056587e-01
3.210000000000000853e+00,4.791783617930500117e-01,-1.356103350790613740e-02,-1.077351718417508125e-01,4.791598289134922362e-01,-1.355809760650407945e-02,-1.077925414778668350e-01,4.775475712630207203e-01,1.211362032723470317e-02,-1.190180332106888228e-01
3.219999999999998863e+00,4.840518272517640441e-01,-1.340657867095498661e-02,-9.136257241218835590e-02,4.840359543365652661e-01,-1.340380539116639222e-02,-9.142148317404262536e-02,4.835801250691987851e-01,1.003357665332421655e-02,-9.764495026400954458e-02
3.230000000000000426e+00,4.880770794270489765e-01,-1.323515405347035732e-02,-7.497452779998074746e-02,4.880642715992553615e-01,-1.323258876165491968e-02,-7.503325048282111220e-02,4.875879082480394366e-01,7.531910026376292810e-03,-8.076775074310726943e-02
3.239999999999998437e+00,4.912671209356005986e-01,-1.304851632228368891e-02,-5.866466090563421387e-02,4.912571969785317627e-01,-1.304623236462284543e-02,-5.872344058520354015e-02,4.911022179307844571e-01,5.166226137009011232e-03,-6.359044722784679138e-02
3.250000000000000000e+00,4.936463968439422922e-01,-1.284848378856744654e-02,-4.251718759918775986e-02,4.936394464793774084e-01,-1.284656434120564662e-02,-4.257441804854122935e-02,4.936816369705367968e-01,2.768143885283042005e-03,-4.682391275423236632e-02
3.259999999999998010e+00,4.952484857644525729e-01,-1.263688522454889211e-02,-2.660656559268250593e-02,4.952442747214744756e-01,-1.263538516425725088e-02,-2.666222668919919145e-02,4.958692652057645756e-01,1.375264898779704481e-04,-2.715035269278576191e-02
3.269999999999999574e+00,4.961139828797990758e-01,-1.241551829550894930e-02,-1.099743646014054478e-02,4.961123118968883139e-01,-1.241446304226811667e-02,-1.105092480534551093e-02,4.963888126799347877e-01,-2.480469008304286849e-03,-1.327527480355616962e-02
3.279999999999997584e+00,4.962885985036249448e-01,-1.218611669945929461e-02,4.255189131727049774e-03,4.962892132960309843e-01,-1.218546463309381871e-02,4.204126681765701055e-03,4.963869945905999836e-01,-5.255793125627988838e-03,-3.928430545238947857e-03
3.289999999999999147e+00,4.958214836334196018e-01,-1.195032547215046578e-02,1.910555160143952158e-02,4.958241421452938558e-01,-1.195008330370665554e-02,1.905659769300837442e-02,4.960557766866758311e-01,-8.471706784820537406e-03,1.023805448064230017e-02
3.300000000000000711e+00,4.947637841910007550e-01,-1.170968319522662331e-02,3.351661535716361079e-02,4.947682182025740505e-01,-1.170985196094312224e-02,3.347029429926884347e-02,4.950034723005353743e-01,-1.127229162169524068e-02,2.340206133789768383e-02
3.309999999999998721e+00,4.931674178227250516e-01,-1.146561031135637405e-02,4.745943659766937300e-02,4.931733864534375567e-01,-1.146624825041895473e-02,4.741565692838795032e-02,4.931610343862125601e-01,-1.416663000922957494e-02,3.946258782092615380e-02
3.320000000000000284e+00,4.910840613507316821e-01,-1.121940250717640489e-02,6.091246361800481401e-02,4.910912892109811079e-01,-1.122059268403351531e-02,6.087145645366126567e-02,4.909512354745669827e-01,-1.777642994040898317e-02,5.173037131481550421e-02
3.329999999999998295e+00,4.885643328866551838e-01,-1.097222824054314323e-02,7.386080153286943284e-02,4.885725623563805242e-01,-1.097398608655907742e-02,7.382264048209977170e-02,4.882890188678612464e-01,-2.068416700259043117e-02,6.473763700280688038e-02
3.339999999999999858e+00,4.856571500386759332e-01,-1.072512967063279747e-02,8.629546782351045497e-02,4.856661787902454841e-01,-1.072742465814081197e-02,8.626001068493681367e-02,4.843802925048303898e-01,-2.395392946809965506e-02,8.060252338937301531e-02
3.349999999999997868e+00,4.824092443296499333e-01,-1.047902619828994589e-02,9.821265975309574625e-02,4.824188950294597822e-01,-1.048175907469336109e-02,9.817976535748978995e-02,4.800299146353989577e-01,-2.677692308472859328e-02,9.681643269513473538e-02
3.359999999999999432e+00,4.788648116418481870e-01,-1.023471979039353510e-02,1.096130497836015627e-01,4.788750113492052929e-01,-1.023778356206758722e-02,1.095823168111566270e-01,4.739001305436482125e-01,-3.043162096986806731e-02,1.151695023301073650e-01
3.370000000000000995e+00,4.750652789087121963e-01,-9.992901955449834048e-03,1.205011208573878445e-01,4.750759490139092600e-01,-9.996115521425300368e-03,1.204723045595779696e-01,4.678951758321234222e-01,-3.319126770373187485e-02,1.305475321996371063e-01
3.379999999999999005e+00,4.710491683909896476e-01,-9.754161345179736264e-03,1.308845494753899941e-01,4.710602097410244160e-01,-9.757238605138385257e-03,1.308575398300588499e-01,4.611930843350932063e-01,-3.597916844346055187e-02,1.454401014071682319e-01
3.390000000000000568e+00,4.668520421948161303e-01,-9.518992102396218666e-03,1.407736415084531456e-01,4.668633967498369564e-01,-9.521712941458711221e-03,1.407482612947885681e-01,4.550138225138365411e-01,-3.877181857312966828e-02,1.579884663331895256e-01
3.399999999999998579e+00,4.625065114181869386e-01,-9.287802337896083893e-03,1.501808229673315398e-01,4.625180440008411220e-01,-9.290011697791266537e-03,1.501571060398353141e-01,4.448373922409749048e-01,-4.099011792947934718e-02,1.772757752842414325e-01
3.410000000000000142e+00,4.580422960516301600e-01,-9.060922517251362301e-03,1.591201859695272891e-01,4.580539082042294763e-01,-9.062678176234994706e-03,1.590980793600193233e-01,4.349300400256048693e-01,-4.358337784023116890e-02,1.930035633750345481e-01
3.419999999999998153e+00,4.534863235287481253e-01,-8.838613778587835201e-03,1.676070885930100729e-01,4.534979233339051508e-01,-8.840021326738863386e-03,1.675865403138326326e-01,4.224138525259329979e-01,-4.319075825653204137e-02,2.099532845343642373e-01
3.429999999999999716e+00,4.488628556139102055e-01,-8.621075710851159798e-03,1.756578061064512364e-01,4.488744136366424331e-01,-8.622303556216917575e-03,1.756386605965386538e-01,4.086075415530449062e-01,-4.094656994035256181e-02,2.284044413705452747e-01
3.439999999999997726e+00,4.441936348854412797e-01,-8.408453818880650549e-03,1.832892303484064678e-01,4.442051098836674039e-01,-8.409616149066136137e-03,1.832713839702506675e-01,3.886170407261000381e-01,-3.463387908932941128e-02,2.553226898723515159e-01
3.449999999999999289e+00,4.394980436279193881e-01,-8.200846406278541542e-03,1.905186134762455463e-01,4.395094023948215023e-01,-8.202020333642940503e-03,1.905019710872711824e-01,3.929987388863610542e-01,-4.321651156244163405e-02,2.587500252845842397e-01
3.460000000000000853e+00,4.347932692665500976e-01,-7.998310945652849224e-03,1.973633520766668314e-01,4.348045095397883864e-01,-7.999555971754404582e-03,1.973477856878636805e-01,3.839267616640473779e-01,-3.105895635390742981e-02,2.630836420657556296e-01
3.469999999999998863e+00,4.300944716867113882e-01,-7.800869835041731280e-03,2.038408075345660708e-01,4.301055706907140341e-01,-7.802229042166402249e-03,2.038262394022078705e-01,3.761374107821384705e-01,-2.733764276890138234e-02,2.691202997430711674e-01
3.480000000000000426e+00,4.254149487965724896e-01,-7.608515631859187091e-03,2.099681586317431736e-01,4.254259122776706814e-01,-7.610082494410038735e-03,2.099544827010056125e-01,3.724356027339921216e-01,-2.831351659900602225e-02,2.706647570960750704e-01
3.489999999999998437e+00,4.207662975804510319e-01,-7.421215779512296828e-03,2.157622824991911603e-01,4.207770430020985053e-01,-7.423093472250745853e-03,2.157495225188151011e-01,3.695300123079987564e-01,-2.953209034252940457e-02,2.715636198333439832e-01
3.500000000000000000e+00,4.161839816138515613e-01,-7.239750036419067940e-03,2.212198873539867050e-01,4.161946404174001191e-01,-7.241970697559876533e-03,2.212078257704689355e-01,3.686397041715889777e-01,-3.127714253184998849e-02,2.704537276792607914e-01
3.509999999999998010e+00,4.119122769658210559e-01,-7.071553015102437917e-03,2.261607758272921043e-01,4.119233023790724313e-01,-7.074062508169083087e-03,2.261488721815382297e-01,3.679463247634809919e-01,-3.235498917971627031e-02,2.694282772929247338e-01
3.519999999999999574e+00,4.085358662721353395e-01,-6.935088393394167779e-03,2.300911485175025362e-01,4.085477355601984661e-01,-6.937786057633460110e-03,2.300788393062043469e-01,3.682702737509629953e-01,-3.298322250551719015e-02,2.681456473497360049e-01
3.529999999999997584e+00,4.065204001841792869e-01,-6.846360976798978627e-03,2.325612282801873543e-01,4.065348145768057919e-01,-6.849275289425622512e-03,2.325459315144691175e-01,3.695743334360162002e-01,-3.360001860133426943e-02,2.657747788681831258e-01
3.539999999999999147e+00,4.060855192317303075e-01,-6.814181904383689349e-03,2.333464286148177746e-01,4.060999096586255797e-01,-6.817303804396069103e-03,2.333309569485396973e-01,3.720962205575640835e-01,-3.435346837622013649e-02,2.624196991746279295e-01
3.550000000000000711e+00,4.072870955213371280e-01,-6.842074035533447784e-03,2.323584589252076504e-01,4.073001792156524248e-01,-6.845278586387982221e-03,2.323445588258592487e-01,3.757508452564959356e-01,-3.477281380842300873e-02,2.582801088748820639e-01
3.559999999999998721e+00,4.100555313534270385e-01,-6.929613008698149237e-03,2.295873599460591663e-01,4.100677577009283481e-01,-6.932753499063577622e-03,2.295744841311824769e-01,3.811001325381933036e-01,-3.514455541125779958e-02,2.538377809441363375e-01
3.570000000000000284e+00,4.142312139934046789e-01,-7.073567007670983862e-03,2.250676507712335017e-01,4.142437756938286975e-01,-7.076425297340645931e-03,2.250541088881643781e-01,3.873691975505526575e-01,-3.562997187648980768e-02,2.485018352182944978e-01
3.579999999999998295e+00,4.195954493641106953e-01,-7.268816120172912412e-03,2.188604403290357325e-01,4.196083308052622751e-01,-7.271414197990690165e-03,2.188460589758656483e-01,3.945408336673418281e-01,-3.666329595225550908e-02,2.419669006758793373e-01
3.589999999999999858e+00,4.258960664395459172e-01,-7.509070447273870352e-03,2.110450470407082002e-01,4.259100180427984328e-01,-7.511227130329288688e-03,2.110284570589517072e-01,4.022383671915222836e-01,-3.799322343910940813e-02,2.343540891031323792e-01
3.599999999999997868e+00,4.328677201162818289e-01,-7.787416649741859404e-03,2.017155575216048324e-01,4.328837176848595036e-01,-7.788729790624456840e-03,2.016946410652946942e-01,4.149274516438746785e-01,-4.043734174598151432e-02,2.209754182778107534e-01
3.609999999999999432e+00,4.402473875261428971e-01,-8.096725646376529487e-03,1.909794180391685414e-01,4.402653339965932888e-01,-8.097075491006591741e-03,1.909533623247924861e-01,4.252975074136516875e-01,-4.089278050808461962e-02,2.091405388346546657e-01
3.620000000000000995e+00,4.477857326461340826e-01,-8.429951014222242939e-03,1.789564185529403384e-01,4.478049762765662356e-01,-8.429569096767657727e-03,1.789253035101581735e-01,4.345664843118773879e-01,-4.186810775364110948e-02,1.967857632583467353e-01
3.629999999999999005e+00,4.552550280199790800e-01,-8.780343207775161141e-03,1.657772952935560873e-01,4.552755847135220857e-01,-8.779530521512592459e-03,1.657400489860361148e-01,4.441349956107065733e-01,-4.268354322845266391e-02,1.824384017935508639e-01
3.640000000000000568e+00,4.624542625254851047e-01,-9.141598736475221865e-03,1.515817147805390008e-01,4.624754761283219606e-01,-9.140535619879725654e-03,1.515382601532097862e-01,4.535060428328305804e-01,-4.293476909304835831e-02,1.671392818990329321e-01
3.649999999999998579e+00,4.692119829346203530e-01,-9.507959263801607150e-03,1.365156990324424835e-01,4.692326625097457682e-01,-9.506678668481604449e-03,1.364672777435272377e-01,4.630068690373997375e-01,-4.154928759034448582e-02,1.487404863379907516e-01
3.660000000000000142e+00,4.753873387953714280e-01,-9.874271449557612060e-03,1.207286881554266306e-01,4.754064686593977296e-01,-9.872745381950322544e-03,1.206767615163970020e-01,4.701264398812381451e-01,-3.968875792024204041e-02,1.298176130802053407e-01
3.669999999999998153e+00,4.808697322332985413e-01,-1.023601634741154627e-02,1.043704745130266676e-01,4.808866183618591417e-01,-1.023421877586979181e-02,1.043163340750134643e-01,4.774752021513256617e-01,-3.743764533641072423e-02,1.077121815940289551e-01
3.679999999999999716e+00,4.855774169143801111e-01,-1.058931463009751828e-02,8.758822551462698558e-02,4.855918923867009740e-01,-1.058728734694452077e-02,8.753193029849599960e-02,4.826369380995017000e-01,-3.571396369213758470e-02,8.807458090203057477e-02
3.689999999999997726e+00,4.894553408658448568e-01,-1.093091323496269036e-02,7.052376870171714329e-02,4.894674674955522553e-01,-1.092877337868086544e-02,7.046427637562859003e-02,4.859767872964328994e-01,-3.401698266148867056e-02,7.035517551327252761e-02
3.699999999999999289e+00,4.924724838740699995e-01,-1.125815772031281935e-02,5.331126063128625164e-02,4.924820784720184141e-01,-1.125605055089793152e-02,5.324811807192264546e-02,4.893228200520083337e-01,-3.108768824189583890e-02,5.102644568712921824e-02
3.710000000000000853e+00,4.946188998657922720e-01,-1.156895411070099459e-02,3.607531045310488627e-02,4.946253067384198121e-01,-1.156702051755794172e-02,3.601212096150942926e-02,4.915393860190420128e-01,-2.828574970009259393e-02,3.478087003458385507e-02
3.719999999999998863e+00,4.959026372708227326e-01,-1.186172334080328773e-02,1.892958517701706297e-02,4.959058320102409101e-01,-1.186018838337575716e-02,1.886794477802483314e-02,4.932487378526109190e-01,-2.517699927671945836e-02,1.522211168073639431e-02
3.730000000000000426e+00,4.963466756066620689e-01,-1.213535100146913119e-02,1.975888704028015870e-03,4.963468735936347742e-01,-1.213450761181764266e-02,1.913904286072049422e-03,4.939902139557196259e-01,-2.204641289356853995e-02,-1.398136817665096565e-03
3.739999999999998437e+00,4.959859846231026714e-01,-1.238913497153460233e-02,-1.469631881600501171e-02,4.959833034825071318e-01,-1.238919453373739377e-02,-1.475611729180968494e-02,4.940579367488104889e-01,-1.883088785510933505e-02,-1.486982065963671218e-02
3.750000000000000000e+00,4.948647836735988736e-01,-1.262273237262617059e-02,-3.101001201780571176e-02,4.948595344581440125e-01,-1.262377173433165342e-02,-3.106681630451117379e-02,4.936021201940030689e-01,-1.444281130663627177e-02,-3.085946430738606416e-02
3.759999999999998010e+00,4.930340537056479011e-01,-1.283610772826073755e-02,-4.690036184436350425e-02,4.930263979182307743e-01,-1.283798552747196162e-02,-4.695533274605762780e-02,4.924730563572538022e-01,-1.155000336058142896e-02,-4.542668631296675752e-02
3.769999999999999574e+00,4.905493327700187201e-01,-1.302948353653556914e-02,-6.231423144884076087e-02,4.905395781670317534e-01,-1.303194973958172326e-02,-6.236675128638931309e-02,4.907193271153134084e-01,-7.919303947680728095e-03,-5.933864178011327706e-02
3.779999999999997584e+00,4.874688081573694820e-01,-1.320329377573117337e-02,-7.720946948862784931e-02,4.874573619946552250e-01,-1.320606450082201407e-02,-7.725879923496437041e-02,4.880564779779514861e-01,-3.851895086497858500e-03,-7.414666262852409595e-02
3.789999999999999147e+00,4.838517040835569327e-01,-1.335814169160100089e-02,-9.155405973739080827e-02,4.838387797875978169e-01,-1.336112966646807280e-02,-9.160052836412406474e-02,4.858228259566362839e-01,-1.073986970867246704e-03,-8.344705829764853533e-02
3.800000000000000711e+00,4.797569532142021975e-01,-1.349476129160563642e-02,-1.053251794559217913e-01,4.797429687847659663e-01,-1.349806910741431845e-02,-1.053682491297348173e-01,4.807563763880317032e-01,2.408515250359150039e-03,-1.019970705660003807e-01
3.809999999999998721e+00,4.752421324279037518e-01,-1.361398362053522874e-02,-1.185082121182680082e-01,4.752273519953899017e-01,-1.361792933216427609e-02,-1.185479487622687345e-01,4.759418059559794578e-01,4.800000793741487914e-03,-1.163786180027224226e-01
3.820000000000000284e+00,4.703626384283852713e-01,-1.371670716219517729e-02,-1.310957516125001443e-01,4.703473288807974995e-01,-1.372151599249402977e-02,-1.311321870124415312e-01,4.711219163456549230e-01,7.061573023910971969e-03,-1.287884189880567076e-01
3.829999999999998295e+00,4.651710757903089188e-01,-1.380387261490554490e-02,-1.430866279003949748e-01,4.651554663667462064e-01,-1.380958340092100847e-02,-1.431198773175004213e-01,4.646842891552241950e-01,1.084241504322672189e-02,-1.438818705120047392e-01
3.839999999999999858e+00,4.597168291449671429e-01,-1.387644162221828535e-02,-1.544849765889317883e-01,4.597009530489457596e-01,-1.388282741284868269e-02,-1.545155571232322556e-01,4.570961889167501901e-01,1.311728767536990414e-02,-1.597565861464895764e-01
3.849999999999997868e+00,4.540457914962939823e-01,-1.393537922084147999e-02,-1.652993685839486415e-01,4.540297180706393543e-01,-1.394213332766807215e-02,-1.653276037123472542e-01,4.499420031479055559e-01,1.482008778617813216e-02,-1.737501796435996226e-01
3.859999999999999432e+00,4.482002220467593556e-01,-1.398163963092476439e-02,-1.755420103793012276e-01,4.481840427146485117e-01,-1.398856930775803711e-02,-1.755681004421463520e-01,4.396706747405704219e-01,1.651883066666054445e-02,-1.918399036891464959e-01
3.870000000000000995e+00,4.422187089344629118e-01,-1.401615511698558331e-02,-1.852280209152688262e-01,4.422024478897845223e-01,-1.402319615466912292e-02,-1.852522278979802928e-01,4.299372317670021593e-01,1.765255219462155689e-02,-2.067233363935140344e-01
3.879999999999999005e+00,4.361362148095876412e-01,-1.403982733566388336e-02,-1.943747871381863168e-01,4.361199237321986555e-01,-1.404695950754866231e-02,-1.943972741834795459e-01,4.203098424971393188e-01,1.835547368431478255e-02,-2.201267455649361660e-01
3.890000000000000568e+00,4.299841857502446074e-01,-1.405352105238224202e-02,-2.030013975604642307e-01,4.299677121667281887e-01,-1.406064406421164356e-02,-2.030226064131968322e-01,4.111573903213766590e-01,1.845640588902403012e-02,-2.319718061109120599e-01
3.899999999999998579e+00,4.237907067952702556e-01,-1.405805975684365668e-02,-2.111281508780004090e-01,4.237742823022027094e-01,-1.406510146215332602e-02,-2.111479063921559152e-01,3.990319741859440494e-01,1.901704010011370793e-02,-2.459022835392550288e-01
3.910000000000000142e+00,4.175806899718648713e-01,-1.405422276306300330e-02,-2.187761351971163615e-01,4.175642665625035055e-01,-1.406104797820213574e-02,-2.187946654561479798e-01,3.843532534471301165e-01,1.946694038387813963e-02,-2.609454535739321734e-01
3.919999999999998153e+00,4.113760830693646287e-01,-1.404274381802933860e-02,-2.259668724617213686e-01,4.113598430664227590e-01,-1.404925681700896697e-02,-2.259840793603290210e-01,3.750780247321203742e-01,1.951050640226659194e-02,-2.693254938634096485e-01
3.929999999999999716e+00,4.051960897555191843e-01,-1.402431054691038320e-02,-2.327220220477597690e-01,4.051800892020835931e-01,-1.403048871296243283e-02,-2.327379689504816551e-01,3.619512223178896759e-01,1.930155348846157581e-02,-2.803661965680810386e-01
3.939999999999997726e+00,3.990573934658036559e-01,-1.399956487749353697e-02,-2.390631373432494933e-01,3.990417018359802559e-01,-1.400548222342820268e-02,-2.390778596482438234e-01,3.491710615317679123e-01,2.002313344415473928e-02,-2.895088957955449516e-01
3.949999999999999289e+00,3.929743792993606322e-01,-1.396910407877544232e-02,-2.450114691247869680e-01,3.929590242249266785e-01,-1.397491504210762389e-02,-2.450250368771627607e-01,3.405719984754770335e-01,2.056874980300882338e-02,-2.950216288606440918e-01
3.960000000000000853e+00,3.869593495904978808e-01,-1.393348218164564868e-02,-2.505878097853579400e-01,3.869443789473598905e-01,-1.393935960414074623e-02,-2.506002646583343485e-01,3.321623291494704144e-01,2.113215732618395348e-02,-2.997456842918270192e-01
3.969999999999998863e+00,3.810227299999954798e-01,-1.389321186655809170e-02,-2.558123728330850000e-01,3.810080373206743976e-01,-1.389935564490784280e-02,-2.558238977294258198e-01,3.247172100726941624e-01,2.158042271272497814e-02,-3.038008753416572283e-01
3.980000000000000426e+00,3.751732640388487638e-01,-1.384876647330305667e-02,-2.607047024978364491e-01,3.751587971944290167e-01,-1.385525785699660839e-02,-2.607154144347334501e-01,3.189627211532581885e-01,2.207313832163795841e-02,-3.062877410337395689e-01
3.989999999999998437e+00,3.694181946742755018e-01,-1.380058226997987227e-02,-2.652836087790636510e-01,3.694039537024172981e-01,-1.380742001189395191e-02,-2.652935684485787093e-01,3.154777176116205784e-01,2.247698738958867071e-02,-3.075448256275791215e-01
4.000000000000000000e+00,3.637881291520891347e-01,-1.374948980566119937e-02,-2.695588300645467283e-01,3.637743251968943436e-01,-1.375655797001434401e-02,-2.695679446853658789e-01,3.126935690732945972e-01,2.295013522839473019e-02,-3.085491745287703980e-01
4.009999999999998010e+00,3.585365810098464223e-01,-1.369945458382712360e-02,-2.734441844744220362e-01,3.585254604883719720e-01,-1.370665191019412865e-02,-2.734511688552622721e-01,3.115655303686120092e-01,2.343606175400916869e-02,-3.085294231000358378e-01
4.019999999999999574e+00,3.543695715382611522e-01,-1.365944357980797448e-02,-2.766098062419426462e-01,3.543591201454236450e-01,-1.366664343354280324e-02,-2.766149598024011946e-01,3.119260183444653167e-01,2.381026914139808270e-02,-3.078624802457063936e-01
4.029999999999997584e+00,3.518529006008044302e-01,-1.363489559793532035e-02,-2.786896577531394747e-01,3.518377808264917528e-01,-1.364199197368464074e-02,-2.786978298376960317e-01,3.146259628351262272e-01,2.406684190618918473e-02,-3.054392645565759956e-01
4.039999999999999147e+00,3.512446696376647637e-01,-1.362877404535128498e-02,-2.794898336545320605e-01,3.512244170251000441e-01,-1.363573666257448212e-02,-2.795018314602066289e-01,3.184978832677052285e-01,2.395740138459223623e-02,-3.023619374473099919e-01
4.050000000000000711e+00,3.526119215110538052e-01,-1.364197274940267234e-02,-2.789255267192058407e-01,3.525890679307264186e-01,-1.364881348536574335e-02,-2.789395157672320824e-01,3.235100833804267495e-01,2.334708323478923431e-02,-2.990909829824140997e-01
4.059999999999998721e+00,3.558823812213287030e-01,-1.367319344267304247e-02,-2.769675498660417179e-01,3.558577859572710222e-01,-1.367991390345162962e-02,-2.769831601351293027e-01,3.295996139274839365e-01,2.278520483407636688e-02,-2.958216149944591367e-01
4.070000000000000284e+00,3.608877300789955500e-01,-1.371929125385755281e-02,-2.736138801712698077e-01,3.608615135284455877e-01,-1.372589133405091415e-02,-2.736314276091176834e-01,3.398037261498830786e-01,2.155975168766607886e-02,-2.904096158528409743e-01
4.079999999999998295e+00,3.673984540045999170e-01,-1.377582079198818969e-02,-2.688771171114746616e-01,3.673708420517278195e-01,-1.378230949088391118e-02,-2.688968602373683625e-01,3.503204358254972117e-01,2.026819964804904561e-02,-2.844617808185536667e-01
4.089999999999999858e+00,3.751508904888447571e-01,-1.383761440922172577e-02,-2.627808085007580785e-01,3.751237350478113242e-01,-1.384401117577234788e-02,-2.628013893231460618e-01,3.616314232657376060e-01,1.859304461067456948e-02,-2.771914790440296317e-01
4.099999999999997868e+00,3.838676047233727795e-01,-1.389929680385343369e-02,-2.553598549239650684e-01,3.838419095482476506e-01,-1.390560193209573921e-02,-2.553805009972229811e-01,3.735417057045679057e-01,1.747614203766550967e-02,-2.687210896937572979e-01
4.109999999999999432e+00,3.932723548850527995e-01,-1.395569307504676559e-02,-2.466620969401975838e-01,3.932468659760568475e-01,-1.396188957659564266e-02,-2.466843816598822681e-01,3.885761435368008110e-01,1.566268061149853064e-02,-2.564168183998529749e-01
4.120000000000000995e+00,4.031007995050474579e-01,-1.400212182568088583e-02,-2.367495600763291352e-01,4.030742688114917205e-01,-1.400820218923242225e-02,-2.367753680338528510e-01,4.013272939575230902e-01,1.405272525664880146e-02,-2.451208205439417975e-01
4.129999999999999005e+00,4.131078990267388895e-01,-1.403458210528713869e-02,-2.256987224012507731e-01,4.130801526135414181e-01,-1.404055631555260406e-02,-2.257289399617296299e-01,4.166888687142044079e-01,1.251327679983355035e-02,-2.287981875299230916e-01
4.140000000000000568e+00,4.230727567251110210e-01,-1.404985186057184678e-02,-2.135996907611574513e-01,4.230444096689182087e-01,-1.405578800894991681e-02,-2.136342033907956406e-01,4.297566144244557851e-01,1.072682644981887146e-02,-2.134207272134827083e-01
4.149999999999998579e+00,4.328014708280401579e-01,-1.404551710874405411e-02,-2.005544406610696440e-01,4.327733987398169058e-01,-1.405149642935481571e-02,-2.005925878815031926e-01,4.412051114659224504e-01,8.060348486144675029e-03,-1.979987388309890628e-01
4.160000000000000142e+00,4.421284385706644171e-01,-1.401995001374097688e-02,-1.866743853239793693e-01,4.421014047755583154e-01,-1.402601934531991223e-02,-1.867154304818228472e-01,4.525538943730100794e-01,5.705815107047818024e-03,-1.800243907053090675e-01
4.169999999999998153e+00,4.509164588116753025e-01,-1.397225197056944923e-02,-1.720775586787453570e-01,4.508910043679871249e-01,-1.397838506263298503e-02,-1.721209532576898626e-01,4.621218156362335572e-01,3.684040394870469193e-03,-1.617672620783549009e-01
4.179999999999999716e+00,4.590559135399403523e-01,-1.390217425233126157e-02,-1.568856685486002267e-01,4.590323959705804313e-01,-1.390828075687476802e-02,-1.569310053217617129e-01,4.710617185327607981e-01,1.260912274313158443e-03,-1.411334062500279041e-01
4.189999999999997726e+00,4.664632603612504647e-01,-1.381002686425858959e-02,-1.412212274149293456e-01,4.664418182951499681e-01,-1.381602159540503381e-02,-1.412683948327733974e-01,4.768815095505684054e-01,-5.213731919518627134e-04,-1.245341054348009235e-01
4.199999999999999289e+00,4.730790316132866824e-01,-1.369658301818907874e-02,-1.252049137748362240e-01,4.730599822097155682e-01,-1.370241269178592604e-02,-1.252532745849871398e-01,4.822509374483301414e-01,-2.096061073250249374e-03,-1.065356103681739386e-01
4.210000000000000853e+00,4.788655057205776777e-01,-1.356298499861784482e-02,-1.089532660198879038e-01,4.788490742766122188e-01,-1.356865428864994887e-02,-1.090020917147979523e-01,4.876586435779600714e-01,-4.672174462588080113e-03,-8.532695533244605279e-02
4.219999999999998863e+00,4.838041903677681721e-01,-1.341065535048062592e-02,-9.257676657441549217e-02,4.837904297831303047e-01,-1.341617051081171220e-02,-9.262556280913333828e-02,4.908272050184081525e-01,-7.199688240819596130e-03,-6.954411995386688972e-02
4.230000000000000426e+00,4.878932334807252191e-01,-1.324121575152332163e-02,-7.617833803564171002e-02,4.878821039005665217e-01,-1.324656879210375955e-02,-7.622675048807231457e-02,4.936429521737356607e-01,-9.738988675766779846e-03,-5.210015793670286222e-02
4.239999999999998437e+00,4.911448559134119485e-01,-1.305641543114195897e-02,-5.985224606391110341e-02,4.911362541547781291e-01,-1.306157479978528602e-02,-5.990008487098339579e-02,4.957648440881171625e-01,-1.251999997923880503e-02,-3.454043082377578067e-02
4.250000000000000000e+00,4.935828798645577886e-01,-1.285806922219177167e-02,-4.368338318882357407e-02,4.935766695801921400e-01,-1.286299711260863697e-02,-4.373062479896128868e-02,4.966693299222952329e-01,-1.457779102556222561e-02,-2.148009926967375804e-02
4.259999999999998010e+00,4.952404081966270133e-01,-1.264800578904233010e-02,-2.774689545555901471e-02,4.952364526201985528e-01,-1.265269096934011975e-02,-2.779363393282284142e-02,4.972253994685830181e-01,-1.722563434551210859e-02,-7.475963381025962917e-03
4.269999999999999574e+00,4.961576936110984049e-01,-1.242802541099457050e-02,-1.210810561629205827e-02,4.961559092498766810e-01,-1.243247653891523322e-02,-1.215354505435708651e-02,4.970804111573302597e-01,-2.055242580074292946e-02,7.182820393173083851e-03
4.279999999999997584e+00,4.963802221336679477e-01,-1.219986656188215210e-02,3.177316841371485411e-03,4.963804405221185490e-01,-1.220409840715865925e-02,3.132802584763557524e-03,4.963855900655127495e-01,-2.277592865833358293e-02,1.761763743627242640e-02
4.289999999999999147e+00,4.959570231335870272e-01,-1.196518069978342799e-02,1.806298766273923065e-02,4.959590686533130732e-01,-1.196919142453866693e-02,1.802033849888726169e-02,4.951232144244654965e-01,-2.492401919185360804e-02,3.098209880192437371e-02
4.300000000000000711e+00,4.949392081735091153e-01,-1.172551403255048773e-02,3.251128937351734083e-02,4.949428985012441773e-01,-1.172928053633806415e-02,3.247034652132665955e-02,4.935222667167981636e-01,-2.736617962926468639e-02,4.192592247331872191e-02
4.309999999999998721e+00,4.933787330341002919e-01,-1.148229535691236772e-02,4.649274486871989714e-02,4.933838506340239571e-01,-1.148577705386871761e-02,4.645384580860618257e-02,4.909341881382262018e-01,-3.000046692988878050e-02,5.692798763767625836e-02
4.320000000000000284e+00,4.913273713471734139e-01,-1.123682926641820894e-02,5.998532107596970392e-02,4.913337187554211449e-01,-1.123999492377847874e-02,5.994850073390330797e-02,4.885560486153454618e-01,-3.216206364776447169e-02,6.796397459818470654e-02
4.329999999999998295e+00,4.888358840916882109e-01,-1.099029325988827577e-02,7.297369497308459074e-02,4.888433161571795749e-01,-1.099326663205491168e-02,7.293873274076645430e-02,4.851044819487351223e-01,-3.459453813454238524e-02,8.278403693694358356e-02
4.339999999999999858e+00,4.859533665091584353e-01,-1.074373852248741192e-02,8.544850878865641042e-02,4.859616662317556846e-01,-1.074679557755532124e-02,8.541559407305381046e-02,4.812045764333568454e-01,-3.677413649135757856e-02,9.542732741607928837e-02
4.349999999999997868e+00,4.827267526260412001e-01,-1.049809325166712812e-02,9.740563576340903473e-02,4.827358512339275931e-01,-1.050166080270647367e-02,9.737435865864542406e-02,4.770038280440113132e-01,-3.898595817286340526e-02,1.079635928554083524e-01
4.359999999999999432e+00,4.792004571790700052e-01,-1.025416793181654386e-02,1.088454729678994121e-01,4.792101254425336632e-01,-1.025878626545276805e-02,1.088160827591447971e-01,4.723623270115370198e-01,-4.051842594196891634e-02,1.204162359621575584e-01
4.370000000000000995e+00,4.754161351461390073e-01,-1.001266204103123947e-02,1.197722732682714314e-01,4.754263064684127738e-01,-1.001873418142509332e-02,1.197445013415545517e-01,4.651712209493784611e-01,-4.252395412786041939e-02,1.381330421143024401e-01
4.379999999999999005e+00,4.714125400731311033e-01,-9.774171823301324585e-03,1.301935247195648016e-01,4.714230186476958684e-01,-9.781890960197719628e-03,1.301675361833764810e-01,4.584515332941021537e-01,-4.383538332900793755e-02,1.527977952103192205e-01
4.390000000000000568e+00,4.672254638222809731e-01,-9.539198427941127448e-03,1.401193824022800294e-01,4.672361877386086992e-01,-9.548183975848795885e-03,1.400950243782240201e-01,4.527827557628395505e-01,-4.491042027805899894e-02,1.640893212944247725e-01
4.399999999999998579e+00,4.628877419503771851e-01,-9.308156414017909955e-03,1.495621551848349551e-01,4.628986057963651035e-01,-9.317769014876912254e-03,1.495394249699913414e-01,4.468556942860900660e-01,-4.566961108002590142e-02,1.751648564979073619e-01
4.409999999999996589e+00,4.584293107405880141e-01,-9.081382145442944837e-03,1.585358477367846963e-01,4.584402516939030114e-01,-9.090782261838729894e-03,1.585146702465642932e-01,4.376850692764990836e-01,-4.642002731290259532e-02,1.903549976497639351e-01
4.420000000000001705e+00,4.538773036585720955e-01,-8.859142106077655746e-03,1.670557565807740119e-01,4.538882717250341536e-01,-8.867747532246436637e-03,1.670360375506610706e-01,4.291298103523650820e-01,-4.603912250245259519e-02,2.033102252058350823e-01
4.429999999999999716e+00,4.492561767974602716e-01,-8.641640701746432576e-03,1.751381177437928982e-01,4.492671589885667838e-01,-8.649157421943361526e-03,1.751197021288563027e-01,4.214811348568539007e-01,-3.593689865650318005e-02,2.181724375740308197e-01
4.439999999999997726e+00,4.445878544591734816e-01,-8.429027775516769252e-03,1.827998028236060279e-01,4.445987522286452553e-01,-8.435538131842197987e-03,1.827826968778780148e-01,4.091466395657277211e-01,-2.333692014436866691e-02,2.399759016230962327e-01
4.449999999999995737e+00,4.398918875931971395e-01,-8.221405490022832413e-03,1.900580597092515756e-01,4.399026490842355419e-01,-8.227025424684869526e-03,1.900421941301387585e-01,4.028110157958493254e-01,-2.262134863174031230e-02,2.459460911245751058e-01
4.460000000000000853e+00,4.351856191295664922e-01,-8.018834713138031992e-03,1.969302939648832629e-01,4.351962192135322982e-01,-8.023739901668066818e-03,1.969155667774662166e-01,3.970141749467709369e-01,-2.239864259475246588e-02,2.513905611571759513e-01
4.469999999999998863e+00,4.304843514652358372e-01,-7.821340865881570847e-03,2.034338867759047931e-01,4.304947782876962226e-01,-7.825606555761246627e-03,2.034201968881774736e-01,3.940048966295887078e-01,-2.331278421565435854e-02,2.521913286874372107e-01
4.479999999999996874e+00,4.258015124084579273e-01,-7.628919188335980990e-03,2.095860454087002389e-01,4.258117843922883394e-01,-7.632621476403731592e-03,2.095732649560112515e-01,3.917285930849315756e-01,-2.435353448802460297e-02,2.529820308653325522e-01
4.489999999999994884e+00,4.211488167715790043e-01,-7.441539445887980671e-03,2.154036822947090757e-01,4.211588746614055578e-01,-7.444730910296689687e-03,2.153918033326240600e-01,3.900618979344472326e-01,-2.563583325886231723e-02,2.532259087569638245e-01
4.499999999999992895e+00,4.165575201577092490e-01,-7.259841157443727711e-03,2.208868281253380528e-01,4.165674784580357670e-01,-7.262621058650825870e-03,2.208756536882356958e-01,3.889138717406369627e-01,-2.630211901461970703e-02,2.527966708139841590e-01
4.509999999999998010e+00,4.122466061747674937e-01,-7.090451858371973545e-03,2.258772632059584951e-01,4.122576869724015047e-01,-7.092953973710201809e-03,2.258654147619957864e-01,3.883550418195439446e-01,-2.671203806047775520e-02,2.526007332447830489e-01
4.519999999999996021e+00,4.088029888168882020e-01,-6.951806455408430195e-03,2.298830445955876711e-01,4.088153314730491594e-01,-6.954112271674052319e-03,2.298696661723440282e-01,3.887338763674438313e-01,-2.720450740820945512e-02,2.512070525870540028e-01
4.529999999999994031e+00,4.067058339288717739e-01,-6.860276521920556474e-03,2.324411206853929657e-01,4.067156198551811208e-01,-6.862257977521703418e-03,2.324308974558748353e-01,3.903665022622010428e-01,-2.783234361855085881e-02,2.484994073924587932e-01
4.539999999999992042e+00,4.061835412318857141e-01,-6.824950982941706094e-03,2.333188903797608904e-01,4.061890136587857913e-01,-6.826590730934141774e-03,2.333140193846474364e-01,3.926352640971838559e-01,-2.851169170094638994e-02,2.450987381827967049e-01
4.549999999999997158e+00,4.072989280085272945e-01,-6.849569452438081588e-03,2.324235211096316867e-01,4.073048207660740494e-01,-6.851124399365483494e-03,2.324180122831965567e-01,3.957421976147991183e-01,-2.908306047087311219e-02,2.408615008191867801e-01
4.559999999999995168e+00,4.099875639640485070e-01,-6.933868772573274601e-03,2.297426067670850225e-01,4.099930938047435802e-01,-6.935347091026590471e-03,2.297373414146005877e-01,4.002225834887535028e-01,-2.953499132197695554e-02,2.366858631316236528e-01
4.569999999999993179e+00,4.140933856207504871e-01,-7.074731579000075217e-03,2.253093589023725529e-01,4.140992872471753738e-01,-7.076177333953390450e-03,2.253032999508468581e-01,4.058523377185236924e-01,-3.008118159101225153e-02,2.306182490788258876e-01
4.579999999999991189e+00,4.193998682007876733e-01,-7.267114719962501808e-03,2.191841205329763953e-01,4.194064746707492075e-01,-7.268529695869283339e-03,2.191766542744867929e-01,4.156569708626250970e-01,-2.972092495993944317e-02,2.202604142655185671e-01
4.589999999999996305e+00,4.256558914271769689e-01,-7.504775792777333351e-03,2.114456558876031400e-01,4.256626673195126331e-01,-7.506121371803721638e-03,2.114373312109468495e-01,4.254310086488987119e-01,-3.019664190650001023e-02,2.079723422255085330e-01
4.599999999999994316e+00,4.325962916532363756e-01,-7.780826884831700332e-03,2.021875582382517689e-01,4.326023925885647547e-01,-7.782063413840050424e-03,2.021795214253951367e-01,4.337967633391768274e-01,-2.920019904778772823e-02,1.978239927389555675e-01
4.609999999999992326e+00,4.399575784565788461e-01,-8.088147900575633556e-03,1.915167974279050611e-01,4.399628078492828775e-01,-8.089272826729767760e-03,1.915093875565043735e-01,4.439194265999526490e-01,-2.772563711817377374e-02,1.844651311786056347e-01
4.619999999999997442e+00,4.474894855971001673e-01,-8.419689563878188232e-03,1.795527151274325661e-01,4.474944426649711260e-01,-8.420727526306433577e-03,1.795448987957066755e-01,4.535718101759457221e-01,-2.691154806367471175e-02,1.688584280065587029e-01
4.629999999999995453e+00,4.549630463863640895e-01,-8.768690968285813500e-03,1.664256600815916809e-01,4.549676406119803063e-01,-8.769643011200797811e-03,1.664175262893872187e-01,4.632064545268730349e-01,-2.554540245782041530e-02,1.511540507869477690e-01
4.639999999999993463e+00,4.621758258889854809e-01,-9.128831412644172749e-03,1.522750066055117146e-01,4.621803273688747660e-01,-9.129710009612292815e-03,1.522658243236410802e-01,4.698764132111187264e-01,-2.447101097076126441e-02,1.369031417913253446e-01
4.649999999999998579e+00,4.689548616921448976e-01,-9.494331428172200771e-03,1.372466061257394121e-01,4.689580796626637849e-01,-9.495145924833199580e-03,1.372392361225152901e-01,4.767502802489548275e-01,-2.268301426821336952e-02,1.193131676051003565e-01
4.659999999999989484e+00,4.751577863635508825e-01,-9.860014258232118259e-03,1.214898642737414491e-01,4.751596487091154786e-01,-9.860858764080345992e-03,1.214851100986885368e-01,4.825535891728216509e-01,-2.109253995137536086e-02,1.008057387032285090e-01
4.669999999999994600e+00,4.806725363617118663e-01,-1.022133628414337823e-02,1.051546775990651467e-01,4.806729823864624440e-01,-1.022231273088097629e-02,1.051537325276633572e-01,4.870877575068641718e-01,-1.948964905157440919e-02,8.171660448259632226e-02
4.679999999999999716e+00,4.854159942414532636e-01,-1.057439336300661052e-02,8.838844883880886405e-02,4.854156538182805014e-01,-1.057563145453064082e-02,8.839037822657078158e-02,4.901778210280608450e-01,-1.779560418609466010e-02,6.438004593666524222e-02
4.689999999999990621e+00,4.893318612811446977e-01,-1.091590801475660760e-02,7.133335688156926258e-02,4.893310794569372124e-01,-1.091743965605900674e-02,7.133781974221073408e-02,4.927323796495217678e-01,-1.645709838066933273e-02,4.536453802079254416e-02
4.699999999999995737e+00,4.923880133054002739e-01,-1.124320241938863395e-02,5.412400570606781813e-02,4.923872738708515162e-01,-1.124505048884292049e-02,5.412938389845978193e-02,4.940783792003925479e-01,-1.421930371516746949e-02,2.940609687108963755e-02
4.709999999999993747e+00,4.945735521147454072e-01,-1.155416063075163924e-02,3.688552553831502684e-02,4.945730318932051728e-01,-1.155628120071670525e-02,3.689087237058101543e-02,4.951009551053776603e-01,-1.228524842093048353e-02,1.122090259980079718e-02
4.719999999999991758e+00,4.958957273218072004e-01,-1.184718327093725425e-02,1.973215522964650095e-02,4.958953861131935592e-01,-1.184946744184204453e-02,1.973809660128605925e-02,4.953166289745217776e-01,-1.030275843898070809e-02,-4.896015524070929104e-03
4.729999999999996874e+00,4.963768685014193216e-01,-1.212113755165037353e-02,2.766299486368143518e-03,4.963767665545901209e-01,-1.212347843431843021e-02,2.772001325468093514e-03,4.951228095522387518e-01,-7.819735075579398176e-03,-1.840004126336103329e-02
4.739999999999994884e+00,4.960514355285841614e-01,-1.237530484229548179e-02,-1.392197155898510647e-02,4.960515779289363936e-01,-1.237750268615134611e-02,-1.391588061316107947e-02,4.943069347492012877e-01,-5.945105349966728348e-03,-3.235833730833459487e-02
4.749999999999992895e+00,4.949632660784423765e-01,-1.260932772921731677e-02,-3.025503035066834726e-02,4.949636355664109866e-01,-1.261114801082619322e-02,-3.024917217839798861e-02,4.928922453235342616e-01,-3.816893143841898484e-03,-4.817976733857420868e-02
4.759999999999998010e+00,4.931630738596303742e-01,-1.282315818282834044e-02,-4.616746735896263415e-02,4.931636405601628192e-01,-1.282424291768251984e-02,-4.616197064158401170e-02,4.912427530045990753e-01,-1.435495992625629436e-03,-5.972273193870802910e-02
4.769999999999996021e+00,4.907062294286120285e-01,-1.301700785183350188e-02,-6.160559785751913708e-02,4.907069554662975008e-01,-1.301705453326905230e-02,-6.160053401768002257e-02,4.889439755421325362e-01,1.027298014688010630e-03,-7.217243269112250115e-02
4.779999999999994031e+00,4.876508374796841294e-01,-1.319130175771380913e-02,-7.652676303172444017e-02,4.876515442485835350e-01,-1.319010121483228486e-02,-7.652281764603388603e-02,4.863417857338850903e-01,3.710275389182587924e-03,-8.379156661756936852e-02
4.789999999999999147e+00,4.840561101120420262e-01,-1.334663566725480428e-02,-9.089848481224067911e-02,4.840568314429445351e-01,-1.334427802728175086e-02,-9.089514867575934631e-02,4.834130894537473910e-01,5.758715666672326039e-03,-9.518703304722941905e-02
4.799999999999990052e+00,4.799810248156218262e-01,-1.348373756104740036e-02,-1.046975270477560477e-01,4.799815458886944608e-01,-1.348056013122645759e-02,-1.046953082464667367e-01,4.802192216098865041e-01,7.605843006710216736e-03,-1.059749077881785295e-01
4.809999999999995168e+00,4.754832478678494012e-01,-1.360343371086422670e-02,-1.179089090774672333e-01,4.754835994931887466e-01,-1.359980388452212627e-02,-1.179074084301011960e-01,4.751798562333984233e-01,8.917727241054024256e-03,-1.204711470889057168e-01
4.819999999999993179e+00,4.706182989102357106e-01,-1.370661893457901688e-02,-1.305249092140385314e-01,4.706183768454693661e-01,-1.370294023866430559e-02,-1.305242018218480404e-01,4.699365187786437303e-01,9.923810626754792086e-03,-1.338541224264404583e-01
4.829999999999991189e+00,4.654389293706984732e-01,-1.379423126854917303e-02,-1.425440884665111207e-01,4.654386972535743405e-01,-1.379065451054203861e-02,-1.425440888694437802e-01,4.637410609604173395e-01,1.029176836595460665e-02,-1.482362220244072271e-01
4.839999999999996305e+00,4.599946864932020207e-01,-1.386723039924216659e-02,-1.539703572299605805e-01,4.599941968630263389e-01,-1.386387189070978181e-02,-1.539708146256941745e-01,4.580829703321481761e-01,1.181558413224445547e-02,-1.601060551907618201e-01
4.849999999999994316e+00,4.543316347801300559e-01,-1.392658015336626677e-02,-1.648121015704779868e-01,4.543307584566794732e-01,-1.392340384577739169e-02,-1.648131953345878531e-01,4.515182609399540636e-01,1.250398259690721492e-02,-1.725965477684586746e-01
4.859999999999992326e+00,4.484922082710238178e-01,-1.397323410924755649e-02,-1.750813797130620630e-01,4.484910539662848028e-01,-1.397032571217498263e-02,-1.750828081225903332e-01,4.435726281243499436e-01,1.265597483599717465e-02,-1.867302799084791243e-01
4.869999999999997442e+00,4.425151688831271413e-01,-1.400812425008086080e-02,-1.847931949621275660e-01,4.425135646094083275e-01,-1.400556559614880847e-02,-1.847951950516488473e-01,4.344624723963517177e-01,1.246401148802311898e-02,-2.011071833588684576e-01
4.879999999999995453e+00,4.364356485567471577e-01,-1.403215235880557639e-02,-1.939648473719300381e-01,4.364337746962698161e-01,-1.403002959566219433e-02,-1.939670509708219803e-01,4.268991233833984156e-01,1.196182868427719814e-02,-2.122288628185965420e-01
4.889999999999993463e+00,4.302852556581583388e-01,-1.404618359900817320e-02,-2.026153635051694823e-01,4.302830635822844640e-01,-1.404454823356681217e-02,-2.026178129189609989e-01,4.174334001251709392e-01,1.138514341599453084e-02,-2.247197787539881864e-01
4.899999999999998579e+00,4.240922287410938685e-01,-1.405104200005389409e-02,-2.107650014666461458e-01,4.240897016341602099e-01,-1.404988943914710700e-02,-2.107676885101761322e-01,4.096467483300676449e-01,1.077822567691247291e-02,-2.343262661260862023e-01
4.909999999999989484e+00,4.178816233885552234e-01,-1.404750761576669012e-02,-2.184348268300018159e-01,4.178786319616453748e-01,-1.404677591733183295e-02,-2.184378981852683477e-01,4.000657741857389649e-01,9.883141139771900452e-03,-2.451237768524099359e-01
4.919999999999994600e+00,4.116755203376780692e-01,-1.403631500376882786e-02,-2.256463540424182568e-01,4.116722159149576177e-01,-1.403590822444986466e-02,-2.256495816183277381e-01,3.900363956646502039e-01,8.673669112624821098e-03,-2.555633313065059919e-01
4.929999999999999716e+00,4.054932453282188431e-01,-1.401815264630076885e-02,-2.324212473203519924e-01,4.054896600120823091e-01,-1.401794882953542702e-02,-2.324245821434316461e-01,3.802761994737633433e-01,7.832691364116101118e-03,-2.642720053680566172e-01
4.939999999999990621e+00,3.993515930318159435e-01,-1.399366336775339538e-02,-2.387810748433702446e-01,3.993478437479452414e-01,-1.399350370510693206e-02,-2.387843809955764174e-01,3.730895217558191090e-01,7.643401969332636048e-03,-2.700718748581931727e-01
4.949999999999995737e+00,3.932650492286631771e-01,-1.396344531938677191e-02,-2.447471100442954461e-01,3.932611976884502480e-01,-1.396313840580978675e-02,-2.447503316740764212e-01,3.649114753022134616e-01,6.462419586533540983e-03,-2.761949352620755027e-01
4.959999999999993747e+00,3.872460068177236425e-01,-1.392805341660260585e-02,-2.503401740396691832e-01,3.872422760527813868e-01,-1.392749008017899436e-02,-2.503430992871173433e-01,3.572745005264043039e-01,5.115663610127635375e-03,-2.817030870784050789e-01
4.969999999999991758e+00,3.813049724717410549e-01,-1.388800118274241199e-02,-2.555805135924595906e-01,3.813013875119283802e-01,-1.388702772250930903e-02,-2.555831494165855533e-01,3.537788453442763936e-01,4.902560993196802830e-03,-2.834756329319280121e-01
4.979999999999996874e+00,3.754507617844171086e-01,-1.384376280766255914e-02,-2.604877094251038527e-01,3.754471650016693030e-01,-1.384226988697938483e-02,-2.604902288496862006e-01,3.488016970410379169e-01,4.582003333868406303e-03,-2.860075563810586807e-01
4.989999999999994884e+00,3.696906815646552324e-01,-1.379577528229779249e-02,-2.650806101843466434e-01,3.696870658057562209e-01,-1.379387506396752804e-02,-2.650830240837492302e-01,3.464125436947560477e-01,4.232325360209121534e-03,-2.871332409512011852e-01
4.999999999999992895e+00,3.640589586585378234e-01,-1.374493135124372871e-02,-2.693677599869762629e-01,3.640553584255080688e-01,-1.374271985183114775e-02,-2.693700310147786880e-01,3.444677041650430205e-01,3.763138914222308173e-03,-2.882393972049891451e-01
5.009999999999998010e+00,3.588295761638266024e-01,-1.369543252241488436e-02,-2.732524744341737755e-01,3.588273214831630420e-01,-1.369299770744187260e-02,-2.732535881145750079e-01,3.441666940861783930e-01,3.414612347587248076e-03,-2.875915994873515791e-01
5.019999999999996021e+00,3.547053681450104134e-01,-1.365609168547194524e-02,-2.764004586752039083e-01,3.547007306786525427e-01,-1.365344389788797179e-02,-2.764017067997881494e-01,3.457588579674297780e-01,3.399497537944995429e-03,-2.856143074787267366e-01
5.029999999999994031e+00,3.522404397059085146e-01,-1.363225157101747610e-02,-2.784516801041052592e-01,3.522292842153498804e-01,-1.362939742844174705e-02,-2.784566526587637370e-01,3.483957246297952892e-01,3.129656177576156662e-03,-2.831481437771919962e-01
5.039999999999999147e+00,3.516860686760929777e-01,-1.362681075576219723e-02,-2.792164686134407936e-01,3.516656345722827259e-01,-1.362378284252783664e-02,-2.792280836364239294e-01,3.521580860975801475e-01,2.669078525485313325e-03,-2.800657069230798601e-01
5.049999999999990052e+00,3.531043925893325164e-01,-1.364059464793478116e-02,-2.786124163507000540e-01,3.530766668966298649e-01,-1.363745461408299650e-02,-2.786294295919072850e-01,3.571205694267945985e-01,2.084577775206236661e-03,-2.756380283907056139e-01
5.059999999999995168e+00,3.564197806341962149e-01,-1.367224861222368117e-02,-2.766117442017467232e-01,3.563858507717199142e-01,-1.366903979656054931e-02,-2.766338792207632125e-01,3.633185931090352483e-01,8.245364542092958882e-04,-2.717397375645695945e-01
5.069999999999993179e+00,3.614617840510701563e-01,-1.371859022779442147e-02,-2.732133907914184312e-01,3.614223122145883149e-01,-1.371535010952883507e-02,-2.732408984202243096e-01,3.717679195479510756e-01,-3.591855301046664728e-05,-2.663726528188695708e-01
5.079999999999991189e+00,3.679997022441207633e-01,-1.377515638515539390e-02,-2.684307749173427959e-01,3.679563139463071786e-01,-1.377193271272863020e-02,-2.684630986439402456e-01,3.798000222751631849e-01,-1.540254439005739329e-03,-2.604631124871582548e-01
5.089999999999996305e+00,3.757693965170218475e-01,-1.383677933896995844e-02,-2.622882590883460208e-01,3.757240848041469294e-01,-1.383361619032770669e-02,-2.623243831931285630e-01,3.893969500008169771e-01,-4.960514941023758118e-03,-2.527385665047705565e-01
5.099999999999994316e+00,3.844934810843119721e-01,-1.389809752009259561e-02,-2.548215901426918450e-01,3.844470645465302705e-01,-1.389501873094496284e-02,-2.548615056929787182e-01,3.982414584041810146e-01,-6.463759923695550080e-03,-2.449761069881408737e-01
5.109999999999992326e+00,3.938961445074207757e-01,-1.395395954390286908e-02,-2.460794694085101930e-01,3.938486583441894728e-01,-1.395097948272275984e-02,-2.461239584662937019e-01,4.084486134397550261e-01,-7.619602901007022089e-03,-2.350798952711684597e-01
5.119999999999997442e+00,4.037137457591227219e-01,-1.399971347901563662e-02,-2.361247590317283318e-01,4.036646936841682409e-01,-1.399684595665255313e-02,-2.361753401328289259e-01,4.211766455504274420e-01,-8.949206744104765132e-03,-2.212275897765093591e-01
5.129999999999995453e+00,4.137021289004909064e-01,-1.403139073014562747e-02,-2.250347078840405912e-01,4.136518697829663638e-01,-1.402867950152590464e-02,-2.250920369478672800e-01,4.317903621527070523e-01,-9.926625481662787465e-03,-2.086644105674372307e-01
5.139999999999993463e+00,4.236413952928786975e-01,-1.404580198546464924e-02,-2.129000927275133126e-01,4.235912211977196362e-01,-1.404332338140714710e-02,-2.129635005204589537e-01,4.416808973041633779e-01,-1.072009173630789070e-02,-1.950118690993691839e-01
5.149999999999998579e+00,4.333387007093885135e-01,-1.404056460295915153e-02,-1.998234335544494256e-01,4.332899036890831002e-01,-1.403836184061011544e-02,-1.998919045757152346e-01,4.507572989095642857e-01,-1.206656669139644089e-02,-1.811724840008329673e-01
5.159999999999989484e+00,4.426295151473809697e-01,-1.401407948563975804e-02,-1.859165492637625261e-01,4.425830487007050840e-01,-1.401214827213988559e-02,-1.859892471365804656e-01,4.617891624660014349e-01,-1.271481707907665126e-02,-1.617338079268231255e-01
5.169999999999994600e+00,4.513776901204668568e-01,-1.396547329159642317e-02,-1.712977372928207176e-01,4.513341328239546812e-01,-1.396379231130967860e-02,-1.713741498107057837e-01,4.693324535979791490e-01,-1.370367803226624215e-02,-1.454587992509700500e-01
5.179999999999999716e+00,4.594746124149822197e-01,-1.389451882802433987e-02,-1.560888316784404539e-01,4.594344711421000094e-01,-1.389307980379230270e-02,-1.561684222686196277e-01,4.762359767530532917e-01,-1.498228028243583920e-02,-1.273203321313280956e-01
5.189999999999990621e+00,4.668376756251367277e-01,-1.380154366800559126e-02,-1.404123447550335857e-01,4.668014347628394733e-01,-1.380036649780299295e-02,-1.404943138247219669e-01,4.810945417587170203e-01,-1.525637081966862985e-02,-1.119609231784081116e-01
5.199999999999995737e+00,4.734082642545876518e-01,-1.368733478983995798e-02,-1.243888436248585805e-01,4.733762770485876459e-01,-1.368644452236528371e-02,-1.244723267631781261e-01,4.860303867191306804e-01,-1.593615604473563874e-02,-9.365171934766036710e-02
5.209999999999993747e+00,4.791494154069488309e-01,-1.355304457557408512e-02,-1.081346614795925809e-01,4.791218071776878196e-01,-1.355245131714301159e-02,-1.082190730439925586e-01,4.893339023891953854e-01,-1.665221926055521218e-02,-7.816789254768330419e-02
5.219999999999991758e+00,4.840432968492422439e-01,-1.340010239866738784e-02,-9.176000020237073951e-02,4.840202231211702677e-01,-1.339979922821983235e-02,-9.184435016746915481e-02,4.921261004239885217e-01,-1.794130626721621158e-02,-6.263167472092123766e-02
5.229999999999996874e+00,4.880886167972619538e-01,-1.323013391612243989e-02,-7.536744483868104694e-02,4.880699925632642766e-01,-1.323009510227736441e-02,-7.545124884816917232e-02,4.946272172659246236e-01,-2.695831876130905247e-02,-4.326060845872903293e-02
5.239999999999994884e+00,4.912980586848932352e-01,-1.304488976428324828e-02,-5.905088365651649934e-02,4.912836365027184460e-01,-1.304508918649627605e-02,-5.913432769615531437e-02,4.953593912063377624e-01,-1.916013110311531875e-02,-2.769826246106776857e-02
5.249999999999992895e+00,4.936958141030596270e-01,-1.284618415032373791e-02,-4.289480778615786111e-02,4.936854878115192191e-01,-1.284658180289725317e-02,-4.297732634616976966e-02,4.964010776549021564e-01,-2.041752830455631496e-02,-1.385943683531221104e-02
5.259999999999998010e+00,4.953152686158899809e-01,-1.263584338791770220e-02,-2.697395155175879092e-02,4.953088608905369394e-01,-1.263641752684843342e-02,-2.705510446742969213e-02,4.972120815482763412e-01,-2.085208722553064109e-02,3.300538139732744902e-03
5.269999999999996021e+00,4.961968786986475366e-01,-1.241566407601729129e-02,-1.135322736542185816e-02,4.961941631724263169e-01,-1.241641697183772271e-02,-1.143280405125410640e-02,4.969910591285466861e-01,-2.094949183428279627e-02,1.613774263224954097e-02
5.279999999999994031e+00,4.963862637962958568e-01,-1.218738004523737747e-02,3.912094618641763326e-03,4.963869952858210310e-01,-1.218831476249861503e-02,3.835105507251665262e-03,4.960481430386550761e-01,-2.136634096392020510e-02,3.131040724539280173e-02
5.289999999999999147e+00,4.959325252766244030e-01,-1.195263738459068428e-02,1.877601112326168428e-02,4.959364099170261997e-01,-1.195379531383537405e-02,1.870141033822377355e-02,4.947968682383777628e-01,-2.137934484756570663e-02,4.408611988111610369e-02
5.299999999999990052e+00,4.948867941948177918e-01,-1.171297645636521639e-02,3.320126164998649793e-02,4.948934939409785350e-01,-1.171436812463678458e-02,3.312979017656882130e-02,4.928704844481113234e-01,-2.196772960720849710e-02,5.398073946000181422e-02
5.309999999999995168e+00,4.933010019491704257e-01,-1.146982008791368017e-02,4.715869822480856649e-02,4.933102267831887544e-01,-1.147134753955079620e-02,4.709019449447125055e-02,4.904549593838337662e-01,-2.222743801904097927e-02,6.788518200080340126e-02
5.319999999999993179e+00,4.912268620350440096e-01,-1.122446670706626383e-02,6.062658672209535193e-02,4.912383006655519635e-01,-1.122597132687860530e-02,6.056122070122118423e-02,4.872506061936590083e-01,-2.167972165861609124e-02,8.458563268870555873e-02
5.329999999999991189e+00,4.887150470029911764e-01,-1.097808784530962360e-02,7.358987178779761995e-02,4.887284108471214861e-01,-1.097936016685050788e-02,7.352767668315497718e-02,4.840817531425032350e-01,-2.251599619640326511e-02,9.599868463362359883e-02
5.339999999999996305e+00,4.858145421016529797e-01,-1.073172888952025027e-02,8.603943195304292191e-02,4.858296302255406540e-01,-1.073273199786074945e-02,8.598009034206104129e-02,4.810675145477903980e-01,-2.238356554557729972e-02,1.070804562900394830e-01
5.349999999999994316e+00,4.825721557347072976e-01,-1.048631247205680100e-02,9.797134613568637962e-02,4.825886510352289660e-01,-1.048713029450298526e-02,9.791510154273587452e-02,4.774890333056469593e-01,-2.286963745597631048e-02,1.186804984598276436e-01
5.359999999999992326e+00,4.790321665111260674e-01,-1.024264391024075696e-02,1.093861878334854015e-01,4.790499173675261124e-01,-1.024346168937026631e-02,1.093326949345532345e-01,4.720985625873284075e-01,-2.290253245185588926e-02,1.337753833851093033e-01
5.369999999999997442e+00,4.752360871398508269e-01,-1.000141789760617718e-02,1.202883588770497503e-01,4.752547876167024787e-01,-1.000240874818411965e-02,1.202378369998451102e-01,4.674990188035069716e-01,-2.289811310510034281e-02,1.452954660381984286e-01
5.379999999999995453e+00,4.712225263885838067e-01,-9.763226259702845883e-03,1.306854709092983846e-01,4.712420515398303977e-01,-9.763838535164220608e-03,1.306376747418872830e-01,4.622445349034335349e-01,-2.287999424600509202e-02,1.565754902297419315e-01
5.389999999999993463e+00,4.670271317818392998e-01,-9.528566156328858311e-03,1.405877794897305855e-01,4.670472760115853550e-01,-9.527981122177670362e-03,1.405427439354513530e-01,4.574351599089031550e-01,-2.262038918946487898e-02,1.664913430378461845e-01
5.399999999999998579e+00,4.626825973317741370e-01,-9.297848537192341875e-03,1.500076731785352779e-01,4.627032496426489172e-01,-9.295085960237035524e-03,1.499652357594455365e-01,4.521897793301845603e-01,-2.258981492767145327e-02,1.766419356803824448e-01
5.409999999999989484e+00,4.582187223747744564e-01,-9.071406599787912653e-03,1.589592178749277274e-01,4.582396569494696092e-01,-9.065668156354950505e-03,1.589194845559085689e-01,4.473417861097381820e-01,-2.210588479066413758e-02,1.848185649676303832e-01
5.419999999999994600e+00,4.536625093844517953e-01,-8.849503986784084883e-03,1.674577551040782319e-01,4.536836344181925940e-01,-8.841489973403868913e-03,1.674204898187151291e-01,4.413519047132686834e-01,-2.177380114978294534e-02,1.946799327909443100e-01
5.429999999999999716e+00,4.490382903588285846e-01,-8.632342648008663535e-03,1.755195518094563589e-01,4.490595002921460299e-01,-8.622824806560973679e-03,1.754845891457203766e-01,4.352469079348560976e-01,-2.102744383189686372e-02,2.036019050441961742e-01
5.439999999999990621e+00,4.443678730248334929e-01,-8.420070280486502065e-03,1.831614984030911775e-01,4.443890600018584047e-01,-8.409415201630521253e-03,1.831287268317107753e-01,4.296260015143914535e-01,-2.050385269920529385e-02,2.109212090947714113e-01
5.449999999999995737e+00,4.396706996186818817e-01,-8.212787215584166009e-03,1.904008513169495320e-01,4.396917824427860610e-01,-8.201346383243268701e-03,1.903701390826483542e-01,4.250256235074671984e-01,-1.974405090936842688e-02,2.165928598163823215e-01
5.459999999999993747e+00,4.349640123432053640e-01,-8.010552777366201568e-03,1.972550160443035383e-01,4.349849237604055952e-01,-7.998719436792390072e-03,1.972262316967320350e-01,4.210222102529032062e-01,-1.960258024805244803e-02,2.202146136062411719e-01
5.469999999999991758e+00,4.302630208063303874e-01,-7.813391084112034438e-03,2.037413665707125121e-01,4.302837034376626457e-01,-7.801397993200865147e-03,2.037143907401653964e-01,4.161227615120094425e-01,-1.778629175700727205e-02,2.259358765694120530e-01
5.479999999999996874e+00,4.255810677840925482e-01,-7.621296264508015811e-03,2.098770971507559757e-01,4.256015517735453613e-01,-7.609223474977358688e-03,2.098517135727977490e-01,4.136954460923418786e-01,-1.736270085841759570e-02,2.273205593792169132e-01
5.489999999999994884e+00,4.209297905241282112e-01,-7.434237197030981598e-03,2.156791025539846751e-01,4.209519928861784055e-01,-7.422313054346601699e-03,2.156527189635842057e-01,4.116153661440012934e-01,-1.666339031940067272e-02,2.287106079853600260e-01
5.499999999999992895e+00,4.163413345446405622e-01,-7.252883228151001463e-03,2.211466925381394832e-01,4.163649894014801456e-01,-7.241194477050048178e-03,2.211201612754508661e-01,4.107080212209892611e-01,-1.592415104017144700e-02,2.287565355241293341e-01
5.509999999999998010e+00,4.120403256785398205e-01,-7.084032930499929367e-03,2.261169936421370819e-01,4.120692205291903165e-01,-7.072806881848293231e-03,2.260864141317857068e-01,4.107043219772540388e-01,-1.541097729505042091e-02,2.275692002392688540e-01
5.519999999999996021e+00,4.086135208447659872e-01,-6.946113959624270959e-03,2.300980644298537270e-01,4.086465093665863635e-01,-6.935417970944400545e-03,2.300635234866160450e-01,4.113047433174366052e-01,-1.463891481294954389e-02,2.258085061083630052e-01
5.529999999999994031e+00,4.065373125131220289e-01,-6.855407814026997712e-03,2.326299826556318395e-01,4.065716284739629427e-01,-6.845040237685508580e-03,2.325946119908114118e-01,4.132819604227123689e-01,-1.387082062051048226e-02,2.226804919979334940e-01
5.539999999999999147e+00,4.060381841628497024e-01,-6.820938969883222694e-03,2.334819174507439810e-01,4.060732946945980748e-01,-6.810954001389412163e-03,2.334459145398728175e-01,4.153880770403659550e-01,-1.344258789786545449e-02,2.194940568194678754e-01
5.549999999999990052e+00,4.071773623472424442e-01,-6.846398892990888767e-03,2.325619393795163303e-01,4.072139694962269574e-01,-6.836814003599435939e-03,2.325237631757382240e-01,4.190386682208628866e-01,-1.293198529353523085e-02,2.139297850077277463e-01
5.559999999999995168e+00,4.098891852759214971e-01,-6.931490708106590078e-03,2.298580185997486092e-01,4.099268607670648046e-01,-6.922291720534220517e-03,2.298174872905785759e-01,4.230729515341995484e-01,-1.196095052311188511e-02,2.088866890624939687e-01
5.569999999999993179e+00,4.140167036833053982e-01,-7.073075069932040042e-03,2.254034564344121472e-01,4.140546088934475288e-01,-7.064220144004277648e-03,2.253609088677955841e-01,4.290376277352605516e-01,-1.120989905053809688e-02,2.021606606173730336e-01
5.579999999999991189e+00,4.193428099089505645e-01,-7.266096069334580278e-03,2.192585537297102039e-01,4.193811372136518889e-01,-7.257583306768819291e-03,2.192129888180164299e-01,4.362027404527764052e-01,-1.023913382828917085e-02,1.931518651643325812e-01
5.589999999999996305e+00,4.256160493867652272e-01,-7.504305470536914296e-03,2.115019898267064546e-01,4.256549387236189808e-01,-7.496133625184068887e-03,2.114523779000297976e-01,4.426606626361909713e-01,-1.050963043118824380e-02,1.846632142891350137e-01
5.599999999999994316e+00,4.325711182841021074e-01,-7.780814604779602746e-03,2.022272748598637759e-01,4.326096019573791307e-01,-7.772918393870785134e-03,2.021741904865830552e-01,4.484248661607740383e-01,-1.068981701296806142e-02,1.759167404380096444e-01
5.609999999999992326e+00,4.399445311826478688e-01,-8.088506187861745772e-03,1.915413139758879169e-01,4.399810872126462824e-01,-8.080780989783611923e-03,1.914864760118485665e-01,4.533815597636164929e-01,-9.905389907371803249e-03,1.686360912518403143e-01
5.619999999999997442e+00,4.474861307668437926e-01,-8.420336181744144527e-03,1.795634039451978747e-01,4.475196116276413671e-01,-8.412686233286273060e-03,1.795084146936757330e-01,4.600742370249533142e-01,-9.923142088959030493e-03,1.572724204749120780e-01
5.629999999999995453e+00,4.549671296677861854e-01,-8.769550459352752972e-03,1.664238626780435715e-01,4.549968023040744103e-01,-8.761984450016418666e-03,1.663700654756072039e-01,4.701465036714490564e-01,-1.027850433762153570e-02,1.364523862488455919e-01
5.639999999999993463e+00,4.621853161077278394e-01,-9.129835961438074327e-03,1.522620398973843214e-01,4.622113017621107822e-01,-9.122535233096931706e-03,1.522093719003905776e-01,4.776655660490508604e-01,-1.031371682660781053e-02,1.178886196174397938e-01
5.649999999999998579e+00,4.689679740347856840e-01,-9.495421324145710690e-03,1.372237614705026088e-01,4.689915541895904871e-01,-9.488629744199056706e-03,1.371694823646133765e-01,4.825748652469755706e-01,-1.046522196597193810e-02,1.031446264393970358e-01
5.659999999999989484e+00,4.751729898937088192e-01,-9.861137920061770548e-03,1.214584010754287263e-01,4.751940459941397243e-01,-9.854886583299049888e-03,1.214024231693788952e-01,4.870187925326796563e-01,-9.659718719796817066e-03,8.678206495583107305e-02
5.669999999999994600e+00,4.806885498806813262e-01,-1.022245005645047722e-02,1.051158136143375277e-01,4.807075843198223564e-01,-1.021671253895694957e-02,1.050561025267731097e-01,4.904363795964523653e-01,-9.450767576195506781e-03,7.008675057923585694e-02
5.679999999999999716e+00,4.854317738003677274e-01,-1.057546111550547278e-02,8.834334912541555451e-02,4.854483796463855971e-01,-1.057014606234380448e-02,8.828021750741878171e-02,4.923510320024826470e-01,-9.416342109969555452e-03,5.341054656080346241e-02
5.689999999999990621e+00,4.893465820237403174e-01,-1.091690061162862470e-02,7.128312295432759349e-02,4.893599953866452079e-01,-1.091190635184356370e-02,7.121897972407975619e-02,4.943367656064696636e-01,-8.951510640602844404e-03,3.815445141605300350e-02
5.699999999999995737e+00,4.924010477960124033e-01,-1.124409713402192527e-02,5.406966602685342460e-02,4.924110381352989063e-01,-1.123939454792669684e-02,5.400589000236968862e-02,4.948653110001667299e-01,-8.906407708466484996e-03,2.519347481527012267e-02
5.709999999999993747e+00,4.945844468720683729e-01,-1.155494045350593038e-02,3.682802801709029322e-02,4.945911450139341414e-01,-1.155050558756515015e-02,3.676445983865056499e-02,4.954763813709263109e-01,-8.842992623483425518e-03,6.292150508711014112e-03
5.719999999999991758e+00,4.959041788791959116e-01,-1.184783623803534018e-02,1.967236209952792636e-02,4.959077399309390621e-01,-1.184363744521261912e-02,1.960786699709083855e-02,4.956172499939336396e-01,-8.513021439440965343e-03,-7.152058055744148213e-03
5.729999999999996874e+00,4.963827000015181290e-01,-1.212165609775524636e-02,2.704984617231204636e-03,4.963830865031476081e-01,-1.211755952835651996e-02,2.641631909235254982e-03,4.951771344216058246e-01,-7.838758768990677916e-03,-2.051959442914264020e-02
5.739999999999994884e+00,4.960545745813529361e-01,-1.237568513423786994e-02,-1.398412306313502780e-02,4.960519920977914943e-01,-1.237144197711432733e-02,-1.404537112796784212e-02,4.940687779312169514e-01,-7.300938296772807590e-03,-3.586379223140190309e-02
5.749999999999992895e+00,4.949637243710959811e-01,-1.260956909257067958e-02,-3.031742050061403057e-02,4.949582976363350872e-01,-1.260553360013493690e-02,-3.037785849744808336e-02,4.930073350510137953e-01,-6.601740440785486275e-03,-4.738915615005501181e-02
5.759999999999998010e+00,4.931609288191857732e-01,-1.282326248107665267e-02,-4.622958196707726425e-02,4.931529408858918995e-01,-1.281994723218892254e-02,-4.628776694657647794e-02,4.914938267050205090e-01,-5.822890257971446992e-03,-5.836578649701373855e-02
5.769999999999996021e+00,4.907016080830488014e-01,-1.301697905406951593e-02,-6.166700185160306491e-02,4.906914070047566634e-01,-1.301497301469221012e-02,-6.172215909881088869e-02,4.895593765706579559e-01,-4.947563475890093265e-03,-6.942708307548572932e-02
5.779999999999994031e+00,4.876439025323929810e-01,-1.319114542660356632e-02,-7.658709485273949846e-02,4.876316797979028395e-01,-1.319048850383976873e-02,-7.663968623680679493e-02,4.874836763646791526e-01,-4.201409018495000369e-03,-7.967018139173576152e-02
5.789999999999999147e+00,4.840470481871761987e-01,-1.334635854580144311e-02,-9.095745010820688314e-02,4.840330013339304571e-01,-1.334677381810660084e-02,-9.100769149147375225e-02,4.851464789764672325e-01,-3.115264161403841214e-03,-8.950463801710628609e-02
5.799999999999990052e+00,4.799700366909391280e-01,-1.348334730813838603e-02,-1.047548921321220516e-01,4.799545850834068261e-01,-1.348439844371458751e-02,-1.048021580174313822e-01,4.825100685145521373e-01,-2.280808821122803920e-03,-9.946272953117463178e-02
5.809999999999995168e+00,4.754705406088793329e-01,-1.360293850014278501e-02,-1.179644941729364876e-01,4.754539604816580001e-01,-1.360458142002919993e-02,-1.180087582402483126e-01,4.791680456918697706e-01,-1.652830375159702880e-03,-1.105841696778669947e-01
5.819999999999993179e+00,4.706040795974361646e-01,-1.370602730542833277e-02,-1.305785819373011525e-01,4.705863383402900668e-01,-1.370840858367268662e-02,-1.306206024091002282e-01,4.749831179981580664e-01,-1.661503838083167039e-03,-1.222121331376784248e-01
5.829999999999991189e+00,4.654234003215471649e-01,-1.379355184315563150e-02,-1.425957574864068489e-01,4.654048485768480514e-01,-1.379681995895915003e-02,-1.426351507424338805e-01,4.703949363109060089e-01,-1.915574086284649313e-03,-1.339357861607292088e-01
5.839999999999996305e+00,4.599780416863580301e-01,-1.386647177960098620e-02,-1.540199663669127583e-01,4.599589241883961788e-01,-1.387058049581195614e-02,-1.540566864479956666e-01,4.659296239071819556e-01,-1.401471320213953931e-03,-1.443297991164316230e-01
5.849999999999994316e+00,4.543140573491780687e-01,-1.392575074470979619e-02,-1.648596243141048634e-01,4.542944258759064047e-01,-1.393047662004104174e-02,-1.648940272349025959e-01,4.609231295715487953e-01,-1.725788169048364518e-03,-1.552302134718697157e-01
5.859999999999992326e+00,4.484738688424064201e-01,-1.397234204545421722e-02,-1.751268142591853039e-01,4.484538835824365965e-01,-1.397758508063379895e-02,-1.751589655202510365e-01,4.544005222044064096e-01,-2.470182341796939296e-03,-1.683773836849030703e-01
5.869999999999997442e+00,4.424962246107600472e-01,-1.400717735305062606e-02,-1.848365597620800771e-01,4.424761876180235975e-01,-1.401290514287734795e-02,-1.848662630378119509e-01,4.483903358613925416e-01,-3.577694205807668837e-03,-1.795371127461548033e-01
5.879999999999995453e+00,4.364162427291066737e-01,-1.403115801388977145e-02,-1.940061771795978662e-01,4.363962462389461838e-01,-1.403720240106990161e-02,-1.940336152774144729e-01,4.425359952520138140e-01,-4.427855206863562376e-03,-1.894835059318646930e-01
5.889999999999993463e+00,4.302655177103369977e-01,-1.404514875566443936e-02,-2.026547059377457327e-01,4.302456847928142758e-01,-1.405127332894886942e-02,-2.026799855201506517e-01,4.344137471257026872e-01,-5.883510456878460193e-03,-2.018446777302570494e-01
5.899999999999998579e+00,4.240722745885219247e-01,-1.404997318517730957e-02,-2.108024140290793713e-01,4.240526272114719109e-01,-1.405573421872544429e-02,-2.108257782015997284e-01,4.272238169595330426e-01,-7.043959162099378002e-03,-2.120753044228728124e-01
5.909999999999989484e+00,4.178615560051288647e-01,-1.404641088412254303e-02,-2.184703743646133345e-01,4.178421872324487585e-01,-1.405149618050985198e-02,-2.184919264170805120e-01,4.186312596889082416e-01,-7.956182148068174920e-03,-2.230230203966850899e-01
5.919999999999994600e+00,4.116554304853075608e-01,-1.403519593349518077e-02,-2.256801065772615633e-01,4.116363084876826228e-01,-1.403938555275870657e-02,-2.257000860090157546e-01,4.128272100737798711e-01,-8.735888213416614922e-03,-2.297138586538348681e-01
5.929999999999999716e+00,4.054732123785504960e-01,-1.401701638994184464e-02,-2.324532782733426672e-01,4.054542777563838185e-01,-1.402031833425280809e-02,-2.324719099779102016e-01,4.048104091885279532e-01,-9.709271884553227761e-03,-2.384013343551116826e-01
5.939999999999990621e+00,3.993316858513767387e-01,-1.399251465025198350e-02,-2.388114595347718416e-01,3.993129341381848052e-01,-1.399506903801335349e-02,-2.388288672212071084e-01,3.965172073167100297e-01,-1.129495099686916859e-02,-2.471118488555190673e-01
5.949999999999995737e+00,3.932453270804421308e-01,-1.396228844782806261e-02,-2.447759244843066562e-01,3.932267905763179860e-01,-1.396425423242402507e-02,-2.447921748130453268e-01,3.915323447404189805e-01,-1.191545271373850579e-02,-2.516418293754930646e-01
5.959999999999993747e+00,3.872265202530651984e-01,-1.392689229795479079e-02,-2.503674939538367838e-01,3.872082402755415709e-01,-1.392843616089138072e-02,-2.503826347122478091e-01,3.840590669470056451e-01,-1.327578928183129059e-02,-2.579426984493173869e-01
5.969999999999991758e+00,3.812857641914957352e-01,-1.388683936098292909e-02,-2.556064136511494445e-01,3.812678315100142545e-01,-1.388807053434842724e-02,-2.556204423212888321e-01,3.784323273954240952e-01,-1.373723286223038631e-02,-2.622493241674948017e-01
5.979999999999996874e+00,3.754318674621358043e-01,-1.384260347610288648e-02,-2.605122626450643297e-01,3.754145093459732574e-01,-1.384359401873401507e-02,-2.605250537859946647e-01,3.741813516571032006e-01,-1.393442489901766668e-02,-2.651771545620166259e-01
5.989999999999994884e+00,3.696721306159897469e-01,-1.379462131911882335e-02,-2.651038874764584108e-01,3.696551907201428566e-01,-1.379540902350519065e-02,-2.651156735670377462e-01,3.713083910345227334e-01,-1.393935853385352974e-02,-2.668037523324315874e-01
5.999999999999992895e+00,3.640431555701493238e-01,-1.374382675461863039e-02,-2.693890292247319573e-01,3.640267884281416233e-01,-1.374442142539856505e-02,-2.693997779333658360e-01,3.693338662300835740e-01,-1.377461359769982518e-02,-2.678246221032229979e-01
6.009999999999998010e+00,3.588326041306292846e-01,-1.369458226454235705e-02,-2.732641721473260121e-01,3.588172585066539133e-01,-1.369500668906346343e-02,-2.732736904516349652e-01,3.678121404358859481e-01,-1.399009123647504405e-02,-2.685770137724237117e-01
6.019999999999996021e+00,3.547414072020309006e-01,-1.365560893631020956e-02,-2.763925170887061578e-01,3.547233124213356459e-01,-1.365583716347795219e-02,-2.764029257693930708e-01,3.681499667465536474e-01,-1.357862452284189225e-02,-2.677793805368077207e-01
6.029999999999994031e+00,3.523160520910001980e-01,-1.363219186191158561e-02,-2.784182779224019244e-01,3.522949877977806232e-01,-1.363226321472446080e-02,-2.784303212873633915e-01,3.694978987426339456e-01,-1.316188875250548507e-02,-2.658654996981161256e-01
6.039999999999999147e+00,3.518032873645092762e-01,-1.362718678813243725e-02,-2.791546249235832278e-01,3.517774156025547105e-01,-1.362711295756560345e-02,-2.791702222163841007e-01,3.714825251201708811e-01,-1.319439024543828110e-02,-2.638265338485389355e-01
6.049999999999990052e+00,3.532619277544612468e-01,-1.364137085254099775e-02,-2.785206544464481349e-01,3.532320527563639900e-01,-1.364118904554079657e-02,-2.785395443094988988e-01,3.747674322450559314e-01,-1.295538410917382310e-02,-2.607024256255952022e-01
6.059999999999995168e+00,3.566140277901323485e-01,-1.367334741264764238e-02,-2.764893596063551229e-01,3.565819453739482170e-01,-1.367310122909659933e-02,-2.765105140631037850e-01,3.794793723579638067e-01,-1.237256072674275398e-02,-2.572320518223158992e-01
6.069999999999993179e+00,3.616876395997940530e-01,-1.371990380340391315e-02,-2.730601154148832310e-01,3.616553823738616891e-01,-1.371963736237291273e-02,-2.730821902689493097e-01,3.843885085774731980e-01,-1.284066081537560411e-02,-2.539897830970210268e-01
6.079999999999991189e+00,3.682511998108823903e-01,-1.377655982010469668e-02,-2.682466684834825532e-01,3.682189587265635722e-01,-1.377629967661318615e-02,-2.682699002247677655e-01,3.906859199836398844e-01,-1.530988860356666259e-02,-2.496857009017577900e-01
6.089999999999996305e+00,3.760401891526004015e-01,-1.383814270306354260e-02,-2.620737092960851999e-01,3.760073431106366604e-01,-1.383790447977025460e-02,-2.620991305947610872e-01,4.002137338547065992e-01,-1.599765873193004229e-02,-2.412234986889868482e-01
6.099999999999994316e+00,3.847771981455093138e-01,-1.389929549695300207e-02,-2.545773478930187794e-01,3.847437053999095413e-01,-1.389909830907668474e-02,-2.546055116372384908e-01,4.080927486840029150e-01,-1.588385174689324608e-02,-2.337271912646089467e-01
6.109999999999992326e+00,3.941866498451782608e-01,-1.395487863065564965e-02,-2.458066790905246712e-01,3.941533119458743850e-01,-1.395474038820105830e-02,-2.458372037087024620e-01,4.176672201804412232e-01,-1.508974920869737835e-02,-2.236544955403187984e-01
6.119999999999997442e+00,4.040053193374186780e-01,-1.400025656420476015e-02,-2.358249662570548744e-01,4.039733748436362126e-01,-1.400017620154443351e-02,-2.358567176002620835e-01,4.255643354598783734e-01,-1.526651874633450090e-02,-2.149630768928857405e-01
6.129999999999995453e+00,4.139895889733901102e-01,-1.403147958499034384e-02,-2.247098405185042891e-01,4.139590449531185823e-01,-1.403144132490928911e-02,-2.247429868279007814e-01,4.358761168081726201e-01,-1.488202649455910853e-02,-2.023527850098423286e-01
6.139999999999993463e+00,4.239201741355058672e-01,-1.404537813835002313e-02,-2.125524182267132800e-01,4.238900880064721544e-01,-1.404537107208886360e-02,-2.125886045079398157e-01,4.454348461754031874e-01,-1.506609662693902951e-02,-1.892202419540726099e-01
6.149999999999998579e+00,4.336048838261284399e-01,-1.403958888733833864e-02,-1.994554987203061014e-01,4.335751562687762961e-01,-1.403958936574597506e-02,-1.994953682710077225e-01,4.532443833369140807e-01,-1.481327315577568582e-02,-1.771434946220563633e-01
6.159999999999989484e+00,4.428798516571274546e-01,-1.401253074093369855e-02,-1.855311093123394317e-01,4.428501726099013935e-01,-1.401256093792026432e-02,-1.855759728113959561e-01,4.635920319914293986e-01,-1.447439828921376348e-02,-1.587102543973297752e-01
6.169999999999994600e+00,4.516095805472976621e-01,-1.396334655364348150e-02,-1.708976806172239349e-01,4.515808331756124283e-01,-1.396344696180479295e-02,-1.709468371487900817e-01,4.704118163383430584e-01,-1.467893604788128581e-02,-1.439971799618939841e-01
6.179999999999999716e+00,4.596860791365854348e-01,-1.389182309839821945e-02,-1.556771055559979244e-01,4.596588546785788099e-01,-1.389200771437202990e-02,-1.557300138501767905e-01,4.767937105736298475e-01,-1.471851622445000118e-02,-1.276591499952669517e-01
6.189999999999990621e+00,4.670273204072744044e-01,-1.379829959986203676e-02,-1.399918860221873729e-01,4.670025822633032120e-01,-1.379859014380191776e-02,-1.400468683818056059e-01,4.817222427051784939e-01,-1.377489253286545701e-02,-1.127064965858545209e-01
6.199999999999995737e+00,4.735752167459933437e-01,-1.368357237383945740e-02,-1.239625170707136792e-01,4.735534663652845033e-01,-1.368396660282335947e-02,-1.240183537258476715e-01,4.857799117482665130e-01,-1.380201252328866479e-02,-9.806735118314369171e-02
6.209999999999993747e+00,4.792932758983810548e-01,-1.354880101029338167e-02,-1.077052076741221165e-01,4.792743482260600207e-01,-1.354931512247070820e-02,-1.077621638479948907e-01,4.898439098486078169e-01,-1.379288105628961869e-02,-8.034199390730945023e-02
6.219999999999991758e+00,4.841640762094611139e-01,-1.339541999606262690e-02,-9.132999340949514433e-02,4.841482274177204004e-01,-1.339609520738772701e-02,-9.138704350270547561e-02,4.919246509439738624e-01,-1.382509339315760033e-02,-6.857924803922976764e-02
6.229999999999996874e+00,4.881866758686702612e-01,-1.322505834556643271e-02,-7.493926120089637599e-02,4.881737520851509582e-01,-1.322597445236941768e-02,-7.499655469409959030e-02,4.947360864104083378e-01,-1.356495399541868263e-02,-5.016530741646074709e-02
6.239999999999994884e+00,4.913740491235740193e-01,-1.303946846017782837e-02,-5.862667905581242511e-02,4.913640777222982869e-01,-1.304071236353225062e-02,-5.868352506858551254e-02,4.963851730569908138e-01,-1.341977594137475083e-02,-3.480054641603802512e-02
6.249999999999992895e+00,4.937506221206917068e-01,-1.284046498030829916e-02,-4.247650458747013330e-02,4.937435458851612835e-01,-1.284208708877477602e-02,-4.253214943701182776e-02,4.973404676954248371e-01,-1.320056249902917811e-02,-2.208911934044166525e-02
6.259999999999998010e+00,4.953499627148838513e-01,-1.262987361696802854e-02,-2.656323327784524194e-02,4.953455726995290020e-01,-1.263188678039177566e-02,-2.661776930735204605e-02,4.980197955086153039e-01,-1.253013917512840747e-02,-7.489842653693679075e-03
6.269999999999996021e+00,4.962126621987207331e-01,-1.240948942828726427e-02,-1.095153978771508038e-02,4.962108166031369838e-01,-1.241182062819122696e-02,-1.100384492615756778e-02,4.981731894960611529e-01,-1.237709342305590154e-02,3.621229617396304334e-03
6.279999999999994031e+00,4.963844325230790111e-01,-1.218104406154915317e-02,4.303536819556186971e-03,4.963848749892971202e-01,-1.218366351351770141e-02,4.253141345298805387e-03,4.978210331954191492e-01,-1.194410789188626865e-02,1.801829112304853542e-02
6.289999999999999147e+00,4.959144306363940657e-01,-1.194618094173802852e-02,1.915621347211474840e-02,4.959169117479683697e-01,-1.194902538600988752e-02,1.910836166543950984e-02,4.970002949550137439e-01,-1.135896276259118487e-02,3.042644684955453371e-02
6.299999999999990052e+00,4.948538115867195941e-01,-1.170643743926308607e-02,3.356943590704795921e-02,4.948580940519047289e-01,-1.170951346476060105e-02,3.352391435733358127e-02,4.957679738697100547e-01,-1.222148773679015976e-02,4.151170842854090548e-02
6.309999999999995168e+00,4.932545043182390287e-01,-1.146323315992058348e-02,4.751424622978640128e-02,4.932603523933443146e-01,-1.146652882907865482e-02,4.747111478071963653e-02,4.938328650537234799e-01,-1.229595136538150224e-02,5.562895277390855764e-02
6.319999999999993179e+00,4.911681982572762006e-01,-1.121786325058293787e-02,6.096908290656089663e-02,4.911753704315396374e-01,-1.122131465872722340e-02,6.092846094883482694e-02,4.916227695464912006e-01,-1.112906165924862356e-02,6.933908664901988761e-02
6.329999999999991189e+00,4.886455246952485787e-01,-1.097149592891088002e-02,7.391904511303819258e-02,4.886538848495975418e-01,-1.097503276229547763e-02,7.388052429093716622e-02,4.887188558677634242e-01,-1.044211522186580532e-02,8.172918117796268422e-02
6.339999999999996305e+00,4.857354144028466214e-01,-1.072517337910217083e-02,8.635514784941117350e-02,4.857447097499202893e-01,-1.072865945442315512e-02,8.631901922766650748e-02,4.863061839630831162e-01,-1.033191546121073334e-02,9.229618002107675689e-02
6.349999999999994316e+00,4.824846115953171921e-01,-1.047981512702855084e-02,9.827358888209071497e-02,4.824947359242670597e-01,-1.048319272811259507e-02,9.823952477965852692e-02,4.831047890162875058e-01,-1.006022996510405609e-02,1.039267070432069451e-01
6.359999999999992326e+00,4.789373240087428929e-01,-1.023622355407358651e-02,1.096750437466031541e-01,4.789480626204036806e-01,-1.023942796757702778e-02,1.096431904765393373e-01,4.790706675791154279e-01,-9.809422555548147349e-03,1.169443268769794209e-01
6.369999999999997442e+00,4.751349893650324563e-01,-9.995090614449544941e-03,1.205640005508323009e-01,4.751462314992360159e-01,-9.998103182156901914e-03,1.205341748391345336e-01,4.748877185976806414e-01,-1.003519996200771813e-02,1.284786422055509414e-01
6.379999999999995453e+00,4.711161394704589389e-01,-9.757005603606091343e-03,1.309481426678019422e-01,4.711277495415860939e-01,-9.759817872093344213e-03,1.309202861606343082e-01,4.707304754851078243e-01,-9.995458451572986069e-03,1.392802616782725655e-01
6.389999999999993463e+00,4.669163446591686473e-01,-9.522463353130445132e-03,1.408377841447950307e-01,4.669281852160330759e-01,-9.525056621827166642e-03,1.408118669662055122e-01,4.659299039157470679e-01,-1.010248117282444569e-02,1.492401498838499263e-01
6.399999999999998579e+00,4.625682229102723309e-01,-9.291872710910894020e-03,1.502453601325333676e-01,4.625802574237035669e-01,-9.294437692425534456e-03,1.502211328401498180e-01,4.622214329410238021e-01,-1.020504776029029781e-02,1.573891408221560484e-01
6.409999999999989484e+00,4.581014997597911975e-01,-9.065564992320793158e-03,1.591849725553866335e-01,4.581135779068017388e-01,-9.068408276739015408e-03,1.591624712038570144e-01,4.575959801987962150e-01,-1.020788521816509697e-02,1.672997462651792944e-01
6.419999999999994600e+00,4.535431069179611807e-01,-8.843802163683927089e-03,1.676719896869375837e-01,4.535551996440374545e-01,-8.847254222018374747e-03,1.676510141548337163e-01,4.518795932897656797e-01,-1.018510066193822894e-02,1.778765009962250954e-01
6.429999999999999716e+00,4.489173092306590895e-01,-8.626784677622860789e-03,1.757226971629310408e-01,4.489292921990948870e-01,-8.631157324138423112e-03,1.757032606028555710e-01,4.473879511930313191e-01,-9.759106279831952779e-03,1.855314761998920758e-01
6.439999999999990621e+00,4.442458512589312902e-01,-8.414658942262892918e-03,1.833539971736197760e-01,4.442577167077159106e-01,-8.420000005719553704e-03,1.833359242939655021e-01,4.421077579409197211e-01,-9.868041387853854207e-03,1.934453146757992847e-01
6.449999999999995737e+00,4.395481162845637502e-01,-8.207524145518464362e-03,1.905831520552831171e-01,4.395598072013204849e-01,-8.213726474204596784e-03,1.905663861375241630e-01,4.369862790745245862e-01,-9.928203086277120892e-03,2.005021485837253925e-01
6.459999999999993747e+00,4.348412918555320528e-01,-8.005438637533396004e-03,1.974275682813554089e-01,4.348527775421038855e-01,-8.012310050815082962e-03,1.974120233937677882e-01,4.326509612336469912e-01,-1.012941555231738899e-02,2.052909816963265355e-01
6.469999999999991758e+00,4.301405372163838448e-01,-7.808425705942719994e-03,2.039046167397439990e-01,4.301517961428445447e-01,-7.815814891965922051e-03,2.038902059950107037e-01,4.283069497247334878e-01,-9.835978494698027763e-03,2.110274632536881523e-01
6.479999999999996874e+00,4.254591489859189113e-01,-7.616478758173711623e-03,2.100314852592235215e-01,4.254701998156231735e-01,-7.624346518598729659e-03,2.100180761031861798e-01,4.247425112813643100e-01,-9.640785371562071715e-03,2.136382328178625389e-01
6.489999999999994884e+00,4.208087223105829722e-01,-7.429566092770446134e-03,2.158250595173452357e-01,4.208195024984223154e-01,-7.437913247630438714e-03,2.158126413043257308e-01,4.215422571187456002e-01,-9.128422646934253315e-03,2.176730884047167747e-01
6.499999999999992895e+00,4.162239600851851407e-01,-7.248441102075905453e-03,2.212826459578111360e-01,4.162345842015400255e-01,-7.257179316272768278e-03,2.212710114285947327e-01,4.194351503959429239e-01,-8.938642804919016971e-03,2.195339695182066952e-01
6.509999999999998010e+00,4.119446970597144819e-01,-7.080378808001428804e-03,2.262280233452023948e-01,4.119556526747978897e-01,-7.089374115906798765e-03,2.262166415301791189e-01,4.189504093136414697e-01,-9.515508928696819746e-03,2.185819857191138027e-01
6.519999999999996021e+00,4.085561517409473375e-01,-6.943799777952786891e-03,2.301679197783417785e-01,4.085666343675521395e-01,-6.952903108119941680e-03,2.301573988586733954e-01,4.189512962429153831e-01,-9.793882531648256951e-03,2.173742518194005102e-01
6.529999999999994031e+00,4.065264601147363099e-01,-6.854748640298387145e-03,2.326503235105856215e-01,4.065379757758738055e-01,-6.863928949251672101e-03,2.326384023078404140e-01,4.194394378962829073e-01,-9.840191620946292517e-03,2.160315641684467103e-01
6.539999999999999147e+00,4.060768404266689724e-01,-6.822077546697336015e-03,2.334492306164480946e-01,4.060857859317383300e-01,-6.831098293193504055e-03,2.334403864486940816e-01,4.204878263770593927e-01,-9.730952238545698130e-03,2.141138471828794021e-01
6.549999999999990052e+00,4.072643969478928483e-01,-6.849347763865882427e-03,2.324754875460313119e-01,4.072714388282826503e-01,-6.858149148366421595e-03,2.324690184780429658e-01,4.226839973740164069e-01,-9.642485226493441308e-03,2.102711934222551982e-01
6.559999999999995168e+00,4.100204342011813385e-01,-6.936168532688016461e-03,2.297186096500800634e-01,4.100273312108404511e-01,-6.944814873597228086e-03,2.297122033382787698e-01,4.258764613072864025e-01,-9.596505724051129782e-03,2.065472969376749290e-01
6.569999999999993179e+00,4.141859434689358910e-01,-7.079336336527694042e-03,2.252127768584933909e-01,4.141921781216463816e-01,-7.087797009905226660e-03,2.252070681761094706e-01,4.305997980544957748e-01,-9.334956079266681916e-03,2.006378038966792898e-01
6.579999999999991189e+00,4.195425797644818378e-01,-7.273754507575018804e-03,2.190188512577707913e-01,4.195494659740117149e-01,-7.281995868276270635e-03,2.190119425528868624e-01,4.363988927073776392e-01,-9.804609994705865139e-03,1.937008791428511678e-01
6.589999999999996305e+00,4.258383130862608001e-01,-7.513152047725656264e-03,2.112159463733681852e-01,4.258464767421771824e-01,-7.521137472318740330e-03,2.112066195359758036e-01,4.429973738430368346e-01,-1.118996034759528468e-02,1.844802785824712910e-01
6.599999999999994316e+00,4.328077763580104320e-01,-7.790630935268285338e-03,2.018979645776428633e-01,4.328173591370388928e-01,-7.798339689616990734e-03,2.018857466368725873e-01,4.479714387260472774e-01,-1.170128651875124159e-02,1.774125876161071202e-01
6.609999999999992326e+00,4.401878023037655296e-01,-8.099074475309166535e-03,1.911721843135410492e-01,4.401991976257884631e-01,-8.106362130019882650e-03,1.911559486816265252e-01,4.540081794567945028e-01,-1.233115110737689757e-02,1.683178820340400783e-01
6.619999999999997442e+00,4.477288231692050924e-01,-8.431446319776884218e-03,1.791582482244033214e-01,4.477423348140311954e-01,-8.438164068995798392e-03,1.791365930574003451e-01,4.629170543135000537e-01,-1.354300212365228129e-02,1.523264596975191232e-01
6.629999999999995453e+00,4.552028221304749711e-01,-8.781005067408694659e-03,1.659867724421320856e-01,4.552185514494666019e-01,-8.787098486869740835e-03,1.659582444725262729e-01,4.676364327728632642e-01,-1.455530476426902808e-02,1.422149112960732209e-01
6.639999999999993463e+00,4.624084656810073524e-01,-9.141453820501580646e-03,1.517973366761991572e-01,4.624250639654902684e-01,-9.146888620560808189e-03,1.517630871687422611e-01,4.756039588887056579e-01,-1.587341687720639216e-02,1.237672150143178662e-01
6.649999999999998579e+00,4.691739652520487414e-01,-9.507039425448131700e-03,1.367359132543922717e-01,4.691900440092378055e-01,-9.511869995746101078e-03,1.366978752288011689e-01,4.806883885083725882e-01,-1.604304495011929510e-02,1.095861827271910061e-01
6.659999999999989484e+00,4.753581380135334378e-01,-9.872612662905597830e-03,1.209519308772777357e-01,4.753730644339427824e-01,-9.876940720160074655e-03,1.209109217763093547e-01,4.850694168108911075e-01,-1.657580971928554470e-02,9.476404580492581164e-02
6.669999999999994600e+00,4.808500689622385305e-01,-1.023365757016226479e-02,1.045952073643614116e-01,4.808637700882856247e-01,-1.023758669878930758e-02,1.045506580557896276e-01,4.890126267860632758e-01,-1.676782197916243389e-02,7.825159789437052815e-02
6.679999999999999716e+00,4.855677188513713993e-01,-1.058629702726926122e-02,8.781296904156703220e-02,4.855800808888517950e-01,-1.058990267101187106e-02,8.776411348228467524e-02,4.919430755206094519e-01,-1.756204900411492686e-02,6.035677504184389086e-02
6.689999999999990621e+00,4.894557731611489104e-01,-1.092727930835969696e-02,7.074713091353013183e-02,4.894656093832205901e-01,-1.093053640747701852e-02,7.069798109181550660e-02,4.933691180435467727e-01,-1.783291585894886122e-02,4.522260992860760442e-02
6.699999999999995737e+00,4.924829831406606351e-01,-1.125395067966141263e-02,5.353195985560453563e-02,4.924900560103266933e-01,-1.125692161120465593e-02,5.348433602259111685e-02,4.945095009932637398e-01,-1.828750609661244919e-02,3.270367062564871752e-02
6.709999999999993747e+00,4.946392097851133873e-01,-1.156421725800370684e-02,3.629219214866973020e-02,4.946439509104215149e-01,-1.156714744245568478e-02,3.624389769314611404e-02,4.952811646022813319e-01,-1.816731864016077336e-02,1.721082232367565634e-02
6.719999999999991758e+00,4.959323441013631095e-01,-1.185649954041812990e-02,1.914163283331851012e-02,4.959345944537504880e-01,-1.185958004498833401e-02,1.909534068920937591e-02,4.955710390229269846e-01,-1.820985221004592369e-02,2.002436658583683915e-03
6.729999999999996874e+00,4.963852422764962746e-01,-1.212968237077420922e-02,2.182229314162628577e-03,4.963852265228955729e-01,-1.213306880473995035e-02,2.139082531443761009e-03,4.953216564877436223e-01,-1.808737268398297182e-02,-8.740093428397988085e-03
6.739999999999994884e+00,4.960327824578731337e-01,-1.238306243448152044e-02,-1.449641417643871000e-02,4.960307863435717279e-01,-1.238672201271636547e-02,-1.453761600241047260e-02,4.948943979304009089e-01,-1.736860300152642811e-02,-2.090738441691597505e-02
6.749999999999992895e+00,4.949191210784513739e-01,-1.261629548171917629e-02,-3.081713160122852985e-02,4.949153735340825477e-01,-1.262009046860581088e-02,-3.085620838914231862e-02,4.940203203589338399e-01,-1.698436312814682880e-02,-3.471205177405989328e-02
6.759999999999998010e+00,4.930952014215497781e-01,-1.282934443791281139e-02,-4.671495993325358587e-02,4.930900537479148693e-01,-1.283309445697518487e-02,-4.675090871626273736e-02,4.928327572163813119e-01,-1.615422500058769084e-02,-4.853822614645275646e-02
6.769999999999996021e+00,4.906165455294539401e-01,-1.302242999524517303e-02,-6.213663748842736256e-02,4.906102844402499552e-01,-1.302613059875939484e-02,-6.216952430809578184e-02,4.913425358359148065e-01,-1.555450712950570691e-02,-6.003371886971498039e-02
6.779999999999994031e+00,4.875413427522939935e-01,-1.319598437419632932e-02,-7.703989890720498723e-02,4.875342664786165847e-01,-1.319971612546167773e-02,-7.706964510110667077e-02,4.897981220962565052e-01,-1.475596212986124423e-02,-6.835062904493027780e-02
6.789999999999999147e+00,4.839288340056159266e-01,-1.335060888580681324e-02,-9.139262578719466179e-02,4.839212650386762182e-01,-1.335452487670728272e-02,-9.141905466621828846e-02,4.877731138798656607e-01,-1.371386315589936955e-02,-7.862303988714214320e-02
6.799999999999990052e+00,4.798379800773878712e-01,-1.348703566911944006e-02,-1.051719055791626306e-01,4.798301765255648665e-01,-1.349110827735303282e-02,-1.051951311177894005e-01,4.855466132507879617e-01,-1.261098183418679630e-02,-8.810874345408847841e-02
6.809999999999995168e+00,4.753263945376499655e-01,-1.360609386573603807e-02,-1.183630442363619584e-01,4.753186085215570511e-01,-1.361024266590273903e-02,-1.183831492667150459e-01,4.822599291470278660e-01,-1.136534952903617279e-02,-1.008305936428386396e-01
6.819999999999993179e+00,4.704495168032452046e-01,-1.370868008506362888e-02,-1.309585700830346033e-01,4.704417542498202098e-01,-1.371284626327409946e-02,-1.309762370884173244e-01,4.790124180514522267e-01,-1.124979994065211653e-02,-1.113026829165035814e-01
6.829999999999991189e+00,4.652599979969389010e-01,-1.379573323966168906e-02,-1.429572588392272747e-01,4.652522661435144480e-01,-1.380032586266715690e-02,-1.429729201406615968e-01,4.752212344655237786e-01,-1.081502052038393891e-02,-1.219446953664249378e-01
6.839999999999996305e+00,4.598072713357142516e-01,-1.386821318629059656e-02,-1.543632023203573289e-01,4.597996179923273807e-01,-1.387372388825486302e-02,-1.543770749949031629e-01,4.715834670756648972e-01,-1.157487209345817170e-02,-1.317204479046641952e-01
6.849999999999994316e+00,4.541372789330852533e-01,-1.392708328663244503e-02,-1.651849371692841739e-01,4.541296757763951808e-01,-1.393400400424709557e-02,-1.651973293383606489e-01,4.643865402139666365e-01,-1.317854673003346355e-02,-1.500638822305293552e-01
6.859999999999992326e+00,4.482923284556306620e-01,-1.397329615919133163e-02,-1.754346441114257305e-01,4.482847753692293380e-01,-1.398151052521845461e-02,-1.754457837158708844e-01,4.618208958763176941e-01,-9.323395855142163624e-03,-1.534865312229213297e-01
6.869999999999997442e+00,4.423110549559256532e-01,-1.400778253185677377e-02,-1.851274237816576684e-01,4.423035183944281079e-01,-1.401687022772456215e-02,-1.851375691685847313e-01,4.559524051297866309e-01,-9.684905745483224360e-03,-1.652460934561066352e-01
6.879999999999995453e+00,4.362284657840056479e-01,-1.403144257871049086e-02,-1.942806512758376569e-01,4.362209963147841707e-01,-1.404073846586715094e-02,-1.942898938625042815e-01,4.490423689641582783e-01,-1.026641693596228033e-02,-1.782787823035880681e-01
6.889999999999993463e+00,4.300760490264236569e-01,-1.404513971167260615e-02,-2.029134087610968140e-01,4.300686780906182727e-01,-1.405394372263181132e-02,-2.029218557525136746e-01,4.426796644387516189e-01,-1.104988987679136891e-02,-1.891703457140714306e-01
6.899999999999998579e+00,4.238819287611811371e-01,-1.404969611705422783e-02,-2.110459931904350439e-01,4.238746425233289039e-01,-1.405761220742139488e-02,-2.110537806364531088e-01,4.352954263985610028e-01,-1.178995975129140672e-02,-2.004988017952423762e-01
6.909999999999989484e+00,4.176710529267330108e-01,-1.404588987367859365e-02,-2.186994947198948047e-01,4.176638718871350520e-01,-1.405275194407565841e-02,-2.187066787789353761e-01,4.270138547683843822e-01,-1.246899078017427165e-02,-2.120124641666798482e-01
6.919999999999994600e+00,4.114654020459674877e-01,-1.403445358946125293e-02,-2.258954404085503076e-01,4.114583844339791963e-01,-1.404032012027649733e-02,-2.259020086603046040e-01,4.213867188528001018e-01,-1.288703436178550987e-02,-2.193672014294388850e-01
6.929999999999999716e+00,4.052842093895879794e-01,-1.401607380281040018e-02,-2.326554971652982362e-01,4.052773600291058043e-01,-1.402109112517380823e-02,-2.326614978873499939e-01,4.125609655730467784e-01,-1.336660272557041451e-02,-2.298801669328149888e-01
6.939999999999990621e+00,3.991441849623669769e-01,-1.399139144258063419e-02,-2.390012277706112243e-01,3.991375246676651667e-01,-1.399555741218326023e-02,-2.390066960629092518e-01,4.034955229045038561e-01,-1.362320816003723123e-02,-2.397095221305468593e-01
6.949999999999995737e+00,3.930597375511820646e-01,-1.396100284080189179e-02,-2.449538937695544816e-01,3.930533258442817091e-01,-1.396445033265991155e-02,-2.449588067759365384e-01,3.974022339454496011e-01,-1.365675094491955455e-02,-2.456705437958045524e-01
6.959999999999993747e+00,3.870431904761578723e-01,-1.392546114164788101e-02,-2.505342992909505573e-01,3.870371757307994320e-01,-1.392815395642885840e-02,-2.505385585020230566e-01,3.901467869548517209e-01,-1.370506247771308139e-02,-2.522729177201263884e-01
6.969999999999991758e+00,3.811049878752762465e-01,-1.388527820700197028e-02,-2.557626702052012146e-01,3.810994356308396447e-01,-1.388708612767434493e-02,-2.557662751718246530e-01,3.842468480525860208e-01,-1.364992986101390415e-02,-2.573517021598044074e-01
6.979999999999996874e+00,3.752538894306786665e-01,-1.384092664290610848e-02,-2.606585634487859071e-01,3.752486310716607876e-01,-1.384168444420101445e-02,-2.606617307368321868e-01,3.794516175554426551e-01,-1.386924981984588578e-02,-2.611066135394600751e-01
6.989999999999994884e+00,3.694971521926572189e-01,-1.379284198162175276e-02,-2.652408018409285195e-01,3.694921231865667122e-01,-1.379259015184475246e-02,-2.652436253539175448e-01,3.755956027652510576e-01,-1.314553755974171012e-02,-2.637896059485788092e-01
6.999999999999992895e+00,3.638692107058405512e-01,-1.374192063705158978e-02,-2.695178463695927507e-01,3.638644812110882754e-01,-1.374088700583017512e-02,-2.695203015594837548e-01,3.729163899997344211e-01,-1.264878678209593876e-02,-2.655402866503654424e-01
7.009999999999998010e+00,3.586455007409142803e-01,-1.369238653661286956e-02,-2.733925093413911989e-01,3.586413957565636190e-01,-1.369076280809717293e-02,-2.733943895596682716e-01,3.699499124287221052e-01,-1.154458908500330394e-02,-2.671633766114943631e-01
7.019999999999996021e+00,3.545288918755657437e-01,-1.365305875036674187e-02,-2.765307114202996130e-01,3.545238182251393977e-01,-1.365105289042386864e-02,-2.765331063549357760e-01,3.687348432912479490e-01,-1.075080796302804731e-02,-2.679171367923979252e-01
7.029999999999994031e+00,3.520728752981842624e-01,-1.362928237112625077e-02,-2.785731030850271406e-01,3.520692076339519416e-01,-1.362702382093543101e-02,-2.785739502363999143e-01,3.692756429469696844e-01,-9.494653890685128550e-03,-2.667688877632068412e-01
7.039999999999999147e+00,3.515282772485656126e-01,-1.362395166079791164e-02,-2.793303163491482888e-01,3.515230394458667140e-01,-1.362155063731640588e-02,-2.793321237079619546e-01,3.706124677278100910e-01,-8.143928960801016803e-03,-2.651603510118524243e-01
7.049999999999990052e+00,3.529568416051580004e-01,-1.363788343828330196e-02,-2.787199910567497163e-01,3.529490542623567872e-01,-1.363544039233393138e-02,-2.787242793762484405e-01,3.727906604239304977e-01,-7.164063708992557400e-03,-2.628320403096476854e-01
7.059999999999995168e+00,3.562826254077297028e-01,-1.366971331235913509e-02,-2.767142476735310330e-01,3.562745947890571530e-01,-1.366733955574357499e-02,-2.767191946841520145e-01,3.767524009218021774e-01,-6.470165840197272811e-03,-2.601266006838435230e-01
7.069999999999993179e+00,3.613349503793731321e-01,-1.371624966450276858e-02,-2.733118517338725684e-01,3.613265275579582991e-01,-1.371397514105458099e-02,-2.733177759185082545e-01,3.807219363111354893e-01,-7.135223443181237801e-03,-2.581345621177422167e-01
7.079999999999991189e+00,3.678829580890916606e-01,-1.377302157789545706e-02,-2.685260251930173814e-01,3.678756057827071713e-01,-1.377086834463314181e-02,-2.685316775451979665e-01,3.872411354007491147e-01,-7.970651858662636258e-03,-2.539762503188066622e-01
7.089999999999996305e+00,3.756624084298169075e-01,-1.383485514063486493e-02,-2.623809386745044603e-01,3.756575695884335486e-01,-1.383284123032069851e-02,-2.623847454414105496e-01,3.935656269644219885e-01,-7.426178017508167084e-03,-2.483186151157137367e-01
7.099999999999994316e+00,3.843958555630197504e-01,-1.389638416300944569e-02,-2.549121668549638731e-01,3.843938510728477920e-01,-1.389454157894392909e-02,-2.549136169695350174e-01,4.017826137044150370e-01,-6.542417797928329337e-03,-2.411560333940615530e-01
7.109999999999992326e+00,3.938074565601919486e-01,-1.395245390445387298e-02,-2.461682645772946820e-01,3.938100194912607654e-01,-1.395086659350523554e-02,-2.461655264425118839e-01,4.119895613572418513e-01,-6.387954968418568802e-03,-2.317204706771890388e-01
7.119999999999997442e+00,4.036335575208847559e-01,-1.399841015042279334e-02,-2.362119740460452699e-01,4.036420524908448937e-01,-1.399713462231940396e-02,-2.362026756254651250e-01,4.207939231024125926e-01,-5.824583744443584399e-03,-2.219722006020187210e-01
7.129999999999995453e+00,4.136300010499605051e-01,-1.403028278372545588e-02,-2.251204489692787691e-01,4.136430494651510692e-01,-1.402932070678672080e-02,-2.251046491063651844e-01,4.303911158762302458e-01,-4.826880324393933996e-03,-2.111930271700701578e-01
7.139999999999993463e+00,4.235768935286350345e-01,-1.404488152815094523e-02,-2.129843928294220534e-01,4.235924842566471393e-01,-1.404423187072967837e-02,-2.129633948710696612e-01,4.400791919980667766e-01,-4.181011272444995486e-03,-1.984838044828606263e-01
7.149999999999998579e+00,4.332813990329825726e-01,-1.403982318762265341e-02,-1.999062710414541699e-01,4.332989796176282549e-01,-1.403946875708250198e-02,-1.998799680221791664e-01,4.484181350172626868e-01,-3.736571631995838638e-03,-1.866459930994661676e-01
7.159999999999989484e+00,4.425789972392598637e-01,-1.401350837468413879e-02,-1.859978635745201392e-01,4.425973172245173393e-01,-1.401340903114763579e-02,-1.859672938028022471e-01,4.580074507996473310e-01,-3.547930401166771164e-03,-1.710818093567110232e-01
7.169999999999994600e+00,4.513335496915846790e-01,-1.396506363098301388e-02,-1.713774418373308073e-01,4.513509713549861968e-01,-1.396520666579417237e-02,-1.713448209967789737e-01,4.659475576062943603e-01,-3.577863366481359719e-03,-1.555362711064259829e-01
7.179999999999999716e+00,4.594364531121223338e-01,-1.389426178238171820e-02,-1.561668243524947375e-01,4.594519761946452840e-01,-1.389470757759820978e-02,-1.561339461123464056e-01,4.718008059950483668e-01,-3.716821586381202636e-03,-1.422519279509218970e-01
7.189999999999990621e+00,4.668051108531816040e-01,-1.380143051751071825e-02,-1.404885164072448567e-01,4.668196166412127979e-01,-1.380220588187456611e-02,-1.404535273586406952e-01,4.779774347512716348e-01,-3.264896893119761945e-03,-1.257531535396013700e-01
7.199999999999995737e+00,4.733809171332541421e-01,-1.368735694564411111e-02,-1.244630847500692028e-01,4.733934698453824419e-01,-1.368848091829108146e-02,-1.244280947364227174e-01,4.825525002608267444e-01,-3.155200512437422722e-03,-1.114779608699192348e-01
7.209999999999993747e+00,4.791269189142349783e-01,-1.355319364500532850e-02,-1.082068674341028353e-01,4.791370176951496584e-01,-1.355464203970925888e-02,-1.081737312093158376e-01,4.862701515656666640e-01,-3.169620908497927658e-03,-9.759166652294437583e-02
7.219999999999991758e+00,4.840252941702595235e-01,-1.340037027220575098e-02,-9.183007518350257137e-02,4.840333044538099316e-01,-1.340206066713977087e-02,-9.179845344717674216e-02,4.897450156914506803e-01,-3.469648387851603788e-03,-8.296911336876766629e-02
7.229999999999996874e+00,4.880747619243003266e-01,-1.323051268218954427e-02,-7.543530464941408664e-02,4.880810698237263989e-01,-1.323240466835063668e-02,-7.540441650123833051e-02,4.933604301860007313e-01,-4.321250589745306847e-03,-6.385625537403416541e-02
7.239999999999994884e+00,4.912880170789445944e-01,-1.304537182752560018e-02,-5.911645770562131558e-02,4.912922720011730360e-01,-1.304753660320104140e-02,-5.908915293549906605e-02,4.952387896034630144e-01,-5.350876432245882386e-03,-5.186438773380241951e-02
7.249999999999992895e+00,4.936892634815462921e-01,-1.284676220375523779e-02,-4.295804018978421901e-02,4.936919212595215489e-01,-1.284925535973878950e-02,-4.293368891204464577e-02,4.967146101262610580e-01,-5.388088421215048163e-03,-3.945951418463755633e-02
7.259999999999998010e+00,4.953118997294743697e-01,-1.263651044363869186e-02,-2.703480164900558258e-02,4.953132128628821018e-01,-1.263935160813658976e-02,-2.701405323679712672e-02,4.977942121790364105e-01,-5.898218363754537119e-03,-2.672837484154599874e-02
7.269999999999996021e+00,4.961963960710825128e-01,-1.241641347570246641e-02,-1.141166968660548703e-02,4.961967150823836659e-01,-1.241956340108657519e-02,-1.139432696549056573e-02,4.984878011879883553e-01,-6.473841739421837271e-03,-1.506415028425700520e-02
7.279999999999994031e+00,4.963883863723869139e-01,-1.218820545815969825e-02,3.856070829983787931e-03,4.963880180245349716e-01,-1.219156021484597320e-02,3.870565339431200017e-03,4.987924007381691061e-01,-6.932733585095218753e-03,-4.097947234765419999e-03
7.289999999999999147e+00,4.959369869459825941e-01,-1.195353283204282809e-02,1.872240265318064062e-02,4.959361648816099088e-01,-1.195702032499560211e-02,1.873441172721427087e-02,4.986743315753592309e-01,-7.526024607070302963e-03,7.216683172591609186e-03
7.299999999999990052e+00,4.948933441673563638e-01,-1.171393629430752051e-02,3.315005236420353468e-02,4.948922291915111016e-01,-1.171748893959596687e-02,3.316014458202941328e-02,4.983110300413393645e-01,-8.448999407581647692e-03,1.244803397749405516e-02
7.309999999999995168e+00,4.933094049761281852e-01,-1.147083901313809655e-02,4.710986023093227670e-02,4.933081096468533988e-01,-1.147442562346962305e-02,4.711839162273993853e-02,4.975205561786186781e-01,-9.528828186883803175e-03,2.414500235734684530e-02
7.319999999999993179e+00,4.912368984639805536e-01,-1.122553978179849019e-02,6.058008166808489386e-02,4.912355197871042245e-01,-1.122913793361760872e-02,6.058722562228301828e-02,4.961523281643437366e-01,-1.014099435390211634e-02,3.373647695432202553e-02
7.329999999999991189e+00,4.887265126855796504e-01,-1.097921042941740408e-02,7.354565217730456295e-02,4.887251834013418006e-01,-1.098282145917930594e-02,7.355129346248064082e-02,4.943445908887851847e-01,-1.071354817088665534e-02,4.686083305272148447e-02
7.339999999999996305e+00,4.858272481491913153e-01,-1.073289668113717663e-02,8.599744248894040932e-02,4.858259907089207963e-01,-1.073650809938796885e-02,8.600195869658848469e-02,4.924644713855217959e-01,-1.155740898988691367e-02,5.822487740080561913e-02
7.349999999999994316e+00,4.825859281493633524e-01,-1.048752148572665126e-02,9.793152501670256138e-02,4.825848853505919078e-01,-1.049112204020324901e-02,9.793470683111102359e-02,4.903938043362585653e-01,-1.219648327898251172e-02,6.809294527886988746e-02
7.359999999999992326e+00,4.790468457072158959e-01,-1.024389044891202763e-02,1.093484679912567065e-01,4.790459263069146711e-01,-1.024742046255979269e-02,1.093509148875298764e-01,4.874989298163118212e-01,-1.303692139765913471e-02,8.127495444028998151e-02
7.369999999999997442e+00,4.752515273701753418e-01,-1.000269856073972112e-02,1.202526691395937597e-01,4.752508060171667381e-01,-1.000607887233335470e-02,1.202543222798148070e-01,4.840585325937712957e-01,-1.374716881783663580e-02,9.419812978138741855e-02
7.379999999999995453e+00,4.712385951033907228e-01,-9.764537899259398065e-03,1.306517370641099851e-01,4.712379519924982385e-01,-9.767683378650110493e-03,1.306530545601448101e-01,4.805968349388712868e-01,-1.439924394980507394e-02,1.060219143865356317e-01
7.389999999999993463e+00,4.670437089287760024e-01,-9.529905889918652631e-03,1.405559252543579496e-01,4.670431626584470308e-01,-9.532944476164192937e-03,1.405569089263777882e-01,4.772249393371555404e-01,-1.487438167670540601e-02,1.149555868438871808e-01
7.399999999999998579e+00,4.626995746259796594e-01,-9.299213696847604543e-03,1.499776210588657233e-01,4.626990504148872363e-01,-9.302335596549301394e-03,1.499784744163742412e-01,4.732900316685666464e-01,-1.554017106908964219e-02,1.255911371158224821e-01
7.409999999999989484e+00,4.582360025397190229e-01,-9.072794770338718506e-03,1.589308899299016475e-01,4.582354875254955884e-01,-9.076286218214459772e-03,1.589316422930520667e-01,4.671012411507706741e-01,-1.651570815597508401e-02,1.421054571260884636e-01
7.419999999999994600e+00,4.536800053969759494e-01,-8.850912936291206734e-03,1.674310735971674680e-01,4.536794491193823498e-01,-8.854964031330398236e-03,1.674318263953021857e-01,4.615675696345974410e-01,-1.718007317940387080e-02,1.540701447024300785e-01
7.429999999999999716e+00,4.490559246915028502e-01,-8.633770337831133540e-03,1.754944397726720673e-01,4.490553696223464897e-01,-8.638447963525929668e-03,1.754951116095070096e-01,4.555908033889031206e-01,-1.752898911447992036e-02,1.657224150229883453e-01
7.439999999999990621e+00,4.443855769061370586e-01,-8.421514847740715903e-03,1.831378801078824836e-01,4.443849646986389734e-01,-8.426737423047177267e-03,1.831385843238388933e-01,4.502819644912088304e-01,-1.788393407579214056e-02,1.755254647664141743e-01
7.449999999999995737e+00,4.396884123167393299e-01,-8.214246949619398441e-03,1.903786526619171693e-01,4.396877412342233837e-01,-8.219848970407317088e-03,1.903793944106770553e-01,4.456089932472451220e-01,-1.865511327223318139e-02,1.830440384839963075e-01
7.459999999999993747e+00,4.349816804763486644e-01,-8.012026118412484896e-03,1.972341648696179506e-01,4.349809528552635030e-01,-8.017762909755940179e-03,1.972349441461271335e-01,4.385986492985737284e-01,-1.840279755249710214e-02,1.942092267212277568e-01
7.469999999999991758e+00,4.302805976891327933e-01,-7.814876603047395121e-03,2.037217929036822806e-01,4.302798412068544187e-01,-7.820573967677995827e-03,2.037225719196670837e-01,4.330411456607817788e-01,-1.771810736710474621e-02,2.026748428119331535e-01
7.479999999999996874e+00,4.255985128090110647e-01,-7.622792653228073825e-03,2.098587333927199317e-01,4.255977454827442052e-01,-7.628308709618813674e-03,2.098594896943314914e-01,4.242959410853751612e-01,-1.544974099211762764e-02,2.162131506961956218e-01
7.489999999999994884e+00,4.209470685812339297e-01,-7.435743263730077574e-03,2.156618836153958996e-01,4.209462775400992784e-01,-7.441047449813588399e-03,2.156626358958485257e-01,4.215346048360211206e-01,-1.591638739533127178e-02,2.189154555734659224e-01
7.499999999999992895e+00,4.163593074898677693e-01,-7.254426941388511865e-03,2.211298564871770345e-01,4.163585229683618993e-01,-7.259559628486900174e-03,2.211305792347579013e-01,4.189646503466486482e-01,-1.683472587673659482e-02,2.206469195593696586e-01
7.509999999999998010e+00,4.120650781598515500e-01,-7.085805583730752678e-03,2.260950852196890459e-01,4.120657053416893478e-01,-7.090845252116495349e-03,2.260943227125992439e-01,4.170638486256768029e-01,-1.764954563496864970e-02,2.215213844697497825e-01
7.519999999999996021e+00,4.086504763022165698e-01,-6.948300102459008427e-03,2.300650144194433533e-01,4.086523517929076532e-01,-6.953276580857023492e-03,2.300623643976237032e-01,4.162738732775109751e-01,-1.829065829633089169e-02,2.214379699732184070e-01
7.529999999999994031e+00,4.065889678185172218e-01,-6.858107402155732765e-03,2.325823857067293443e-01,4.065883409919566760e-01,-6.862829182219983871e-03,2.325826240039293169e-01,4.163473814518827698e-01,-1.892065520233546239e-02,2.201923131464459393e-01
7.539999999999999147e+00,4.061052186337482661e-01,-6.824191607222210298e-03,2.334180374573222305e-01,4.061008616839191232e-01,-6.828625718217422660e-03,2.334228707480484333e-01,4.169036838111164212e-01,-1.935908914569217654e-02,2.187916234081322964e-01
7.549999999999990052e+00,4.072590613057305298e-01,-6.850199242980258701e-03,2.324810360321154512e-01,4.072552295205594808e-01,-6.854568650317168291e-03,2.324852400092993210e-01,4.185575774881883371e-01,-1.991276880460793319e-02,2.154871169862817570e-01
7.559999999999995168e+00,4.099838275133639853e-01,-6.935801425954401210e-03,2.297599455346933384e-01,4.099798645464794999e-01,-6.940095521269665745e-03,2.297644063760979627e-01,4.208835554227018383e-01,-2.021441191076889243e-02,2.129711417338332469e-01
7.569999999999993179e+00,4.141219003453233682e-01,-7.077837221793220092e-03,2.252884440552571643e-01,4.141171700304381309e-01,-7.082043683389936325e-03,2.252941647870030095e-01,4.259431587333420977e-01,-2.041043014478099993e-02,2.067621639095584829e-01
7.579999999999991189e+00,4.194557867836316567e-01,-7.271237238736957126e-03,2.191271045255643313e-01,4.194509619883011742e-01,-7.275411364659862060e-03,2.191333978356101442e-01,4.307900365455932246e-01,-2.071987388682927644e-02,2.012770756902181324e-01
7.589999999999996305e+00,4.257338725747772390e-01,-7.509746012054703893e-03,2.113548334260076378e-01,4.257304921814570875e-01,-7.514017835043121894e-03,2.113595038327598929e-01,4.368301363075346444e-01,-2.114429644733381575e-02,1.940226567854016482e-01
7.599999999999994316e+00,4.326908682290039332e-01,-7.786472318623270140e-03,2.020653483747643919e-01,4.326892249312182526e-01,-7.790877454012683223e-03,2.020676915778875926e-01,4.427410183878248695e-01,-2.165237275578504872e-02,1.860219139273199263e-01
7.609999999999992326e+00,4.400634320520899201e-01,-8.094299786199601193e-03,1.913657477218283776e-01,4.400644045258303438e-01,-8.098876595270655329e-03,1.913642664198043075e-01,4.500414082440349350e-01,-2.174406227943512238e-02,1.757541234134826214e-01
7.619999999999997442e+00,4.476016423739058725e-01,-8.426187841350138777e-03,1.793755028374501848e-01,4.476053547661564824e-01,-8.430859866677539380e-03,1.793691722381562936e-01,4.570637483541040158e-01,-2.258526998404733477e-02,1.638375259639852644e-01
7.629999999999995453e+00,4.550770084939685933e-01,-8.775387619090210464e-03,1.662250800908562920e-01,4.550828244013888080e-01,-8.779989983519923685e-03,1.662139404097306150e-01,4.644927158041288751e-01,-2.379563849093821459e-02,1.496890866344462445e-01
7.639999999999993463e+00,4.622876511144225486e-01,-9.135592563124253496e-03,1.520539444646580585e-01,4.622946034384709524e-01,-9.139898671018126947e-03,1.520388832070095342e-01,4.709399821777616735e-01,-2.431115278908752009e-02,1.355087985641961756e-01
7.649999999999998579e+00,4.690612021444197643e-01,-9.501038603734562188e-03,1.370079990717512075e-01,4.690690409115911286e-01,-9.504824154881592185e-03,1.369886708538130271e-01,4.762196137869310064e-01,-2.453885785878867631e-02,1.227273447849507315e-01
7.659999999999989484e+00,4.752558953516555218e-01,-9.866564773425508944e-03,1.212366548050838322e-01,4.752635774746024055e-01,-9.869604358053830212e-03,1.212147643319073792e-01,4.812502789819098625e-01,-2.454339422286877515e-02,1.081840962986649890e-01
7.669999999999994600e+00,4.807602511263304734e-01,-1.022764327137314251e-02,1.048897644501314008e-01,4.807674145688975997e-01,-1.022988105764147462e-02,1.048657492765354693e-01,4.857499393412894051e-01,-2.454334247986811324e-02,9.175341673413395238e-02
7.679999999999999716e+00,4.854917010811041211e-01,-1.058038516272279475e-02,8.811463944729967801e-02,4.854977111964444703e-01,-1.058189457508529330e-02,8.809026224482255363e-02,4.894248979499203900e-01,-2.408729135473908212e-02,7.479374341257538639e-02
7.689999999999990621e+00,4.893944484905946579e-01,-1.092152742700135647e-02,7.105332458040161669e-02,4.893996745753871336e-01,-1.092251540592000143e-02,7.102673259280996299e-02,4.916405852448134661e-01,-2.374559382902979854e-02,5.995861962645143706e-02
7.699999999999995737e+00,4.924368165127277486e-01,-1.124840562547492137e-02,5.384025370835784918e-02,4.924407902016244010e-01,-1.124899060777765844e-02,5.381324934566143053e-02,4.930564693859885717e-01,-2.360920228111609842e-02,4.757846953953259739e-02
7.709999999999993747e+00,4.946082957429040472e-01,-1.155891599268629374e-02,3.660035889347824922e-02,4.946107631507984381e-01,-1.155915549111735663e-02,3.657531548448283293e-02,4.947105101777042879e-01,-2.341282079519982351e-02,2.789733154188900333e-02
7.719999999999991758e+00,4.959164651795215373e-01,-1.185147005240075151e-02,1.944766110600390854e-02,4.959176500134660492e-01,-1.185138917627789196e-02,1.942447107453315266e-02,4.953481297181062670e-01,-2.258165374217574461e-02,1.383753011616206674e-02
7.729999999999996874e+00,4.963839258392674370e-01,-1.212494458783132216e-02,2.484335517481776889e-03,4.963840373588930266e-01,-1.212457238888061534e-02,2.461722330179270599e-03,4.955815225215350894e-01,-2.188012436191202892e-02,5.604311682897433755e-04
7.739999999999994884e+00,4.960453542945242322e-01,-1.237862920699501698e-02,-1.419978155300671147e-02,4.960445348286528500e-01,-1.237797092845131439e-02,-1.421997730801409857e-02,4.954260011208544423e-01,-2.079786504539862801e-02,-1.263787201319965803e-02
7.749999999999992895e+00,4.949447545867158293e-01,-1.261217356056429720e-02,-3.052729417217537461e-02,4.949432830467913602e-01,-1.261127871184880740e-02,-3.054452031501028383e-02,4.949950961015950890e-01,-1.975299492655724354e-02,-2.351673133458231923e-02
7.759999999999998010e+00,4.931329616396220028e-01,-1.282553537723144996e-02,-4.643301699780851693e-02,4.931310776987509747e-01,-1.282439505005096743e-02,-4.644756871964148687e-02,4.941266068969212277e-01,-1.889768205891173558e-02,-3.779344049750954504e-02
7.769999999999996021e+00,4.906654276404145421e-01,-1.301893102553639686e-02,-6.186347781267445556e-02,4.906634535951098774e-01,-1.301749039941182441e-02,-6.187490149611598461e-02,4.927047042132093324e-01,-1.747550174184536731e-02,-5.256507516875141839e-02
7.779999999999994031e+00,4.876003049769789821e-01,-1.319278921103903164e-02,-7.677621561050630705e-02,4.875984912486193146e-01,-1.319096667583915042e-02,-7.678464873321909356e-02,4.914388948001723323e-01,-1.594789329214946205e-02,-6.135280855478308926e-02
7.789999999999999147e+00,4.839968250529113059e-01,-1.334770841128509085e-02,-9.113893324407365548e-02,4.839953747247374150e-01,-1.334552189423958597e-02,-9.114459993943604954e-02,4.898242075453488331e-01,-1.458673419670800109e-02,-7.019039511769165074e-02
7.799999999999990052e+00,4.799139614212117877e-01,-1.348441864810739216e-02,-1.049285575783283353e-01,4.799129170404994316e-01,-1.348193915426765775e-02,-1.049320990296158246e-01,4.877485774719514389e-01,-1.271728719262804619e-02,-7.996154510725694831e-02
7.809999999999995168e+00,4.754093580096605542e-01,-1.360374746144192397e-02,-1.181302524730281078e-01,4.754086933395201831e-01,-1.360106539762343490e-02,-1.181322634340450373e-01,4.856635753536268085e-01,-1.094448041118795123e-02,-8.870342656387186775e-02
7.819999999999993179e+00,4.705384979445939031e-01,-1.370659038370669602e-02,-1.307364225145838665e-01,4.705382260165406616e-01,-1.370356027367360639e-02,-1.307372195515262292e-01,4.812566840188858830e-01,-9.107547242438396307e-03,-1.044717892883603172e-01
7.829999999999991189e+00,4.653540857378048456e-01,-1.379388564253256240e-02,-1.427457373456882950e-01,4.653542203844326375e-01,-1.379028389476080231e-02,-1.427455473903331551e-01,4.776667761791596467e-01,-8.541219246426451361e-03,-1.156429205220684819e-01
7.839999999999996305e+00,4.599056145061594658e-01,-1.386659277883557292e-02,-1.541621993737592178e-01,4.599061597912494914e-01,-1.386217776370507991e-02,-1.541612120668334196e-01,4.741352352906866852e-01,-7.552712485842411061e-03,-1.253005651602980830e-01
7.849999999999994316e+00,4.542390901400809033e-01,-1.392567510454863038e-02,-1.649942712433494496e-01,4.542400756616603585e-01,-1.392050111211575250e-02,-1.649925577933913645e-01,4.701008555537777855e-01,-6.421996136083768514e-03,-1.354866540710667477e-01
7.859999999999992326e+00,4.483968857907707495e-01,-1.397208541593106083e-02,-1.752540737085308831e-01,4.483982980760594650e-01,-1.396631717371938156e-02,-1.752517584125450611e-01,4.613383799893013837e-01,-6.791466542581142685e-03,-1.568303796663407246e-01
7.869999999999997442e+00,4.424177019709069625e-01,-1.400675481026165611e-02,-1.849566600056156696e-01,4.424194057956187809e-01,-1.400075588584989185e-02,-1.849540312049830215e-01,4.468566522334052049e-01,-1.263381679834144067e-02,-1.898938476836061762e-01
7.879999999999995453e+00,4.363366101259857910e-01,-1.403058396289357662e-02,-1.941193689395250277e-01,4.363386159105107076e-01,-1.402495315677615602e-02,-1.941164118568027563e-01,4.405667957307499716e-01,-1.185172190217329002e-02,-2.000352705354268013e-01
7.889999999999993463e+00,4.301851600652558671e-01,-1.404443687841246124e-02,-2.027612560726177737e-01,4.301872495717248279e-01,-1.403989914263300588e-02,-2.027582866263417383e-01,4.338829625863216410e-01,-1.098670657892206193e-02,-2.097992293702842792e-01
7.899999999999998579e+00,4.239915344932053132e-01,-1.404913639468465848e-02,-2.109026000909129395e-01,4.239937389359084707e-01,-1.404617756877884517e-02,-2.108995426721587407e-01,4.263388528825069468e-01,-1.052458457238997225e-02,-2.200590440905317857e-01
7.909999999999989484e+00,4.177807363874458946e-01,-1.404546130696584030e-02,-2.185644799702730900e-01,4.177829058715992749e-01,-1.404419522708178630e-02,-2.185615320010640128e-01,4.187279063046140948e-01,-1.001289163212562561e-02,-2.295926857030747836e-01
7.919999999999994600e+00,4.115747974405987719e-01,-1.403414492986962588e-02,-2.257684175264904336e-01,4.115769065521903136e-01,-1.403442809846571111e-02,-2.257656032052866302e-01,4.094746540287891312e-01,-9.366689897676694354e-03,-2.400171214046269430e-01
7.929999999999999716e+00,4.053929980743336547e-01,-1.401587456379170885e-02,-2.325360793375370883e-01,4.053950425442872096e-01,-1.401730021878525544e-02,-2.325334093206695429e-01,4.023153778750477860e-01,-8.572698148896107373e-03,-2.475479669428617413e-01
7.939999999999990621e+00,3.992520914312148728e-01,-1.399129181732774660e-02,-2.388890318430465232e-01,3.992540768612611313e-01,-1.399345661908134482e-02,-2.388865056598298564e-01,3.950058222080349291e-01,-8.647813369280499263e-03,-2.548551352427436134e-01
7.949999999999995737e+00,3.931665254813754840e-01,-1.396099372934889518e-02,-2.448485434428044893e-01,3.931684861618871540e-01,-1.396354436723618378e-02,-2.448461280529442841e-01,3.878023157229908424e-01,-8.248236628469213239e-03,-2.613001962191929817e-01
7.959999999999993747e+00,3.871486589256722954e-01,-1.392553413177695203e-02,-2.504354276179580618e-01,3.871506742799058487e-01,-1.392825768012453946e-02,-2.504330431959165271e-01,3.791697889097509488e-01,-7.911468541698607471e-03,-2.682126612752181449e-01
7.969999999999991758e+00,3.812089676767742574e-01,-1.388542552434612887e-02,-2.556699214924147423e-01,3.812112639140284864e-01,-1.388820743227596986e-02,-2.556673535578626866e-01,3.738588659260674296e-01,-6.940434757944230482e-03,-2.721533527472519420e-01
7.979999999999996874e+00,3.753562398060987237e-01,-1.384114111683582178e-02,-2.605715946530654525e-01,3.753587161456724552e-01,-1.384392665087734800e-02,-2.605689543201509806e-01,3.687707197359393341e-01,-5.569518323991828890e-03,-2.746824042207925975e-01
7.989999999999994884e+00,3.695977576086089122e-01,-1.379311701298821524e-02,-2.651592835425858330e-01,3.696002032944965543e-01,-1.379591548836934037e-02,-2.651567631861558860e-01,3.644151984338722672e-01,-4.698466379458476894e-03,-2.776709949568256786e-01
7.999999999999992895e+00,3.639728331431266173e-01,-1.374233422997073531e-02,-2.694398133120497474e-01,3.639754741798338356e-01,-1.374512287177280870e-02,-2.694372218162913724e-01,3.615159036356201394e-01,-3.822873793465186854e-03,-2.790879765096623277e-01
8.009999999999998010e+00,3.587847965708824138e-01,-1.369334163016172091e-02,-2.733019237361114517e-01,3.587876713435049214e-01,-1.369608952436810606e-02,-2.732992699167178241e-01,3.588496359948043501e-01,-2.698059696341043034e-03,-2.802547128744138361e-01
8.019999999999996021e+00,3.547324678299994538e-01,-1.365475985997097359e-02,-2.764060821730639494e-01,3.547347271720002193e-01,-1.365743173601610162e-02,-2.764040221512149009e-01,3.575764932471856561e-01,-1.457857805302775756e-03,-2.803616729536378971e-01
8.029999999999994031e+00,3.523536511808052496e-01,-1.363181036987922562e-02,-2.784014144383333833e-01,3.523577645955749960e-01,-1.363439966885639405e-02,-2.783975783491541844e-01,3.576098632108272168e-01,-2.140020645237661334e-04,-2.796374367644537395e-01
8.039999999999999147e+00,3.518899031222623708e-01,-1.362730027047460990e-02,-2.791043368001175917e-01,3.518925354326950528e-01,-1.362976819491459185e-02,-2.791014329700645669e-01,3.589512609935612275e-01,1.068458299357782915e-03,-2.778634822111660796e-01
8.049999999999990052e+00,3.533962148167351103e-01,-1.364195081617957696e-02,-2.784356395221957436e-01,3.533962489176703525e-01,-1.364430680125837576e-02,-2.784352626086618598e-01,3.602998827029466611e-01,1.404311844852179636e-03,-2.769935594653214483e-01
8.059999999999995168e+00,3.567919696181324207e-01,-1.367431608432520714e-02,-2.763691569682938387e-01,3.567920705337416232e-01,-1.367658923684016495e-02,-2.763690851517204283e-01,3.639367303784390995e-01,2.312002148941505464e-03,-2.748442183597535893e-01
8.069999999999993179e+00,3.619034851738836545e-01,-1.372114739906677740e-02,-2.729047125223897918e-01,3.619039117703191089e-01,-1.372335778388526599e-02,-2.729047314749264430e-01,3.698304780794555713e-01,2.369057545347885707e-03,-2.708376430966892290e-01
8.079999999999991189e+00,3.684981964937051879e-01,-1.377794344129484871e-02,-2.680563733308861663e-01,3.684998269450711628e-01,-1.378011903509423000e-02,-2.680556640356404619e-01,3.769884078198640909e-01,2.342668235432471269e-03,-2.655565789593743453e-01
8.089999999999996305e+00,3.763111386010279946e-01,-1.383952413765831592e-02,-2.618491505710797695e-01,3.763154698956479027e-01,-1.384167981637560683e-02,-2.618459758658875369e-01,3.837826088935439861e-01,2.162361946095869847e-03,-2.601645310890620122e-01
8.099999999999994316e+00,3.850648674774024838e-01,-1.390053645359552725e-02,-2.543195176737710894e-01,3.850719655830475152e-01,-1.390266732997681547e-02,-2.543133235641107381e-01,3.929051851160505482e-01,2.815079553160293457e-03,-2.525872115512360905e-01
8.109999999999992326e+00,3.944840684977776735e-01,-1.395585294003142546e-02,-2.455169714050041418e-01,3.944964088226101673e-01,-1.395803427906780296e-02,-2.455051884538323181e-01,4.042490534062567198e-01,3.488027081823968922e-03,-2.409066402648016858e-01
8.119999999999997442e+00,4.043059870684067025e-01,-1.400085557533161697e-02,-2.355051907338333861e-01,4.043236585403103822e-01,-1.400305589651237685e-02,-2.354865100323736971e-01,4.142822495085887180e-01,3.785940117894986967e-03,-2.310748486927233225e-01
8.129999999999995453e+00,4.142876149724530888e-01,-1.403161518219360124e-02,-2.243622059506827915e-01,4.143092620891043465e-01,-1.403378837614592013e-02,-2.243367488703094381e-01,4.238602835807607772e-01,3.905274246999046461e-03,-2.205779019760767401e-01
8.139999999999993463e+00,4.242103625096863562e-01,-1.404498376919493738e-02,-2.121794891891606860e-01,4.242364762421167446e-01,-1.404715875765122357e-02,-2.121453472526197703e-01,4.318079922801190129e-01,3.621177078947712680e-03,-2.113575572131590752e-01
8.149999999999998579e+00,4.338827770802357597e-01,-1.403861920797386080e-02,-1.990601320665171536e-01,4.339108581198053427e-01,-1.404078172586646980e-02,-1.990191536050081866e-01,4.433350349249350897e-01,3.331731643980651025e-03,-1.961590862305209182e-01
8.159999999999989484e+00,4.431417412636930453e-01,-1.401096026093826170e-02,-1.851163782913584355e-01,4.431688622224463359e-01,-1.401312141605260027e-02,-1.850720789182909720e-01,4.533925345333992274e-01,2.939261373984369818e-03,-1.807056226696197587e-01
8.169999999999994600e+00,4.518524919359984682e-01,-1.396116758477114125e-02,-1.704667937910643027e-01,4.518773161919851789e-01,-1.396333089668664977e-02,-1.704212199514124060e-01,4.619262572602679251e-01,2.330017013175089691e-03,-1.651937298375091290e-01
8.179999999999999716e+00,4.599077371598244146e-01,-1.388904337342238525e-02,-1.552333264908253851e-01,4.599314758422843319e-01,-1.389118519062892791e-02,-1.551840616307068599e-01,4.708209570424888302e-01,1.575350941926512149e-03,-1.457902592951858534e-01
8.189999999999990621e+00,4.672261004514309812e-01,-1.379493972796896374e-02,-1.395384582654226602e-01,4.672469615160909084e-01,-1.379708032582284243e-02,-1.394890464030524857e-01,4.764775877029334694e-01,1.343143141728758705e-03,-1.313373831919915080e-01
8.199999999999995737e+00,4.737500859189110458e-01,-1.367966327370675507e-02,-1.235025975158504374e-01,4.737675822290934868e-01,-1.368188809271842464e-02,-1.234546995846260015e-01,4.813967628187608705e-01,6.347021299741018030e-04,-1.163540453563116639e-01
8.209999999999993747e+00,4.794437280432545800e-01,-1.354438154166531794e-02,-1.072418102401338641e-01,4.794585205993072696e-01,-1.354686203191260430e-02,-1.071942339565412905e-01,4.862346270594490871e-01,-1.260481284796333146e-04,-9.945224302220434520e-02
8.219999999999991758e+00,4.842900639994101586e-01,-1.339053469172575041e-02,-9.086594381073713478e-02,4.843021085252260938e-01,-1.339344024619461108e-02,-9.081937403569556588e-02,4.896659867390510401e-01,-1.308307316702617129e-03,-8.457731895737441441e-02
8.229999999999996874e+00,4.882885425819469827e-01,-1.321975543379424155e-02,-7.447716292250877723e-02,4.882977094832546272e-01,-1.322321228162182116e-02,-7.443312367756739489e-02,4.930155253842357643e-01,-2.647164724716322137e-03,-6.802072500736133787e-02
8.239999999999994884e+00,4.914524622294294542e-01,-1.303379817200555658e-02,-5.816889001936530190e-02,4.914590346336686344e-01,-1.303773958510818891e-02,-5.812767835785477566e-02,4.950764510690660591e-01,-4.074033915840657993e-03,-5.600107735124126851e-02
8.249999999999992895e+00,4.938065103468269323e-01,-1.283447805585103373e-02,-4.202512344914133280e-02,4.938110294319615901e-01,-1.283871533025258797e-02,-4.198502961560072327e-02,4.964364606322230200e-01,-5.464506042824612830e-03,-4.577394103221732458e-02
8.259999999999998010e+00,4.953844577388928361e-01,-1.262362012679939249e-02,-2.612009430441490643e-02,4.953869809308163452e-01,-1.262804078491988960e-02,-2.608258496516340300e-02,4.981609069671255052e-01,-6.754878724198470907e-03,-2.934475158965466068e-02
8.269999999999996021e+00,4.962270457855387784e-01,-1.240301786399670980e-02,-1.051821502012441692e-02,4.962278405142346305e-01,-1.240759471284097297e-02,-1.048363533867074059e-02,4.990009236041288432e-01,-7.939840615205917551e-03,-1.695623050443906266e-02
8.279999999999994031e+00,4.963800895727352724e-01,-1.217440054364707022e-02,4.725729758678109613e-03,4.963794341283115363e-01,-1.217913805967374245e-02,4.758331364765245111e-03,4.992695604299077217e-01,-9.173357922568459166e-03,-6.546010342390995440e-03
8.289999999999999147e+00,4.958928082800002080e-01,-1.193940874728211497e-02,1.956619877634159857e-02,4.958909122433125538e-01,-1.194432965138306560e-02,1.959660841677607693e-02,4.991426410181292184e-01,-1.056840166945408055e-02,5.713221119608036247e-03
8.299999999999990052e+00,4.948163842757776765e-01,-1.169957658279995732e-02,3.396636380172822489e-02,4.948134893480079510e-01,-1.170467461099536019e-02,3.399420476592815432e-02,4.985144527352360355e-01,-1.236504745303954045e-02,1.412319835589004313e-02
8.309999999999995168e+00,4.932027446766396039e-01,-1.145632024157778976e-02,4.789747477451471863e-02,4.931990496065469243e-01,-1.146152810534958530e-02,4.792297068749130917e-02,4.976514052730216520e-01,-1.423514921676713452e-02,2.458539099620682400e-02
8.319999999999993179e+00,4.911035533017155119e-01,-1.121093132466023830e-02,6.133815852803538304e-02,4.910991457462899890e-01,-1.121622395242625331e-02,6.136197744377613894e-02,4.965338538635221677e-01,-1.553441957330842227e-02,3.540892209116930367e-02
8.329999999999991189e+00,4.885693969737515685e-01,-1.096457452718503298e-02,7.427368254223595812e-02,4.885644926220742423e-01,-1.097001734383150351e-02,7.429546930436112251e-02,4.941558959920553384e-01,-1.733316494657224927e-02,4.899059134091077183e-02
8.339999999999996305e+00,4.856491475379713374e-01,-1.071828856491737446e-02,8.669521012219637279e-02,4.856438880948060755e-01,-1.072403474656882273e-02,8.671504132631840944e-02,4.925699572519023350e-01,-1.849362126553788510e-02,5.835435363013696808e-02
8.349999999999994316e+00,4.823894796879542590e-01,-1.047298968665563192e-02,9.859906791814920801e-02,4.823838770562210443e-01,-1.047909163782284603e-02,9.861744611552190898e-02,4.902984799028642926e-01,-2.005071386291368274e-02,7.000811736102441341e-02
8.359999999999992326e+00,4.788345243855546274e-01,-1.022947712775384294e-02,1.099860418460923278e-01,4.788287056556104759e-01,-1.023594146166109838e-02,1.100029248507302798e-01,4.867645980596866373e-01,-2.163404541309951745e-02,8.478508254168370950e-02
8.369999999999997442e+00,4.750256381427946373e-01,-9.988439918234738243e-03,1.208607131022203796e-01,4.750197204545344998e-01,-9.995166620195014909e-03,1.208760969324263329e-01,4.830383028438995363e-01,-2.293688260375043031e-02,9.775736644315624613e-02
8.379999999999995453e+00,4.710012694641753095e-01,-9.750464652368236174e-03,1.312308422227001503e-01,4.709952922444671231e-01,-9.757325947558384907e-03,1.312449214560280630e-01,4.795076822461766253e-01,-2.406839210100061854e-02,1.089087224116672692e-01
8.389999999999993463e+00,4.667969051916659451e-01,-9.516043713839272486e-03,1.411068059586298995e-01,4.667908157638926969e-01,-9.522923509849267817e-03,1.411199419417355494e-01,4.737932794570516859e-01,-2.582368561495335113e-02,1.246724764049880196e-01
8.399999999999998579e+00,4.624450811313591814e-01,-9.285583767431757063e-03,1.505010892000425426e-01,4.624390279921009039e-01,-9.292382081908814873e-03,1.505131110398784666e-01,4.669740912836827795e-01,-2.724039573864289743e-02,1.412293715641588232e-01
8.409999999999989484e+00,4.579754431431322659e-01,-9.059414082022447870e-03,1.594278321104183604e-01,4.579693997593695109e-01,-9.066009958124439036e-03,1.594389637302948692e-01,4.610751473198091421e-01,-2.804533449671831047e-02,1.544295399706504535e-01
8.419999999999994600e+00,4.534148466084281237e-01,-8.837794872368456497e-03,1.679024311458932328e-01,4.534089223672433944e-01,-8.844077668727254662e-03,1.679125873984892714e-01,4.550408116779778300e-01,-2.870933395033478663e-02,1.664010994294174983e-01
8.429999999999999716e+00,4.487874840127890619e-01,-8.620925050148378274e-03,1.759411914052741999e-01,4.487817332085017319e-01,-8.626775073537967103e-03,1.759503997790604346e-01,4.487362184864505110e-01,-2.916001052534972215e-02,1.776258482511076098e-01
8.439999999999990621e+00,4.441150319319033257e-01,-8.408949642127317228e-03,1.835610270696163004e-01,4.441094389612712523e-01,-8.414422425454941637e-03,1.835694240599634874e-01,4.424732003112149537e-01,-2.972240083940697053e-02,1.877583337906064687e-01
8.449999999999995737e+00,4.394168102593116187e-01,-8.201966673849649461e-03,1.907792061449240517e-01,4.394114158116748659e-01,-8.207177185335454844e-03,1.907868083784221569e-01,4.362242608396149635e-01,-3.026365633229916030e-02,1.969655890070032278e-01
8.459999999999993747e+00,4.347099478488102853e-01,-8.000033472157679418e-03,1.976131354819973263e-01,4.347047404101396784e-01,-8.005150518797110246e-03,1.976200368821786624e-01,4.299697041479099147e-01,-3.053941158351411445e-02,2.051613526574667112e-01
8.469999999999991758e+00,4.300095499236095131e-01,-7.803172446657127663e-03,2.040801819799703543e-01,4.300046434146521102e-01,-7.808313172394919406e-03,2.040862859170697319e-01,4.228898783742314205e-01,-2.914293912714416290e-02,2.155538327436243851e-01
8.479999999999996874e+00,4.253288636444885751e-01,-7.611376322620977235e-03,2.101975259339302626e-01,4.253243380266505946e-01,-7.616648454977122985e-03,2.102027940550813268e-01,4.155102102235890271e-01,-2.691266073032713702e-02,2.266176733882041550e-01
8.489999999999994884e+00,4.206794391140702971e-01,-7.424612735416289203e-03,2.159820426471460719e-01,4.206751570267581175e-01,-7.430153786676734276e-03,2.159867190208994425e-01,4.114210275483488610e-01,-2.682310832826864666e-02,2.304648992343429903e-01
8.499999999999992895e+00,4.160858827183425701e-01,-7.243305605399871089e-03,2.214388699107725511e-01,4.160818037172881456e-01,-7.249059093125879809e-03,2.214430502697430636e-01,4.089372793392594962e-01,-2.701005995927413528e-02,2.323166695399138115e-01
8.509999999999998010e+00,4.117291385596179021e-01,-7.072874430490613470e-03,2.264444353938588617e-01,4.117260503039456010e-01,-7.078782626131343431e-03,2.264473321275028428e-01,4.067819217700832102e-01,-2.739329069437287933e-02,2.337014868860324279e-01
8.519999999999996021e+00,4.082017044637219483e-01,-6.931773139042318038e-03,2.305122061947226797e-01,4.081976631671787592e-01,-6.937739720740567981e-03,2.305155441014593298e-01,4.060780604363094515e-01,-2.758210518781512022e-02,2.334524872425641773e-01
8.529999999999994031e+00,4.060046024691173483e-01,-6.836968767907585301e-03,2.331601516915299821e-01,4.060003067639594843e-01,-6.842909712216842244e-03,2.331628693469214308e-01,4.062584365347213788e-01,-2.772918088233963796e-02,2.321987825318789778e-01
8.539999999999999147e+00,4.053795324402630351e-01,-6.797981557857741587e-03,2.341435073652887444e-01,4.053720900481121991e-01,-6.803695678827593324e-03,2.341489771157692357e-01,4.068895688251989995e-01,-2.775269976767186231e-02,2.306946815030337383e-01
8.549999999999990052e+00,4.063993446768136009e-01,-6.818876956060480540e-03,2.333619806522242435e-01,4.063861496686136943e-01,-6.824196808235780641e-03,2.333743239468469011e-01,4.088500235552142703e-01,-2.756652376928170334e-02,2.274055182022503008e-01
8.559999999999995168e+00,4.090067401097600142e-01,-6.899628263761416885e-03,2.307984989340964577e-01,4.089898963770166596e-01,-6.904650282645191130e-03,2.308157636399260082e-01,4.119224605779321369e-01,-2.722054233645490595e-02,2.244828734697411621e-01
8.569999999999993179e+00,4.130502915088229976e-01,-7.037282254885382504e-03,2.264831113270111274e-01,4.130305905497062557e-01,-7.042056295895997471e-03,2.265048938719872729e-01,4.169454097648629398e-01,-2.706702759685805648e-02,2.184640705306768460e-01
8.579999999999991189e+00,4.183160519329803262e-01,-7.226902923828012679e-03,2.204737272105382617e-01,4.182950827569192342e-01,-7.231503675893268673e-03,2.204985766753582432e-01,4.224212532156996769e-01,-2.682368493568726420e-02,2.132753973129621894e-01
8.589999999999996305e+00,4.245538415278853894e-01,-7.462311068322557799e-03,2.128470043797803524e-01,4.245335545806971922e-01,-7.466823332059958560e-03,2.128726899519992610e-01,4.293051216667402858e-01,-2.713647357727744236e-02,2.051858553390042417e-01
8.599999999999994316e+00,4.314981770459216381e-01,-7.736648499362166684e-03,2.036945967814630110e-01,4.314795463597970726e-01,-7.741098662198546074e-03,2.037199199840915298e-01,4.357254989727168404e-01,-2.677432581270255962e-02,1.974522141015606636e-01
8.609999999999992326e+00,4.388843122606621572e-01,-8.042799761402381897e-03,1.931216792390070824e-01,4.388688288182851505e-01,-8.047227006858751960e-03,1.931445481379787665e-01,4.436182351058968187e-01,-2.678885520606327786e-02,1.871400873546534838e-01
8.619999999999997442e+00,4.464600603485791575e-01,-8.373701373796834518e-03,1.812459842811431909e-01,4.464482824046459020e-01,-8.378007102945289261e-03,1.812649639976032234e-01,4.520891016038725008e-01,-2.698693769815549426e-02,1.736045540872024340e-01
8.629999999999995453e+00,4.539940939496742711e-01,-8.722564523978681983e-03,1.681964974806111346e-01,4.539877090780071178e-01,-8.726769005137169008e-03,1.682076442572532360e-01,4.601832461136051711e-01,-2.733255707590653838e-02,1.589648310759561589e-01
8.639999999999993463e+00,4.612813619264482523e-01,-9.083030741415979575e-03,1.541115288244014891e-01,4.612793141594674906e-01,-9.086936111926938522e-03,1.541149211121085050e-01,4.652179566066436678e-01,-2.743158956119182146e-02,1.492431488655910909e-01
8.649999999999998579e+00,4.681461802126486993e-01,-9.449276097807364147e-03,1.391361979948721739e-01,4.681463532566602082e-01,-9.452654329735845837e-03,1.391347117671109246e-01,4.721031300771351136e-01,-2.687453056966726539e-02,1.323440840673384411e-01
8.659999999999989484e+00,4.744434744132769999e-01,-9.816075206758026125e-03,1.234195226986585375e-01,4.744450325923587619e-01,-9.819009976985723295e-03,1.234140660371939036e-01,4.799747013428302678e-01,-2.644495961932571970e-02,1.129195747397080396e-01
8.669999999999994600e+00,4.800585824689332370e-01,-1.017883379776174380e-02,1.071113456694779004e-01,4.800612940381017713e-01,-1.018151530112521019e-02,1.071013866116131280e-01,4.841358261364513416e-01,-2.595425064732706510e-02,9.559817526108083108e-02
8.679999999999999716e+00,4.849059672243031249e-01,-1.053359675348145529e-02,9.035932321549353108e-02,4.849082582798948104e-01,-1.053614008351596264e-02,9.034916073814096282e-02,4.879166384390074551e-01,-2.485336194726475711e-02,7.913959452856755838e-02
8.689999999999990621e+00,4.889271387152214210e-01,-1.087703667449925991e-02,7.330615627546488433e-02,4.889286486427461553e-01,-1.087949594594091879e-02,7.329753507128730639e-02,4.906376236914880007e-01,-2.380942466972543747e-02,6.726956561213581764e-02
8.699999999999995737e+00,4.920880415479825243e-01,-1.120642805039359820e-02,5.608719304513837961e-02,4.920893054338315031e-01,-1.120878889504286179e-02,5.607783804121249660e-02,4.929535040494260612e-01,-2.326888907049623478e-02,4.811050790188275972e-02
8.709999999999993747e+00,4.943761224059445292e-01,-1.151961021643081902e-02,3.882848057476344372e-02,4.943768843059035412e-01,-1.152179945775286610e-02,3.882017627557397821e-02,4.947527495675241305e-01,-2.204824605887778510e-02,3.181594720683145194e-02
8.719999999999991758e+00,4.957972550390311040e-01,-1.181494273782922148e-02,2.164529785548093346e-02,4.957975457946292019e-01,-1.181697140939458324e-02,2.163932688436490462e-02,4.956969638382668908e-01,-2.045717811677258413e-02,1.675124977359832013e-02
8.729999999999996874e+00,4.963726652058503830e-01,-1.209125587183369939e-02,4.641166589663897959e-03,4.963727178280992747e-01,-1.209322600236840788e-02,4.636843927824620820e-03,4.960403840933911290e-01,-1.895100043872513518e-02,5.938907484788535918e-03
8.739999999999994884e+00,4.961359658591254496e-01,-1.234779824743410109e-02,-1.209269110656672856e-02,4.961359049539238453e-01,-1.234975040112436945e-02,-1.209631803798893492e-02,4.961374160830581692e-01,-1.707100933749247651e-02,-7.556253013357161485e-03
8.749999999999992895e+00,4.951303837619936421e-01,-1.258418411269532702e-02,-2.847749675115695406e-02,4.951303765968770310e-01,-1.258611549170353221e-02,-2.847908946451524828e-02,4.957703529179857682e-01,-1.553286101431572419e-02,-1.997371672856984581e-02
8.759999999999998010e+00,4.934062331188143746e-01,-1.280034135054169790e-02,-4.444672080388606394e-02,4.934064840523211259e-01,-1.280219681070930357e-02,-4.444610411373313419e-02,4.947171951591509131e-01,-1.381463776925173637e-02,-3.833554912802739079e-02
8.769999999999996021e+00,4.910186697658202593e-01,-1.299646159764721379e-02,-5.994561296712214160e-02,4.910191241132986772e-01,-1.299830866565634090e-02,-5.994427539934601978e-02,4.935320908071603174e-01,-1.198442259480309025e-02,-5.130613717817400499e-02
8.779999999999994031e+00,4.880257412490258684e-01,-1.317295372928650385e-02,-7.493052077391765264e-02,4.880265907309396800e-01,-1.317488440668479997e-02,-7.492781627226252628e-02,4.919623872150362676e-01,-9.764389561746883439e-03,-6.179717876570545165e-02
8.789999999999999147e+00,4.844867334315371421e-01,-1.333040087655852288e-02,-8.936805639574166293e-02,4.844881528318248365e-01,-1.333253513015847901e-02,-8.936372790853265580e-02,4.899480540052563171e-01,-7.384423442409554506e-03,-7.287445392247693388e-02
8.799999999999990052e+00,4.804608031773241472e-01,-1.346952162048051758e-02,-1.032341650522475562e-01,4.804627499158549142e-01,-1.347185581432949059e-02,-1.032288172701770618e-01,4.879992840155011891e-01,-5.493547203583332150e-03,-8.154165008112079782e-02
8.809999999999995168e+00,4.760058784842769453e-01,-1.359113560514924393e-02,-1.165131416111463009e-01,4.760083123512713899e-01,-1.359360929851504557e-02,-1.165071487922872268e-01,4.845428743751948319e-01,-3.469423937508792077e-03,-9.547733904845989716e-02
8.819999999999993179e+00,4.711778021097828284e-01,-1.369613351856378142e-02,-1.291966339055075352e-01,4.711808920171660087e-01,-1.369867443509944528e-02,-1.291896914809179120e-01,4.806645989679709796e-01,-1.586648622612402137e-03,-1.084798854138510071e-01
8.829999999999991189e+00,4.660296916591949445e-01,-1.378545130178313732e-02,-1.412826635794516839e-01,4.660334638835688659e-01,-1.378811440508131113e-02,-1.412748872178618553e-01,4.767010205814576906e-01,-7.342253245274932283e-04,-1.199282429096173441e-01
8.839999999999996305e+00,4.606114878184753847e-01,-1.386004841797771822e-02,-1.527746880720273759e-01,4.606157149838764342e-01,-1.386307331396920660e-02,-1.527666987763997564e-01,4.721824197007565838e-01,-2.006254000884999389e-04,-1.317604047632054964e-01
8.849999999999994316e+00,4.549696626338387562e-01,-1.392088982524892354e-02,-1.636807207194462266e-01,4.549744456283009164e-01,-1.392452869207366425e-02,-1.636723283987189248e-01,4.665385773687195092e-01,1.288959976733256019e-03,-1.450690596743100524e-01
8.859999999999992326e+00,4.491470609518876667e-01,-1.396893137416059874e-02,-1.740125203057458214e-01,4.491524090143038106e-01,-1.397331951210078853e-02,-1.740037549327309307e-01,4.603799555657663856e-01,2.915474662543715567e-03,-1.586371387599063709e-01
8.869999999999997442e+00,4.431828501164889467e-01,-1.400510828261665106e-02,-1.837848565868091255e-01,4.431886366421522450e-01,-1.401015566757547563e-02,-1.837759904997468274e-01,4.537019808028726064e-01,3.261827513177995019e-03,-1.718775792717562867e-01
8.879999999999995453e+00,4.371125554569811333e-01,-1.403032623348984820e-02,-1.930148544282199174e-01,4.371187430812927266e-01,-1.403586998281846840e-02,-1.930059691705373615e-01,4.468287888309319111e-01,3.506485261014963273e-03,-1.840842402499188735e-01
8.889999999999993463e+00,4.309681617332446479e-01,-1.404545471331818986e-02,-2.017214161893959579e-01,4.309747612325007249e-01,-1.405127626480689486e-02,-2.017125105079901615e-01,4.386874222708744275e-01,3.552170457839787243e-03,-1.972118870523065226e-01
8.899999999999998579e+00,4.247782633628879312e-01,-1.405132248325641903e-02,-2.099247197339808857e-01,4.247852195726133373e-01,-1.405725361637068065e-02,-2.099158839096440798e-01,4.303372409798681408e-01,3.338332953697037420e-03,-2.096282185646356488e-01
8.909999999999989484e+00,4.185682490053254656e-01,-1.404871445446706502e-02,-2.176457877569340782e-01,4.185754649053880505e-01,-1.405468159839074783e-02,-2.176371485561476027e-01,4.210044896792141111e-01,3.077345681265414301e-03,-2.221025550299904339e-01
8.919999999999994600e+00,4.123605083937987303e-01,-1.403837010538342908e-02,-2.249061231539660755e-01,4.123679962816131916e-01,-1.404435563380324915e-02,-2.248976458356499175e-01,4.125366906204886996e-01,2.971819735363645520e-03,-2.324023854939313294e-01
8.929999999999999716e+00,4.061746516919240158e-01,-1.402098288848456845e-02,-2.317274044608121364e-01,4.061823607065591646e-01,-1.402700260633550113e-02,-2.317191335737680824e-01,4.044695719456875560e-01,3.292859287998051165e-03,-2.412776742717125389e-01
8.939999999999990621e+00,4.000277335953661417e-01,-1.399720042553511366e-02,-2.381312351715589026e-01,4.000356111612139998e-01,-1.400323221342569986e-02,-2.381232135621612067e-01,3.955453881045264408e-01,3.120959137496492897e-03,-2.505717264473629191e-01
8.949999999999995737e+00,3.939344761076056245e-01,-1.396762559622378476e-02,-2.441389407573952841e-01,3.939424918906043738e-01,-1.397363725333573316e-02,-2.441311808744149048e-01,3.884045952171162330e-01,2.764274297693075644e-03,-2.573607921779517138e-01
8.959999999999993747e+00,3.879074855405846844e-01,-1.393281782401530576e-02,-2.497714073692565984e-01,3.879156198814998624e-01,-1.393875576203714405e-02,-2.497639109269257640e-01,3.803263002694993178e-01,2.227334537704572792e-03,-2.642611749626104789e-01
8.969999999999991758e+00,3.819574603737512231e-01,-1.389329496157111314e-02,-2.550489566047243750e-01,3.819659667277268689e-01,-1.389917553385878329e-02,-2.550414574149052482e-01,3.715326986781724017e-01,2.582152790900793526e-03,-2.707708713347937168e-01
8.979999999999996874e+00,3.760933877797660307e-01,-1.384953527071922444e-02,-2.599912510998175219e-01,3.761021916651992592e-01,-1.385533588984112253e-02,-2.599838224448213220e-01,3.656648365205449336e-01,3.053573956560112768e-03,-2.751480848395473355e-01
8.989999999999994884e+00,3.703227273659280283e-01,-1.380197960361597385e-02,-2.646172262094026451e-01,3.703315317386506877e-01,-1.380768496147904804e-02,-2.646101303442807695e-01,3.600843443547337985e-01,2.777194158911977517e-03,-2.789266663440930216e-01
8.999999999999992895e+00,3.646841582798002190e-01,-1.375159657663249657e-02,-2.689339439978346569e-01,3.646930660953752734e-01,-1.375720005637923703e-02,-2.689270895981191734e-01,3.567249945484944895e-01,3.361240663472542245e-03,-2.809982813037648075e-01
9.009999999999998010e+00,3.594764354795978445e-01,-1.370285715476961957e-02,-2.728314536388875555e-01,3.594856381758193553e-01,-1.370832909894920473e-02,-2.728247065134852267e-01,3.535878537941583577e-01,4.105459128056682117e-03,-2.825969539830897048e-01
9.019999999999996021e+00,3.553980886194922362e-01,-1.366434923975898622e-02,-2.759692216611730475e-01,3.554063976770189259e-01,-1.366966021077587953e-02,-2.759632207446233720e-01,3.523585996863907166e-01,4.673038251481659300e-03,-2.828162729499474892e-01
9.029999999999994031e+00,3.529887707199496627e-01,-1.364128032801695083e-02,-2.779941580188990957e-01,3.529979041176768972e-01,-1.364643235326291372e-02,-2.779870500648894405e-01,3.522829875924529119e-01,5.180868231663832146e-03,-2.823340642128727707e-01
9.039999999999999147e+00,3.524914867242535665e-01,-1.363646918447837530e-02,-2.787217701090499156e-01,3.524968748146674602e-01,-1.364142441830941063e-02,-2.787175884419382244e-01,3.539224460628717095e-01,6.017646284588396011e-03,-2.803892299201199423e-01
9.049999999999990052e+00,3.539625158166689323e-01,-1.365066483959227576e-02,-2.780727785453620537e-01,3.539648456956826506e-01,-1.365544668496946647e-02,-2.780712983032360697e-01,3.566673384950536096e-01,6.604600630228218971e-03,-2.774541854511602956e-01
9.059999999999995168e+00,3.573222719599669084e-01,-1.368245468653840093e-02,-2.760214408717847068e-01,3.573239085847884633e-01,-1.368709254966942249e-02,-2.760206419629511743e-01,3.600525773847509381e-01,5.761277174425483150e-03,-2.758262219520526415e-01
9.069999999999993179e+00,3.623978328657570525e-01,-1.372862248616201278e-02,-2.725682473819329710e-01,3.624006784119980784e-01,-1.373313860788822997e-02,-2.725663402036485050e-01,3.632787300172217737e-01,3.620873464120211160e-03,-2.758275889754838728e-01
9.079999999999991189e+00,3.689571555417276993e-01,-1.378469556124465797e-02,-2.677280122149038877e-01,3.689610303889330756e-01,-1.378909487122885989e-02,-2.677250304830846583e-01,3.714599201526767036e-01,3.874243032173124712e-03,-2.700934712053991715e-01
9.089999999999996305e+00,3.767356090293337290e-01,-1.384551739694327328e-02,-2.615264761719974240e-01,3.767396054514229320e-01,-1.384979982748425591e-02,-2.615231828884866938e-01,3.800584835694044150e-01,2.976758558821374079e-03,-2.628608706167514519e-01
9.099999999999994316e+00,3.854559463594080526e-01,-1.390575368631865108e-02,-2.540007737737849935e-01,3.854598007776286472e-01,-1.390992487803368975e-02,-2.539973784172177562e-01,3.889714830039252558e-01,3.109061667804557949e-03,-2.552735752378165746e-01
9.109999999999992326e+00,3.948429570636004526e-01,-1.396029137460308434e-02,-2.452009727643553461e-01,3.948471678480814928e-01,-1.396435230136614837e-02,-2.451968376287566309e-01,3.992270895172757017e-01,2.916251922609414127e-03,-2.464837365610753617e-01
9.119999999999997442e+00,4.046339322274585260e-01,-1.400452338569477956e-02,-2.351912287138024915e-01,4.046387525807852437e-01,-1.400846572521337492e-02,-2.351858689191959617e-01,4.101301055680072194e-01,2.791226513380679064e-03,-2.359114908866245530e-01
9.129999999999995453e+00,4.145858758329676319e-01,-1.403452870530259335e-02,-2.240499589574940498e-01,4.145913228946803697e-01,-1.403832673424969257e-02,-2.240430532771025551e-01,4.207971528630264357e-01,2.344769663456980346e-03,-2.245215067766641592e-01
9.139999999999993463e+00,4.244801937976666051e-01,-1.404716549022057975e-02,-2.118689420086289910e-01,4.244845149320744526e-01,-1.405082232565696768e-02,-2.118628585879554216e-01,4.309671950909244043e-01,1.415714510155458017e-03,-2.134245885249683727e-01
9.149999999999998579e+00,4.341254231723986612e-01,-1.404009619839005803e-02,-1.987515053034394352e-01,4.341281319031691233e-01,-1.404359074085523990e-02,-1.987472524148870545e-01,4.398511338163029194e-01,9.503158964866698089e-04,-2.015993836270293382e-01
9.159999999999989484e+00,4.433584361552921349e-01,-1.401176301790145462e-02,-1.848100677150575910e-01,4.433591436246919759e-01,-1.401507741085890671e-02,-1.848087918977668054e-01,4.514467401981711037e-01,5.477674257961528959e-05,-1.844297423492775589e-01
9.169999999999994600e+00,4.520444619021272703e-01,-1.396132909001903712e-02,-1.701633187627598631e-01,4.520438087542473782e-01,-1.396446755653323220e-02,-1.701646005532511108e-01,4.607054940347375949e-01,-7.356996825957085040e-04,-1.681449356272993745e-01
9.179999999999999716e+00,4.600762039332821907e-01,-1.388859842726706401e-02,-1.549332865187819930e-01,4.600748397623627417e-01,-1.389157728345304793e-02,-1.549363397687844313e-01,4.693309232233723316e-01,-1.860623684826617774e-03,-1.499749994492317606e-01
9.189999999999990621e+00,4.673722836444954565e-01,-1.379392439977660326e-02,-1.392424967362837218e-01,4.673706558494513108e-01,-1.379676251457202275e-02,-1.392466489717026357e-01,4.755456730587722669e-01,-2.444507441550947124e-03,-1.343041854764767118e-01
9.199999999999995737e+00,4.738752040309195390e-01,-1.367811438856126119e-02,-1.232113717467785141e-01,4.738737155658588884e-01,-1.368084024547587714e-02,-1.232157751216484270e-01,4.799640666848082882e-01,-2.975717566809976677e-03,-1.212775118479506586e-01
9.209999999999993747e+00,4.795489977996418851e-01,-1.354233624872374850e-02,-1.069559671448834931e-01,4.795475432804201521e-01,-1.354495581684108524e-02,-1.069609596025581505e-01,4.849596240084323995e-01,-4.045329477703057952e-03,-1.043920565018706670e-01
9.219999999999991758e+00,4.843766980754919960e-01,-1.338803010080636888e-02,-9.058610056111923714e-02,4.843753763841349702e-01,-1.339056472516320616e-02,-9.059151046836468046e-02,4.899826517467152920e-01,-5.198389084353188805e-03,-8.411872488112914770e-02
9.229999999999996874e+00,4.883577459485043404e-01,-1.321682829862005394e-02,-7.420389205844013514e-02,4.883566675652409872e-01,-1.321930211277906955e-02,-7.420935935622947899e-02,4.931458654717243428e-01,-6.746638857228204333e-03,-6.776323956386265390e-02
9.239999999999994884e+00,4.915054274773748011e-01,-1.303048455363847204e-02,-5.790270841789633971e-02,4.915045030566638218e-01,-1.303295889517653260e-02,-5.790873546968215019e-02,4.952900555882032707e-01,-8.235444254398677222e-03,-5.511422341314531348e-02
9.249999999999992895e+00,4.938444123091740856e-01,-1.283081308864290025e-02,-4.176648479228814437e-02,4.938438248213037340e-01,-1.283336906329624223e-02,-4.177186487365381479e-02,4.967477998924934024e-01,-9.502138779187374595e-03,-4.390913991080536150e-02
9.259999999999998010e+00,4.954084478047812157e-01,-1.261963780187211684e-02,-2.586938452722489443e-02,4.954080899734614185e-01,-1.262235691993045424e-02,-2.587459308783350911e-02,4.980365120074375374e-01,-1.109444668692874392e-02,-3.068878831875798685e-02
9.269999999999996021e+00,4.962382462294842589e-01,-1.239875079993464288e-02,-1.027575018777029427e-02,4.962381200462315789e-01,-1.240167628605467857e-02,-1.027984518701223482e-02,4.989559640913742156e-01,-1.211853766559947698e-02,-1.760682176511663144e-02
9.279999999999994031e+00,4.963795881477414684e-01,-1.216987988267666763e-02,4.959703283844172327e-03,4.963795959318789697e-01,-1.217298930697436124e-02,4.956495067659365955e-03,4.992438919320775215e-01,-1.353964977392879687e-02,-2.808577872368100969e-03
9.289999999999999147e+00,4.958816533110213531e-01,-1.193466398901358271e-02,1.979150264108656132e-02,4.958817109513596888e-01,-1.193790745616685710e-02,1.978933967784346493e-02,4.990695136393442088e-01,-1.475920780338060845e-02,7.400257831590595359e-03
9.299999999999990052e+00,4.947955804043179806e-01,-1.169463554315622149e-02,3.418288444969760920e-02,4.947955955543545392e-01,-1.169795890383969715e-02,3.418185093043728945e-02,4.985375661165307726e-01,-1.585891154177662687e-02,1.525604229700627812e-02
9.309999999999995168e+00,4.931732493460647127e-01,-1.145120897201061354e-02,4.810515932986071663e-02,4.931731997832576875e-01,-1.145460910141066560e-02,4.810474978988287659e-02,4.971542325428227049e-01,-1.834826371502840114e-02,2.959498350576339476e-02
9.319999999999993179e+00,4.910662740447401808e-01,-1.120567408311536062e-02,6.153700990468215920e-02,4.910660592839414251e-01,-1.120915131923385169e-02,6.153752560826279000e-02,4.958322055664720618e-01,-1.953092827268393394e-02,4.090764009322245265e-02
9.329999999999991189e+00,4.885251894964675601e-01,-1.095919383923634090e-02,7.446375412210058664e-02,4.885248262788980389e-01,-1.096272005883792804e-02,7.446478581537221975e-02,4.939043123287426562e-01,-2.066862126258556254e-02,5.129245913024094161e-02
9.339999999999996305e+00,4.855988145929271971e-01,-1.071280516573975931e-02,8.687660016445378219e-02,4.855982148216416716e-01,-1.071632878901844325e-02,8.687835450442837892e-02,4.913879919695047782e-01,-2.190367063956363824e-02,6.480283952524101831e-02
9.349999999999994316e+00,4.823337706633016864e-01,-1.046742260795254995e-02,9.877191394109503808e-02,4.823329341324426034e-01,-1.047087022357641103e-02,9.877421387164501965e-02,4.885937681182180858e-01,-2.322315061802102121e-02,7.710306700968461158e-02
9.359999999999992326e+00,4.787741355527176390e-01,-1.022384376899070600e-02,1.101505150952507006e-01,4.787730554510142289e-01,-1.022736619820402426e-02,1.101532491455769758e-01,4.849703757762918177e-01,-2.439822515095149691e-02,9.179133034102671118e-02
9.369999999999997442e+00,4.749612134863873125e-01,-9.982756064596708806e-03,1.210170132187705777e-01,4.749598434915996426e-01,-9.986846360285484350e-03,1.210201931785270801e-01,4.807919255953434501e-01,-2.521666188432708511e-02,1.046609331071925997e-01
9.379999999999995453e+00,4.709334019902370327e-01,-9.744744628476348716e-03,1.313791922258457090e-01,4.709317787351497420e-01,-9.749918726229598806e-03,1.313826136640406372e-01,4.765797133593786539e-01,-2.618703754166276654e-02,1.175579099014656403e-01
9.389999999999993463e+00,4.667261386508810839e-01,-9.510300423709566742e-03,1.412474475661437412e-01,4.667241594968711826e-01,-9.517203250343326051e-03,1.412512799004756459e-01,4.713746308702533305e-01,-2.713654137407228717e-02,1.311699709448982398e-01
9.399999999999998579e+00,4.623719120616214262e-01,-9.279828746442604290e-03,1.506342785454068967e-01,4.623696688219184336e-01,-9.288622008788697051e-03,1.506382538990594933e-01,4.659321302145842392e-01,-2.765209994094949830e-02,1.442042409794425106e-01
9.409999999999989484e+00,4.579003231388200645e-01,-9.053657696478716391e-03,1.595538358890094544e-01,4.578977929468730501e-01,-9.064238346799742205e-03,1.595579900193349054e-01,4.604812421864094008e-01,-2.795300530368852177e-02,1.561862057966678652e-01
9.419999999999994600e+00,4.533381847808461984e-01,-8.832046303884602892e-03,1.680215231551631383e-01,4.533353064923026920e-01,-8.843986847109280153e-03,1.680259740587019823e-01,4.531298625959161441e-01,-2.808484977398631455e-02,1.709329093917107967e-01
9.429999999999999716e+00,4.487096495396273310e-01,-8.615192451133912160e-03,1.760536495146307889e-01,4.487064045239042009e-01,-8.628197818453467102e-03,1.760584120934893249e-01,4.468940289881644379e-01,-2.837972030138657953e-02,1.817406312016568437e-01
9.439999999999990621e+00,4.440363566672201334e-01,-8.403240194919347344e-03,1.836671305758946493e-01,4.440327871190046238e-01,-8.417035967863410739e-03,1.836721117265208980e-01,4.400389919698556307e-01,-2.851774778714111225e-02,1.924944235703076600e-01
9.449999999999995737e+00,4.393375913442672531e-01,-8.196286683758444505e-03,1.908792335047539979e-01,4.393337605667901880e-01,-8.210761955500293918e-03,1.908843138044768462e-01,4.353083051030997019e-01,-2.852206309140897789e-02,1.997995038625456354e-01
9.459999999999993747e+00,4.346304502906560563e-01,-7.994388433545017436e-03,1.977073623891569265e-01,4.346263961150143018e-01,-8.009769575168844760e-03,1.977124681445661669e-01,4.280546419607307307e-01,-2.832999824483117823e-02,2.092493771007700731e-01
9.469999999999991758e+00,4.299300091049304551e-01,-7.797567151786054251e-03,2.041688797641930120e-01,4.299257982268010481e-01,-7.813987938949797790e-03,2.041739095145148342e-01,4.155042864659003188e-01,-2.362935224696541270e-02,2.288674572004464336e-01
9.479999999999996874e+00,4.252494877521467709e-01,-7.605814877619667715e-03,2.102809602413218404e-01,4.252450979804905384e-01,-7.623450240108931367e-03,2.102859451889774189e-01,4.110474588576064070e-01,-2.353390455739409748e-02,2.331143158922501790e-01
9.489999999999994884e+00,4.206004114480850764e-01,-7.419098701015669831e-03,2.160604723871859811e-01,4.205958436709090753e-01,-7.437634274538398350e-03,2.160654262888666854e-01,4.077328672931628262e-01,-2.369306939686333102e-02,2.356646689912910153e-01
9.499999999999992895e+00,4.160174149294450507e-01,-7.238170554716351346e-03,2.215047630330810313e-01,4.160128494557854828e-01,-7.257237963312087800e-03,2.215094796518592146e-01,4.051803945439776955e-01,-2.350774551440790172e-02,2.377466880160796769e-01
9.509999999999998010e+00,4.117403226701132901e-01,-7.070303252146210166e-03,2.264380447128302443e-01,4.117356647906274536e-01,-7.089629752705209863e-03,2.264426651074753216e-01,4.031413711178649661e-01,-2.346098472713456506e-02,2.384115641448927292e-01
9.519999999999996021e+00,4.083548488243703978e-01,-6.933926418449399241e-03,2.303676370925256123e-01,4.083505632657169482e-01,-6.953331963793169500e-03,2.303715235658911342e-01,4.025515964029922067e-01,-2.329637971880038627e-02,2.381365129994740260e-01
9.529999999999994031e+00,4.063294643932859884e-01,-6.845091873144847419e-03,2.328417121003495405e-01,4.063274059972418195e-01,-6.864509257738631194e-03,2.328420016277347460e-01,4.028224837071047171e-01,-2.306599549863427856e-02,2.368827110381974688e-01
9.539999999999999147e+00,4.058854223189652943e-01,-6.812654400380800147e-03,2.336342160153313252e-01,4.058798932603838172e-01,-6.831756105391626442e-03,2.336384676070059618e-01,4.040488310503334013e-01,-2.277062883879307775e-02,2.347364735388889345e-01
9.549999999999990052e+00,4.070797527602652566e-01,-6.840175858980314383e-03,2.326558353278949665e-01,4.070703717349233863e-01,-6.858869768251296857e-03,2.326651598449492875e-01,4.058596616708065596e-01,-2.251409530722894847e-02,2.319114559941687359e-01
9.559999999999995168e+00,4.098436382759642060e-01,-6.927265355081247550e-03,2.298958510471850736e-01,4.098332757175958685e-01,-6.945606974589908778e-03,2.299069350084576024e-01,4.099028712639908312e-01,-2.172730392443186775e-02,2.277226064858730581e-01
9.569999999999993179e+00,4.140179327237076823e-01,-7.070719028184674695e-03,2.253881667079337403e-01,4.140071345475495046e-01,-7.088684337085113772e-03,2.254005651445970537e-01,4.144426046991515067e-01,-2.154985080582719204e-02,2.227424916306601776e-01
9.579999999999991189e+00,4.193841532205193623e-01,-7.265439902395043510e-03,2.191933526472298333e-01,4.193740507342721413e-01,-7.283048084867306191e-03,2.192057685786533150e-01,4.212056050313924827e-01,-2.106895695866808915e-02,2.155951404974296715e-01
9.589999999999996305e+00,4.256901366624807337e-01,-7.505156677235405582e-03,2.113902355764110397e-01,4.256821519248814578e-01,-7.522440494788601613e-03,2.114006073199619917e-01,4.272215745283535204e-01,-2.082311272743728181e-02,2.094951317569748728e-01
9.599999999999994316e+00,4.326703882600879680e-01,-7.782970894534352140e-03,2.020724502503221387e-01,4.326647325899042884e-01,-7.799915665695246469e-03,2.020801636794282152e-01,4.356040564657009950e-01,-2.073396094314489124e-02,1.993404120736197438e-01
9.609999999999992326e+00,4.400616173606795578e-01,-8.091765228065563725e-03,1.913470358831734219e-01,4.400598619830013991e-01,-8.108490044977404929e-03,1.913495755896274242e-01,4.440631315283356528e-01,-2.037454771075805637e-02,1.877118358689501276e-01
9.619999999999997442e+00,4.476141361039481237e-01,-8.424502321147345207e-03,1.793334294730256628e-01,4.476167442592483559e-01,-8.441027529628660625e-03,1.793288102092725766e-01,4.517383117217235178e-01,-2.041501275076268440e-02,1.756672124089143638e-01
9.629999999999995453e+00,4.550998103960737784e-01,-8.774439451451489236e-03,1.661620773152670816e-01,4.551057915980888380e-01,-8.790709306696207342e-03,1.661503815146635477e-01,4.605403781159097543e-01,-2.063610421043771126e-02,1.599233577730253542e-01
9.639999999999993463e+00,4.623171926796619813e-01,-9.135278047102429744e-03,1.519724251362168099e-01,4.623251291466131119e-01,-9.151250530114164033e-03,1.519549135755074720e-01,4.672323621798730731e-01,-2.086148138320989553e-02,1.465379569389823056e-01
9.649999999999998579e+00,4.690943845999860362e-01,-9.501262974991285526e-03,1.369103456482622660e-01,4.691043393879053558e-01,-9.517034723560456946e-03,1.368854166839279518e-01,4.731606011239093412e-01,-2.046719969502217018e-02,1.334868439735754642e-01
9.659999999999989484e+00,4.752900992879309783e-01,-9.867242697524716832e-03,1.211251997471416431e-01,4.752998808793016394e-01,-9.882799290957013094e-03,1.210967622426781382e-01,4.792677108415897003e-01,-1.961211754333966328e-02,1.171045757770740048e-01
9.669999999999994600e+00,4.807933250598213082e-01,-1.022869886993836228e-02,1.047667660537903306e-01,4.808018100454932164e-01,-1.024412415696025237e-02,1.047374556605424195e-01,4.847108900029377665e-01,-1.889494524515039631e-02,9.919910263933540140e-02
9.679999999999999716e+00,4.855219349486768476e-01,-1.058175173506571871e-02,8.798225661312104873e-02,4.855288864814842897e-01,-1.059710581381670055e-02,8.795286058668165541e-02,4.887024221490690046e-01,-1.787294742438702566e-02,8.205817583891839018e-02
9.689999999999990621e+00,4.894205369781244319e-01,-1.092314705552221814e-02,7.091359328640647885e-02,4.894263612483631398e-01,-1.093841456470187601e-02,7.088228260913330414e-02,4.917321380018848664e-01,-1.765014842269974071e-02,6.465315183694864132e-02
9.699999999999995737e+00,4.924578162200881626e-01,-1.125022855138200009e-02,5.369506705458567536e-02,4.924618606248666319e-01,-1.126523178869085623e-02,5.366514401600928214e-02,4.938646120862888456e-01,-1.675180053004271530e-02,4.828569287158535062e-02
9.709999999999993747e+00,4.946235793510800893e-01,-1.156089990282147678e-02,3.645145184553272993e-02,4.946259054551846446e-01,-1.157547562142432693e-02,3.642403951611413587e-02,4.954455702799199779e-01,-1.581158416824812729e-02,3.066816993152698956e-02
9.719999999999991758e+00,4.959256750897225730e-01,-1.185357940899303686e-02,1.929660042666160591e-02,4.959266641783074969e-01,-1.186773642887513358e-02,1.926972067370232022e-02,4.963469608926868171e-01,-1.444265770896438483e-02,1.471682953582786890e-02
9.729999999999996874e+00,4.963869291666250239e-01,-1.212714986238165073e-02,2.332514799835039288e-03,4.963866486360758445e-01,-1.214089361516702478e-02,2.307378839926195122e-03,4.965855044659590600e-01,-1.337340010527704459e-02,1.590798549502836501e-03
9.739999999999994884e+00,4.960422005515084387e-01,-1.238090619080697841e-02,-1.435114210450021306e-02,4.960409035024517244e-01,-1.239428853238046246e-02,-1.437266169578637308e-02,4.965593695414841635e-01,-1.149291682478337240e-02,-1.265658399477631590e-02
9.749999999999992895e+00,4.949356369640647291e-01,-1.261450260340741571e-02,-3.067714389493432156e-02,4.949336202599485812e-01,-1.262747344749156134e-02,-3.069564298449057455e-02,4.960929320868814330e-01,-9.950200514833223986e-03,-2.450018345100479777e-02
9.759999999999998010e+00,4.931181824148878623e-01,-1.282790076077060769e-02,-4.658046751922556572e-02,4.931158123307808894e-01,-1.284036548261313984e-02,-4.659531078322214082e-02,4.949482719521032248e-01,-8.678978971980083612e-03,-4.185025283280996433e-02
9.769999999999996021e+00,4.906453679630637943e-01,-1.302132039805418799e-02,-6.200779320408197903e-02,4.906429382281843887e-01,-1.303314100833691432e-02,-6.201922078589815202e-02,4.937513329347215096e-01,-7.215909566495010141e-03,-5.269369902932119487e-02
9.779999999999994031e+00,4.875753990289168893e-01,-1.319519300571576383e-02,-7.691680073377586691e-02,4.875730984081577124e-01,-1.320632177627060165e-02,-7.692535200704811449e-02,4.919158550055481305e-01,-5.480236819876610488e-03,-6.464944113465886932e-02
9.789999999999999147e+00,4.839675384357363663e-01,-1.335011936137815713e-02,-9.127532089767823043e-02,4.839655231927288970e-01,-1.336052942538968127e-02,-9.128137102038473560e-02,4.895697193222383614e-01,-3.784199638115631759e-03,-7.622214624063516908e-02
9.799999999999990052e+00,4.798807734945485515e-01,-1.348683132770398321e-02,-1.050603950632215955e-01,4.798790292450512696e-01,-1.349654507978036502e-02,-1.050647062754347938e-01,4.871605217365770901e-01,-1.787360279563554588e-03,-8.624379058958686617e-02
9.809999999999995168e+00,4.753727477685667502e-01,-1.360615800180148098e-02,-1.182572881712177226e-01,4.753712955298319831e-01,-1.361518505481766096e-02,-1.182602334318011289e-01,4.841863811853117650e-01,-5.604671724807053224e-04,-9.769990159371266802e-02
9.819999999999993179e+00,4.704989331289878285e-01,-1.370899606532078457e-02,-1.308584926744003341e-01,4.704978229865990347e-01,-1.371757638621723396e-02,-1.308602225445495704e-01,4.795596205680803248e-01,1.969300259648254503e-04,-1.127872821150934790e-01
9.829999999999991189e+00,4.653120146622213849e-01,-1.379628466960781431e-02,-1.428627535692736372e-01,4.653112335622692219e-01,-1.380477726664641400e-02,-1.428635074781104963e-01,4.747728596910351095e-01,1.233799961032205905e-03,-1.258628835434340010e-01
9.839999999999996305e+00,4.598614602552948405e-01,-1.386898403967693101e-02,-1.542741369051256750e-01,4.598609849838518060e-01,-1.387778163003181194e-02,-1.542741060367751604e-01,4.700449980161462982e-01,1.320423078251059534e-03,-1.377534686954764442e-01
9.849999999999994316e+00,4.541932467111240990e-01,-1.392805802273630253e-02,-1.651011582400536415e-01,4.541932604237680637e-01,-1.393735231626682010e-02,-1.651000946203610709e-01,4.653240548224979456e-01,3.155359238142418921e-03,-1.482151387442333101e-01
9.859999999999992326e+00,4.483497158530374560e-01,-1.397445975595701384e-02,-1.753559815376609099e-01,4.483500707715525335e-01,-1.398429296128293926e-02,-1.753543050337596498e-01,4.593722001031124158e-01,3.291001626306133687e-03,-1.609225302594089468e-01
9.869999999999997442e+00,4.423695358927920984e-01,-1.400912055332832924e-02,-1.850536946193530319e-01,4.423700456209682108e-01,-1.401935110189506985e-02,-1.850518128629862480e-01,4.511138621980189667e-01,3.208126071617634079e-03,-1.770943449754019960e-01
9.879999999999995453e+00,4.362877459814750170e-01,-1.403294129060784698e-02,-1.942116633111103663e-01,4.362882174289156034e-01,-1.404345773837729038e-02,-1.942099142646108445e-01,4.455468312776733608e-01,3.031532061336550399e-03,-1.866399058752766793e-01
9.889999999999993463e+00,4.301358644209548054e-01,-1.404678602985792030e-02,-2.028489636175940247e-01,4.301362626966257485e-01,-1.405750940156316915e-02,-2.028473859626135356e-01,4.369510166112859917e-01,2.481469518171131039e-03,-2.003634729917298518e-01
9.899999999999998579e+00,4.239420437254525775e-01,-1.405147762545309355e-02,-2.109858890455350022e-01,4.239424649353927266e-01,-1.406239081890375830e-02,-2.109843282497303185e-01,4.287669438385318665e-01,2.090584024490499404e-03,-2.121405902681076094e-01
9.909999999999989484e+00,4.177312583717767702e-01,-1.404779489749656898e-02,-2.186435286378831944e-01,4.177316915394725383e-01,-1.405886221639167898e-02,-2.186419988361548161e-01,4.175758946949832406e-01,1.282088465221209450e-03,-2.265241861148764579e-01
9.919999999999994600e+00,4.115255134969904027e-01,-1.403647111681520857e-02,-2.258434102993653048e-01,4.115259561788193743e-01,-1.404762463544765271e-02,-2.258419154917576388e-01,4.087794071249538641e-01,7.166077633798118018e-04,-2.371053156244363747e-01
9.929999999999999716e+00,4.053440650406971990e-01,-1.401819349301840906e-02,-2.326072034202054106e-01,4.053445951988119966e-01,-1.402933940818333267e-02,-2.326056516952520470e-01,4.007269939745963239e-01,5.597868341075118437e-04,-2.456784760521011357e-01
9.939999999999990621e+00,3.992036437623827649e-01,-1.399360363893627397e-02,-2.389564745968149606e-01,3.992042591651404626e-01,-1.400464603575673518e-02,-2.389548805651210694e-01,3.908473714143674282e-01,-1.253235228836357962e-04,-2.552702061513372200e-01
9.949999999999995737e+00,3.931186773622137864e-01,-1.396329849895277565e-02,-2.449124902529466186e-01,3.931194273301785724e-01,-1.397412948059527545e-02,-2.449108094432824179e-01,3.851526836923849784e-01,-4.257570220562445495e-04,-2.606271653498187790e-01
9.959999999999993747e+00,3.871015062999054734e-01,-1.392783184061716431e-02,-2.504960602273376136e-01,3.871024088509244510e-01,-1.393835665877233426e-02,-2.504942881014306511e-01,3.757090067692124835e-01,-1.854862141540070120e-03,-2.696024467750638420e-01
9.969999999999991758e+00,3.811625901819118978e-01,-1.388771611278177311e-02,-2.557274167240453644e-01,3.811636480005159977e-01,-1.389783091124028105e-02,-2.557255638498169281e-01,3.611379533528731312e-01,-5.855857935399833014e-03,-2.837285614498461506e-01
9.979999999999996874e+00,3.753107025939851904e-01,-1.384342445875646338e-02,-2.606261234605916077e-01,3.753118823120329406e-01,-1.385301935807991061e-02,-2.606242341023927711e-01,3.558627265201179668e-01,-5.338651988116893676e-03,-2.865568702640318710e-01
9.989999999999994884e+00,3.695531130278931764e-01,-1.379539294790700470e-02,-2.652110103357475102e-01,3.695542644404311572e-01,-1.380438167738387220e-02,-2.652092264871856453e-01,3.512337131990173056e-01,-5.044833295887757307e-03,-2.889628706222264753e-01
9.999999999999992895e+00,3.639219169042196556e-01,-1.374447726256045055e-02,-2.694913259982070208e-01,3.639230893238984965e-01,-1.375288043860664784e-02,-2.694895954393856652e-01,3.483477242829638998e-01,-4.668166094308923153e-03,-2.903187103875681796e-01
1.000999999999999801e+01,3.586790394412111560e-01,-1.369473952305730151e-02,-2.733765530469051130e-01,3.586802919472081852e-01,-1.370259445637617667e-02,-2.733747755937025459e-01,3.465307535072231770e-01,-4.053165046653678383e-03,-2.907685539012310194e-01
1.001999999999999602e+01,3.545291635181358481e-01,-1.365508231711783441e-02,-2.765349583385821597e-01,3.545315965977354766e-01,-1.366243658187065411e-02,-2.765319456884726690e-01,3.461800262231213843e-01,-3.146900912557620833e-03,-2.901924700869896734e-01
1.002999999999999403e+01,3.520332744951977233e-01,-1.363090364903057558e-02,-2.786029599956509895e-01,3.520327111455611169e-01,-1.363777138911446626e-02,-2.786024068864070280e-01,3.469887602557015782e-01,-2.725781521811215802e-03,-2.888975293568123437e-01
1.003999999999999915e+01,3.514466836911406267e-01,-1.362513894455895901e-02,-2.793883927552753832e-01,3.514433128320648692e-01,-1.363159073207428386e-02,-2.793903264231998862e-01,3.486392516716784185e-01,-2.447743677360947334e-03,-2.871281540968863011e-01
1.004999999999999005e+01,3.528344362719177951e-01,-1.363865306039444003e-02,-2.788074360832886178e-01,3.528310295846660560e-01,-1.364478153839659806e-02,-2.788095208548121429e-01,3.518407721488638895e-01,-1.920900771097161508e-03,-2.844954523532398083e-01
1.005999999999999517e+01,3.561228940981771007e-01,-1.367012431906238813e-02,-2.768314850735495436e-01,3.561202611251906291e-01,-1.367599183081014309e-02,-2.768330177493055766e-01,3.544091722892220853e-01,-2.300022453529088073e-03,-2.830158544212866278e-01
1.006999999999999318e+01,3.611428737721630311e-01,-1.371639265383025642e-02,-2.734589182885277525e-01,3.611408720888482082e-01,-1.372204337285337465e-02,-2.734600028360890112e-01,3.602101084806065279e-01,-2.494402739602968877e-03,-2.795908086219061062e-01
1.007999999999999119e+01,3.676643780966597497e-01,-1.377300588329425160e-02,-2.687026802233846157e-01,3.676627508197306549e-01,-1.377848132893052038e-02,-2.687035295455691974e-01,3.709544366243782143e-01,-2.783349117153055552e-03,-2.724866412052248110e-01
1.008999999999999631e+01,3.754235476315117559e-01,-1.383479701199106550e-02,-2.625866630426247905e-01,3.754238160671282687e-01,-1.384014183515034670e-02,-2.625857229934817072e-01,3.786091598974709038e-01,-3.519047175449707687e-03,-2.663939861636587247e-01
1.009999999999999432e+01,3.841429619102960102e-01,-1.389639709089058629e-02,-2.551461253948433261e-01,3.841454822660697599e-01,-1.390162974041908236e-02,-2.551427654182160665e-01,3.890312766576813353e-01,-3.649821049203277878e-03,-2.576887170147289519e-01
1.010999999999999233e+01,3.935465470043786884e-01,-1.395264160161285676e-02,-2.464292723718344014e-01,3.935496466043508779e-01,-1.395776424558921834e-02,-2.464250389554796528e-01,4.008487399806351936e-01,-3.901501445948918345e-03,-2.470519396405788104e-01
1.011999999999999744e+01,4.033702385546436009e-01,-1.399886185928002867e-02,-2.364984845125258639e-01,4.033722661273785870e-01,-1.400389056004535879e-02,-2.364952720903007732e-01,4.110338657142770247e-01,-4.146050653282135068e-03,-2.369667231597911705e-01
1.012999999999999545e+01,4.133693488442228836e-01,-1.403107071377945360e-02,-2.254305682028505398e-01,4.133696515305186892e-01,-1.403602601702064016e-02,-2.254294446030276899e-01,4.231454491751646119e-01,-4.516252896236805370e-03,-2.237640727888280390e-01
1.013999999999999346e+01,4.233233804750208273e-01,-1.404605995811060784e-02,-2.133159174234248723e-01,4.233220985539202230e-01,-1.405104018163491619e-02,-2.133170461563197728e-01,4.339259671310197186e-01,-4.956911612644998577e-03,-2.104671588307028829e-01
1.014999999999999858e+01,4.330388566159251162e-01,-1.404142879701832797e-02,-2.002567434214484743e-01,4.330365097474727643e-01,-1.404656738695776383e-02,-2.002597147341654005e-01,4.444597263030604095e-01,-5.042757686562288066e-03,-1.961241454857329813e-01
1.015999999999998948e+01,4.423506073903638591e-01,-1.401556136656049480e-02,-1.863646380777846945e-01,4.423496652607873392e-01,-1.402095660470954221e-02,-1.863658152010518043e-01,4.539762700082313751e-01,-5.664937894151483855e-03,-1.810840113482895530e-01
1.016999999999999460e+01,4.511218582427647394e-01,-1.396756954899715242e-02,-1.717577553019645764e-01,4.511218307561132290e-01,-1.397321055355625966e-02,-1.717574761438383224e-01,4.640253184893093907e-01,-5.943555444887838046e-03,-1.624132554937135486e-01
1.017999999999999972e+01,4.592434001527789245e-01,-1.389721349229907331e-02,-1.565578659792120075e-01,4.592441669997104903e-01,-1.390302586451739285e-02,-1.565559716443129801e-01,4.720591715714936853e-01,-6.778847306299323749e-03,-1.442739038113658445e-01
1.018999999999999062e+01,4.666320734883113164e-01,-1.380481032778678105e-02,-1.408874929733656689e-01,4.666341546428254272e-01,-1.381074206050303919e-02,-1.408823143984231363e-01,4.772106006376906073e-01,-7.069729628545601274e-03,-1.304561982498606554e-01
1.019999999999999574e+01,4.732287607804177565e-01,-1.369113881136737459e-02,-1.248672785051554990e-01,4.732312476333100371e-01,-1.369716868464374709e-02,-1.248602335800508417e-01,4.827962545162434171e-01,-7.113785170389380630e-03,-1.132858606209334873e-01
1.020999999999999375e+01,4.789960538874998841e-01,-1.355734523558368987e-02,-1.086136850338991350e-01,4.789983116300217669e-01,-1.356348241270891042e-02,-1.086061557368147718e-01,4.873071587253314796e-01,-7.566551555432565745e-03,-9.641488947416476663e-02
1.021999999999999176e+01,4.839157348296138639e-01,-1.340485471065176563e-02,-9.223708680839418084e-02,4.839176236038890688e-01,-1.341107691286550462e-02,-9.222946702852063972e-02,4.907955772198552280e-01,-8.513323270855327474e-03,-8.101206079763645374e-02
1.022999999999999687e+01,4.879861859379837075e-01,-1.323529036293351509e-02,-7.584027356892472649e-02,4.879880725869062963e-01,-1.324151883570288783e-02,-7.583090258370003833e-02,4.937525901618028401e-01,-9.610592649864135861e-03,-6.601999810122616275e-02
1.023999999999999488e+01,4.912198231680897642e-01,-1.305040170695684169e-02,-5.951736033442291129e-02,4.912214083663072883e-01,-1.305662465107016064e-02,-5.950709493364597646e-02,4.961266334574401249e-01,-1.082773529870978413e-02,-5.119874085159648036e-02
1.024999999999999289e+01,4.936406260504128674e-01,-1.285200304750404657e-02,-4.335307783236775486e-02,4.936416949276806743e-01,-1.285827579451830592e-02,-4.334311188419480432e-02,4.979550750645220236e-01,-1.167240358551127621e-02,-3.632215995889886972e-02
1.025999999999999801e+01,4.952818194299803412e-01,-1.264192184836441385e-02,-2.742240490043791959e-02,4.952824157868038202e-01,-1.264840360768569073e-02,-2.741265202950711813e-02,4.987792536586062031e-01,-1.276167119308052600e-02,-2.561765656013581527e-02
1.026999999999999602e+01,4.961837456425624571e-01,-1.242195654514623507e-02,-1.179049631851725871e-02,4.961839161398696740e-01,-1.242887125540208249e-02,-1.178030434477826162e-02,4.994276299189207013e-01,-1.386410863661097226e-02,-1.226160575431511912e-02
1.027999999999999403e+01,4.963919512952055801e-01,-1.219384346020797351e-02,3.487142756988110583e-03,4.963916722131797021e-01,-1.220147396595246819e-02,3.496713312133593529e-03,4.995721230008569047e-01,-1.459934683572997050e-02,2.269186786321153448e-04
1.028999999999999915e+01,4.959555008263087372e-01,-1.195923154786655840e-02,1.836428588026393569e-02,4.959548483373672489e-01,-1.196773114305211237e-02,1.837288362221756871e-02,4.986642819185266307e-01,-1.560775750968260156e-02,1.308404532933460374e-02
1.029999999999999005e+01,4.949255189021909418e-01,-1.171966439430502903e-02,3.280346422676858054e-02,4.949245711173154705e-01,-1.172898315959076780e-02,3.281121065971543543e-02,4.981897139591101586e-01,-1.697879617525910323e-02,2.186822854602699095e-02
1.030999999999999517e+01,4.933539558936281266e-01,-1.147656805652297850e-02,4.677533859787371545e-02,4.933528287933613421e-01,-1.148652941037498626e-02,4.678194688881662233e-02,4.964841674278036576e-01,-1.853528571828347293e-02,3.312889377797656465e-02
1.031999999999999318e+01,4.912925648036990389e-01,-1.123124438858811094e-02,6.025800189371202653e-02,4.912913566231654761e-01,-1.124160082514564889e-02,6.026348284061175398e-02,4.950295291149174881e-01,-1.960036278251203745e-02,4.529194065592456742e-02
1.032999999999999119e+01,4.887920738009748911e-01,-1.098486819269186600e-02,7.323624458633652690e-02,4.887908677720825268e-01,-1.099543225812067357e-02,7.324065316238423384e-02,4.928681596024411249e-01,-2.011860068650497824e-02,6.046101317814256415e-02
1.033999999999999631e+01,4.859015358875642954e-01,-1.073848809258411835e-02,8.570080977914218412e-02,4.859003560501546359e-01,-1.074907763039332532e-02,8.570440614635220500e-02,4.905086353660058629e-01,-2.109858449807935910e-02,7.166019052588290528e-02
1.034999999999999432e+01,4.826678358769690425e-01,-1.049302981782445493e-02,9.764765915308719346e-02,4.826666738502684573e-01,-1.050347989271281299e-02,9.765070760622009127e-02,4.877339668155978303e-01,-2.186911203182312358e-02,8.305540896030660925e-02
1.035999999999999233e+01,4.791353344501831368e-01,-1.024930155447081707e-02,1.090772662618659933e-01,4.791341988834958432e-01,-1.025947052947477449e-02,1.090798804262766014e-01,4.833499380252872513e-01,-2.270556381472957352e-02,9.763237250439593673e-02
1.036999999999999744e+01,4.753456295116429420e-01,-1.000800067985066141e-02,1.199939491603601999e-01,4.753445346137405436e-01,-1.001781411172438484e-02,1.199961833504704645e-01,4.795257730118039907e-01,-2.321487768947907981e-02,1.104271498687660058e-01
1.037999999999999545e+01,4.713374160524753664e-01,-9.769721504120443614e-03,1.304052505872924650e-01,4.713362898999433614e-01,-9.779159360416346883e-03,1.304073645307856077e-01,4.756678388007884450e-01,-2.384375119340775839e-02,1.205088135207739164e-01
1.038999999999999346e+01,4.671464271597237650e-01,-9.534963406862892801e-03,1.403213706795353177e-01,4.671453168596348404e-01,-9.544058757889025205e-03,1.403232693540843457e-01,4.712756927525404427e-01,-2.425181218436714414e-02,1.315467433692065757e-01
1.039999999999999858e+01,4.628054404026571422e-01,-9.304139386037650963e-03,1.497546546574061999e-01,4.628042572167010982e-01,-9.312906667065426469e-03,1.497565680599590998e-01,4.650859897504003859e-01,-2.426260494099702347e-02,1.472143942949797335e-01
1.040999999999998948e+01,4.583443356578398853e-01,-9.077584437922992661e-03,1.587191357587026674e-01,4.583431345940490731e-01,-9.086066365963185384e-03,1.587209456176467415e-01,4.594620158644684427e-01,-2.435112424058422098e-02,1.597608965506829293e-01
1.041999999999999460e+01,4.537901921740976618e-01,-8.855563774073477515e-03,1.672301321847764755e-01,4.537889942820716449e-01,-8.863798979854993140e-03,1.672318089655694118e-01,4.517493583043828975e-01,-2.442627904626576418e-02,1.744359157309024466e-01
1.042999999999999972e+01,4.491674144341064601e-01,-8.638280791095867550e-03,1.753038956337506504e-01,4.491662011582132075e-01,-8.646323121651354818e-03,1.753054875512496669e-01,4.447789570024218708e-01,-2.428637060382712876e-02,1.862243320798728785e-01
1.043999999999999062e+01,4.444978780502283344e-01,-8.425884378189694643e-03,1.829573081593149630e-01,4.444966866322031529e-01,-8.433769032971742338e-03,1.829587587732050269e-01,4.373670429418419214e-01,-2.371545894858581582e-02,1.983721802858916528e-01
1.044999999999999574e+01,4.398010883668445059e-01,-8.218475939226255189e-03,1.902076236564897438e-01,4.397999311278764645e-01,-8.226194992254185975e-03,1.902089286684478520e-01,4.305959579608154009e-01,-2.292023476052906794e-02,2.083915657811690192e-01
1.045999999999999375e+01,4.350943458854605317e-01,-8.016115690399623628e-03,1.970722499236874925e-01,4.350932841974947674e-01,-8.023655774775224209e-03,1.970733372661277183e-01,4.194168269549658490e-01,-1.930490429489395421e-02,2.255476999854383324e-01
1.046999999999999176e+01,4.303929137587619302e-01,-7.818828508783666129e-03,2.035685672284028858e-01,4.303919781026400715e-01,-7.826145364841618352e-03,2.035694106911182799e-01,4.135236112530791264e-01,-1.841070443406642165e-02,2.322464845350178386e-01
1.047999999999999687e+01,4.257101836840613829e-01,-7.626609198020775464e-03,2.097137793193460387e-01,4.257093319432495582e-01,-7.633648146456824789e-03,2.097144544047302162e-01,4.098847543343410171e-01,-1.850440682997728237e-02,2.349817718863740357e-01
1.048999999999999488e+01,4.210578374079116393e-01,-7.439427120266860899e-03,2.155247929940095897e-01,4.210570369480839403e-01,-7.446198772075414245e-03,2.155253587815894600e-01,4.064195159968393423e-01,-1.855109325230588913e-02,2.375455735076642538e-01
1.049999999999999289e+01,4.164698284439290465e-01,-7.258010172951567633e-03,2.209995240787759607e-01,4.164692411653253545e-01,-7.264543502676585295e-03,2.209997983917901254e-01,4.045048828661276241e-01,-1.849419875818278380e-02,2.387941822749445331e-01
1.050999999999999801e+01,4.121811274102892830e-01,-7.089483948776909190e-03,2.259656388348954270e-01,4.121810924645858965e-01,-7.095815325194046279e-03,2.259653339719932819e-01,4.031936510258777862e-01,-1.839479597058293892e-02,2.391022728955113363e-01
1.051999999999999602e+01,4.087769759905178213e-01,-6.952266059861700147e-03,2.299297365328888398e-01,4.087776900002813574e-01,-6.958402962879353323e-03,2.299285530194852267e-01,4.026675553303342703e-01,-1.799100206689163706e-02,2.386704573915821026e-01
1.052999999999999403e+01,4.067278180938768140e-01,-6.862471960869192568e-03,2.324370798808957361e-01,4.067306967531393314e-01,-6.868559330058617365e-03,2.324329457844012681e-01,4.036048752583111243e-01,-1.773993929323830487e-02,2.366524372170968338e-01
1.053999999999999915e+01,4.062565139220198907e-01,-6.829007007861502034e-03,2.332601577900386969e-01,4.062585219410901893e-01,-6.834958913546179161e-03,2.332567582869229106e-01,4.052251038717060716e-01,-1.739583610997422203e-02,2.339688411472963248e-01
1.054999999999999005e+01,4.074215597618300322e-01,-6.855473552138893582e-03,2.323090805930539127e-01,4.074214852771428919e-01,-6.861268951966766061e-03,2.323082992354280618e-01,4.077063059812779944e-01,-1.709151842666523091e-02,2.303259019522670981e-01
1.055999999999999517e+01,4.101553561031658912e-01,-6.941510676135954211e-03,2.295730978789852217e-01,4.101538108200286636e-01,-6.947167311101376183e-03,2.295744504873434011e-01,4.119139220594034700e-01,-1.678692053741775991e-02,2.261855375564069126e-01
1.056999999999999318e+01,4.142996965021963351e-01,-7.083935205273406317e-03,2.250863798711680297e-01,4.142981933314534015e-01,-7.089500633410790280e-03,2.250880375424064439e-01,4.176333904570731503e-01,-1.674252859451028086e-02,2.196395981983879642e-01
1.057999999999999119e+01,4.196367768753656580e-01,-7.277663239187811238e-03,2.189098957392736078e-01,4.196352987657785971e-01,-7.283134071574628304e-03,2.189120202337028753e-01,4.228687737646439349e-01,-1.648863792580285148e-02,2.142303088873852568e-01
1.058999999999999631e+01,4.259148917449078198e-01,-7.516430737013156393e-03,2.111229012938885541e-01,4.259146634026015898e-01,-7.521837084369515682e-03,2.111237476197558027e-01,4.298888207549730334e-01,-1.641117703526084881e-02,2.067719826351840373e-01
1.059999999999999432e+01,4.328688287190269324e-01,-7.793342431433533841e-03,2.018194347795055354e-01,4.328711161894588932e-01,-7.798708522205100892e-03,2.018166983466130882e-01,4.353603202387642535e-01,-1.653366091637134550e-02,1.997605542487385089e-01
1.060999999999999233e+01,4.402354477160274615e-01,-8.101281375692765199e-03,1.911068876127649530e-01,4.402404401252114075e-01,-8.106612969828060761e-03,1.910995427586794637e-01,4.423419143529955244e-01,-1.645766777804766323e-02,1.905031132155492468e-01
1.061999999999999744e+01,4.477651165813161249e-01,-8.433208950793139730e-03,1.791049902060670163e-01,4.477725291593083745e-01,-8.438525716343009755e-03,1.790926334234902995e-01,4.547508353406310988e-01,-1.711002283110535371e-02,1.711820590563594147e-01
1.062999999999999545e+01,4.552296916502354129e-01,-8.782380183635576584e-03,1.659444257653138743e-01,4.552411886163961752e-01,-8.787844561615062999e-03,1.659229693513813442e-01,4.634438706867047841e-01,-1.782257654313545991e-02,1.546159622795073574e-01
1.063999999999999346e+01,4.624276731366542270e-01,-9.142493823462974692e-03,1.517648271996452913e-01,4.624422407347858477e-01,-9.148084547810615350e-03,1.517341305152109521e-01,4.706208739452345524e-01,-1.805065810848968666e-02,1.398604780239480760e-01
1.064999999999999858e+01,4.691870844909789007e-01,-9.507791981121492889e-03,1.367122128188176244e-01,4.692024355668210633e-01,-9.513379797820263606e-03,1.366752306321196153e-01,4.767157324033628463e-01,-1.780778552804307413e-02,1.254152882528061230e-01
1.065999999999998948e+01,4.753665465909402976e-01,-9.873120549344577626e-03,1.209360554133823984e-01,4.753822297188325940e-01,-9.878687354236713458e-03,1.208922545259963066e-01,4.826726489211266014e-01,-1.749052458086025608e-02,1.081000953547642807e-01
1.066999999999999460e+01,4.808549496636917442e-01,-1.023395877817253295e-02,1.045862186601255323e-01,4.808698690693447020e-01,-1.023944020888893462e-02,1.045369644536564419e-01,4.865682928256519491e-01,-1.710953558428135457e-02,9.318352129645224302e-02
1.067999999999999972e+01,4.855700682115477451e-01,-1.058642488857055794e-02,8.780997853763455874e-02,4.855825880212362167e-01,-1.059173753350912961e-02,8.775977423543603051e-02,4.901592285657800918e-01,-1.727327743545045702e-02,7.656681416733601697e-02
1.068999999999999062e+01,4.894564146672564231e-01,-1.092726286628281640e-02,7.074930425014727686e-02,4.894662363960918250e-01,-1.093246059661267047e-02,7.069954706600080352e-02,4.926504319385321962e-01,-1.600011523937730495e-02,5.690801759273600435e-02
1.069999999999999574e+01,4.924825833475953152e-01,-1.125381495957891373e-02,5.353852113606723945e-02,4.924901414171838354e-01,-1.125906029124201964e-02,5.348708160535346756e-02,4.947073131485751896e-01,-1.586658677641539228e-02,4.109108832421259905e-02
1.070999999999999375e+01,4.946382959080641295e-01,-1.156398366036305234e-02,3.630242732460577798e-02,4.946431256350805605e-01,-1.156936506074141002e-02,3.625280642090289440e-02,4.959915000897766602e-01,-1.541040291894305025e-02,2.662019555661865322e-02
1.071999999999999176e+01,4.959313220225713970e-01,-1.185618625060496333e-02,1.915489184327114069e-02,4.959335728046304625e-01,-1.186177051506172135e-02,1.910852469883957822e-02,4.967244430761967866e-01,-1.459741212050119641e-02,1.143584896339622237e-02
1.072999999999999687e+01,4.963844141776995178e-01,-1.212930461451378235e-02,2.197926786366398866e-03,4.963844413458766702e-01,-1.213502628216005415e-02,2.154749696420476483e-03,4.968926892742454582e-01,-1.341714938789087541e-02,-3.990002513771351289e-03
1.073999999999999488e+01,4.960323634919838187e-01,-1.238263299797132989e-02,-1.447879948342343896e-02,4.960305448017999219e-01,-1.238833035855493349e-02,-1.451772877877239611e-02,4.965199530611257295e-01,-1.222504896086210047e-02,-1.854500891331190005e-02
1.074999999999999289e+01,4.949192547336709325e-01,-1.261582489647566224e-02,-3.079805868671141311e-02,4.949160227308419535e-01,-1.262132899697246402e-02,-3.083259719410369817e-02,4.959105169230345611e-01,-1.105628188161403291e-02,-2.966443549524722112e-02
1.075999999999999801e+01,4.930959733389816413e-01,-1.282884140570792440e-02,-4.669482836224502637e-02,4.930917532585499252e-01,-1.283406258832875055e-02,-4.672492789291343707e-02,4.947064538861117855e-01,-9.991843996738414280e-03,-4.540823271350280521e-02
1.076999999999999602e+01,4.906179956811550502e-01,-1.302190159245652547e-02,-6.211579105576652687e-02,4.906130480390843429e-01,-1.302680854267231070e-02,-6.214230930746252046e-02,4.931447942214036706e-01,-8.645377822938060675e-03,-5.742652198595332713e-02
1.077999999999999403e+01,4.875434759718941802e-01,-1.319543635149632473e-02,-7.701862982488098808e-02,4.875379712475236271e-01,-1.320003565869936474e-02,-7.704227647926760458e-02,4.916472879279956132e-01,-7.351499048120352375e-03,-6.638816139279402062e-02
1.078999999999999915e+01,4.839316289187631237e-01,-1.335004589090711506e-02,-9.137117925230364701e-02,4.839257463827757455e-01,-1.335431464398069944e-02,-9.139225815051782442e-02,4.888270890786028389e-01,-5.746645371707520544e-03,-8.036321469263707495e-02
1.079999999999999005e+01,4.798413965683642757e-01,-1.348646140000704131e-02,-1.051504844347023182e-01,4.798352455442353448e-01,-1.349045322278432518e-02,-1.051693771926909826e-01,4.867658599278301690e-01,-3.879543385253675369e-03,-8.879075281253401286e-02
1.080999999999999517e+01,4.753303798404371894e-01,-1.360551127037416992e-02,-1.183418136936691262e-01,4.753240592597409164e-01,-1.360941176237919631e-02,-1.183587680981609963e-01,4.838224908273964786e-01,-3.418783550059312226e-03,-9.966006812866012865e-02
1.081999999999999318e+01,4.704540103956690866e-01,-1.370809151797484221e-02,-1.309376622880153995e-01,4.704476831164124961e-01,-1.371212478891097215e-02,-1.309526681392147451e-01,4.788284201926525929e-01,-2.707169934907605047e-03,-1.151436545606245865e-01
1.082999999999999119e+01,4.652649354572959139e-01,-1.379514055565769955e-02,-1.429367771975067758e-01,4.652586371786465169e-01,-1.379947988423649990e-02,-1.429501207749890035e-01,4.742976846265630764e-01,-1.887732090588511991e-03,-1.275231486515546742e-01
1.083999999999999631e+01,4.598125872911956180e-01,-1.386761785377097281e-02,-1.543432255480947368e-01,4.598063065906524138e-01,-1.387217427073986556e-02,-1.543552340670005241e-01,4.689590987425196200e-01,-1.768045014571756335e-03,-1.404856056897357819e-01
1.084999999999999432e+01,4.541429092585216876e-01,-1.392648646753094632e-02,-1.651655230011166431e-01,4.541367498992558427e-01,-1.393113216783994565e-02,-1.651762199088511185e-01,4.637973074744394797e-01,-2.915993063127009233e-04,-1.519738069289874316e-01
1.085999999999999233e+01,4.482982118467340182e-01,-1.397269878711228028e-02,-1.754158326536862933e-01,4.482920667584144314e-01,-1.397731717727203164e-02,-1.754256161625712407e-01,4.570017272330636482e-01,-5.124234485949508144e-04,-1.662432238229725190e-01
1.086999999999999744e+01,4.423171340061177181e-01,-1.400718533433767572e-02,-1.851092404953652848e-01,4.423110090880347789e-01,-1.401244699875744612e-02,-1.851181811102199093e-01,4.502322764157689061e-01,-8.439043983702598783e-04,-1.790039016931271876e-01
1.087999999999999545e+01,4.362346876436885013e-01,-1.403084616671981810e-02,-1.942631096165857441e-01,4.362285463296571297e-01,-1.403762032048956263e-02,-1.942713140295147523e-01,4.434998224807876754e-01,-1.317079142257454594e-03,-1.903126968696838839e-01
1.088999999999999346e+01,4.300823657612997120e-01,-1.404454459886248993e-02,-2.028965124686602228e-01,4.300761096365918190e-01,-1.405392322060323822e-02,-2.029041406435593831e-01,4.344436796035754389e-01,-1.731978191243516152e-03,-2.041913106677191170e-01
1.089999999999999858e+01,4.238882974756820188e-01,-1.404910270561361176e-02,-2.110297382611390493e-01,4.238818740160669174e-01,-1.406116946266998749e-02,-2.110369152292687345e-01,4.269905643856997113e-01,-2.475287524987851429e-03,-2.147606145155814827e-01
1.090999999999998948e+01,4.176774356912523745e-01,-1.404529854530853737e-02,-2.186838710992428103e-01,4.176709238719525374e-01,-1.405909780130728572e-02,-2.186905900625244203e-01,4.173194474989443403e-01,-3.309177906262311675e-03,-2.268981078910478066e-01
1.091999999999999460e+01,4.114717657235493209e-01,-1.403386464396974911e-02,-2.258804334084376086e-01,4.114651825521243311e-01,-1.404884111921574433e-02,-2.258867461185661563e-01,4.099782051021473306e-01,-3.924696856480225371e-03,-2.355871219474952039e-01
1.092999999999999972e+01,4.052905253497550153e-01,-1.401548755577461738e-02,-2.326410886606294637e-01,4.052838796160491142e-01,-1.403128695048031643e-02,-2.326470395931754809e-01,4.004656047728258894e-01,-4.346279771580918716e-03,-2.458447236517843359e-01
1.093999999999999062e+01,3.991504287681201246e-01,-1.399080815603765890e-02,-2.389873971797711605e-01,3.991437454514695782e-01,-1.400705565007391573e-02,-2.389930085772978829e-01,3.924779778700907551e-01,-4.761162302296784166e-03,-2.538302247917545440e-01
1.094999999999999574e+01,3.930658886003734476e-01,-1.396042275276660090e-02,-2.449406188635561699e-01,3.930591954078936356e-01,-1.397679042160833267e-02,-2.449459057433857334e-01,3.840747404844910839e-01,-5.312745176752065035e-03,-2.612614484243849233e-01
1.095999999999999375e+01,3.870492316331873295e-01,-1.392488449197876697e-02,-2.505215568480055333e-01,3.870425486202132004e-01,-1.394114884998197586e-02,-2.505265358729867886e-01,3.746775972771737573e-01,-6.625618825621792940e-03,-2.697689906115526837e-01
1.096999999999999176e+01,3.811109051087138155e-01,-1.388470524497055318e-02,-2.557504365333775342e-01,3.811042444231047543e-01,-1.390073817321233612e-02,-2.557551260287720951e-01,3.630986162829800135e-01,-9.911346499590301118e-03,-2.819387709662685149e-01
1.097999999999999687e+01,3.752596714741678330e-01,-1.384035755721082367e-02,-2.606468147967948013e-01,3.752530186695270387e-01,-1.385609463400735465e-02,-2.606512529033525039e-01,3.578012787549806895e-01,-9.741661476496188410e-03,-2.848648604719944410e-01
1.098999999999999488e+01,3.695027902023686472e-01,-1.379227699054186469e-02,-2.652295147201610415e-01,3.694961530961619056e-01,-1.380764583598522929e-02,-2.652337160126846394e-01,3.537418502267913878e-01,-9.106072676198950777e-03,-2.865017135269143367e-01
1.099999999999999289e+01,3.638743916333122552e-01,-1.374135464257861608e-02,-2.695071010390949762e-01,3.638679819392731662e-01,-1.375628942799079872e-02,-2.695109287181898794e-01,3.511360081765476648e-01,-8.385296826842913998e-03,-2.879144348104673012e-01
1.100999999999999801e+01,3.586481522432503621e-01,-1.369179389594596397e-02,-2.733832669714105212e-01,3.586419535071017073e-01,-1.370622028581813638e-02,-2.733867490307388404e-01,3.495988025678775646e-01,-8.031526913356457076e-03,-2.883670402925102572e-01
1.101999999999999602e+01,3.545271878785156705e-01,-1.365242613717240414e-02,-2.765242582095123747e-01,3.545200222170548643e-01,-1.366617666516054333e-02,-2.765276214833152224e-01,3.493322582388250774e-01,-7.382557485758389770e-03,-2.876513015989599076e-01
1.102999999999999403e+01,3.520659641780931604e-01,-1.362860401088307472e-02,-2.785701752800948117e-01,3.520585858581490868e-01,-1.364211655223901941e-02,-2.785728215623310966e-01,3.504217033713344920e-01,-6.424887333483730867e-03,-2.862126747195928855e-01
1.103999999999999915e+01,3.515158848167845851e-01,-1.362322728249810641e-02,-2.793312828203302067e-01,3.515016563562077812e-01,-1.363649973358263372e-02,-2.793394128463441151e-01,3.525913084382790164e-01,-5.766684300068325442e-03,-2.840776477236921504e-01
1.104999999999999005e+01,3.529391190010066071e-01,-1.363711900812199923e-02,-2.787250281742320590e-01,3.529222955308519150e-01,-1.365016369223330008e-02,-2.787355039477583118e-01,3.557694760947560653e-01,-4.975761646629384138e-03,-2.810807697719257536e-01
1.105999999999999517e+01,3.562600215474769905e-01,-1.366892018900143363e-02,-2.767234350979327906e-01,3.562419558486303872e-01,-1.368171757106438971e-02,-2.767353223462198364e-01,3.607242893746306356e-01,-4.645984684174014889e-03,-2.777310188752880604e-01
1.106999999999999318e+01,3.613081085120780633e-01,-1.371544312534230155e-02,-2.733252163168707338e-01,3.612883509912763191e-01,-1.372797743622337918e-02,-2.733393399270477309e-01,3.675120322652110083e-01,-4.656859625411569059e-03,-2.732550448124499987e-01
1.107999999999999119e+01,3.678526349445028765e-01,-1.377221916145562018e-02,-2.685435550235131807e-01,3.678324697493306483e-01,-1.378446833805808958e-02,-2.685591611959432523e-01,3.742898838417311191e-01,-4.362385531538892636e-03,-2.684506157716302077e-01
1.108999999999999631e+01,3.756294128499879648e-01,-1.383407507018155624e-02,-2.624025827389913634e-01,3.756111462625960074e-01,-1.384598764793754967e-02,-2.624175578032106326e-01,3.836846829955624649e-01,-5.582432903318640394e-03,-2.612652358383048545e-01
1.109999999999999432e+01,3.843610029687006824e-01,-1.389564408208826367e-02,-2.549378299465231423e-01,3.843453749582161350e-01,-1.390719381864216446e-02,-2.549513924756010019e-01,3.944335155291760486e-01,-4.843500725650984329e-03,-2.506964139167017214e-01
1.110999999999999233e+01,3.937715358582846714e-01,-1.395176999050950356e-02,-2.461978027186243478e-01,3.937596547066274932e-01,-1.396300132032779646e-02,-2.462087531073020585e-01,4.056361120223567207e-01,-5.044908626711031019e-03,-2.405154672295275464e-01
1.111999999999999744e+01,4.035973076799709292e-01,-1.399779643503959621e-02,-2.362451927701071097e-01,4.035907192196267479e-01,-1.400882816398682680e-02,-2.362514951100575245e-01,4.155313804541936884e-01,-4.437404236400599444e-03,-2.302470513062204738e-01
1.112999999999999545e+01,4.135940951393759502e-01,-1.402975083719791051e-02,-2.251571050628816129e-01,4.135948320747052653e-01,-1.404067797377429871e-02,-2.251554002547946354e-01,4.266388673124655861e-01,-4.616738359234706657e-03,-2.177994381341709085e-01
1.113999999999999346e+01,4.235419286172774633e-01,-1.404444028487123949e-02,-2.130241991894151476e-01,4.235469070558228188e-01,-1.405524793156343218e-02,-2.130165727647499729e-01,4.364771182650735160e-01,-5.112034868670484178e-03,-2.061780740025618286e-01
1.114999999999999858e+01,4.332478906890526171e-01,-1.403947898290097696e-02,-1.999489038919006201e-01,4.332547681941494866e-01,-1.405014298197238519e-02,-1.999374967944728410e-01,4.459084960688679544e-01,-5.244882169054165821e-03,-1.929200290428449982e-01
1.115999999999998948e+01,4.425473776855412544e-01,-1.401326508322072763e-02,-1.860429711713597056e-01,4.425576588129752076e-01,-1.402377750766181479e-02,-1.860246824884038142e-01,4.560401586373992178e-01,-4.932338091141796887e-03,-1.769114206112172294e-01
1.116999999999999460e+01,4.513041688386295047e-01,-1.396492290097168208e-02,-1.714246538511007834e-01,4.513140398663202379e-01,-1.397527720592867985e-02,-1.714048500821717946e-01,4.641545217875976403e-01,-5.433116692987738361e-03,-1.618462710788503012e-01
1.117999999999999972e+01,4.594095818397645470e-01,-1.389422328074823264e-02,-1.562157612366868731e-01,4.594177183165183420e-01,-1.390451654599539691e-02,-1.561970078857592426e-01,4.716756615638451056e-01,-6.152579051032586177e-03,-1.453652505435956144e-01
1.118999999999999062e+01,4.667809459794220461e-01,-1.380149220611414339e-02,-1.405387982314778295e-01,4.667885445945918477e-01,-1.381177267579846574e-02,-1.405188278375577859e-01,4.782731997173348404e-01,-6.530170443234367683e-03,-1.280408685798111179e-01
1.119999999999999574e+01,4.733595875817837029e-01,-1.368751539612230415e-02,-1.245143391420813345e-01,4.733656639267291855e-01,-1.369782273241347895e-02,-1.244955947309851901e-01,4.833749470911083979e-01,-6.176130981148025834e-03,-1.121459482083599912e-01
1.120999999999999375e+01,4.791084926756082885e-01,-1.355344433179495565e-02,-1.082587363927309670e-01,4.791127421606171666e-01,-1.356374946624141001e-02,-1.082427673499039011e-01,4.864711090033022600e-01,-6.460553145803932251e-03,-1.006589343330984709e-01
1.121999999999999176e+01,4.840097857193392250e-01,-1.340070778398267520e-02,-9.188222059839702693e-02,4.840129427010996244e-01,-1.341089700224270403e-02,-9.186751763856729203e-02,4.908938321470559529e-01,-7.067567704334531964e-03,-8.157679957531249748e-02
1.122999999999999687e+01,4.880621397221500124e-01,-1.323093103926814909e-02,-7.548741263979630300e-02,4.880638148533646969e-01,-1.324094605150973915e-02,-7.547650273300265944e-02,4.924077101963992842e-01,-7.342997010662544177e-03,-7.384754866096165937e-02
1.123999999999999488e+01,4.912782109979071388e-01,-1.304586466179917872e-02,-5.916824166922182021e-02,4.912788432027977992e-01,-1.305564387144245164e-02,-5.916084306418564753e-02,4.932323533889473310e-01,-7.560653381356530200e-03,-6.921689719665913287e-02
1.124999999999999289e+01,4.936821719205649051e-01,-1.284732290050726207e-02,-4.300924266208407121e-02,4.936820433887897375e-01,-1.285684530846256841e-02,-4.300583183302527507e-02,4.940655210969694400e-01,-7.779982521136763474e-03,-6.458780901722038781e-02
1.125999999999999801e+01,4.953073962293249588e-01,-1.263713237152596681e-02,-2.708519533261207271e-02,4.953068850046953853e-01,-1.264639549621430353e-02,-2.708560183118084719e-02,4.972765886662998680e-01,-1.017685517083513624e-02,-4.163045284449051753e-02
1.126999999999999602e+01,4.961943354073758417e-01,-1.241709007588084369e-02,-1.146105746141252817e-02,4.961938039395292210e-01,-1.242607737977992864e-02,-1.146437076057607238e-02,4.992607547686921388e-01,-1.137427505463203814e-02,-1.450678408782124507e-02
1.127999999999999403e+01,4.963886100053411243e-01,-1.218893035092225019e-02,3.807856550849428225e-03,4.963882931174699586e-01,-1.219765361869042802e-02,3.802155306173498651e-03,4.995963203476775361e-01,-1.195224884838946844e-02,7.589234221644369782e-04
1.128999999999999915e+01,4.959393278161635110e-01,-1.195429990180042062e-02,1.867550111864230492e-02,4.959393801021648729e-01,-1.196278471247735377e-02,1.866807030180340707e-02,4.985778162794686219e-01,-1.313047028858432830e-02,1.265962266385844970e-02
1.129999999999999005e+01,4.948976308319231743e-01,-1.171473974810807034e-02,3.310457613035159424e-02,4.948981353181067244e-01,-1.172302715422466300e-02,3.309591613392590809e-02,4.976077147735847861e-01,-1.472014662857096257e-02,2.433603366222347741e-02
1.130999999999999517e+01,4.933154650983887501e-01,-1.147167344074504977e-02,4.706589711638523021e-02,4.933164818388803829e-01,-1.147976492678962242e-02,4.705621358391057218e-02,4.963859559494693263e-01,-1.585765913956557749e-02,3.538008739371101274e-02
1.131999999999999318e+01,4.912445617042129897e-01,-1.122640012059021586e-02,6.053769686576543352e-02,4.912461272891704978e-01,-1.123428054734299138e-02,6.052718676255695873e-02,4.947894162352643455e-01,-1.661783470524003103e-02,4.758801347043228880e-02
1.132999999999999119e+01,4.887356130190583237e-01,-1.098009205861958520e-02,7.350489050957563497e-02,4.887377163480948195e-01,-1.098775086001844807e-02,7.349386773110941351e-02,4.928040412325684350e-01,-1.730003523144535427e-02,5.984464475606077194e-02
1.133999999999999631e+01,4.858376256868652265e-01,-1.073379534845823532e-02,8.595833065162955533e-02,4.858402556737633771e-01,-1.074145366228134064e-02,8.594693677802674181e-02,4.905389579142132028e-01,-1.813230600028506445e-02,7.092729504103212346e-02
1.134999999999999432e+01,4.825974304961935246e-01,-1.048843336512740587e-02,9.789407381254608409e-02,4.826005376244530964e-01,-1.049638054366903127e-02,9.788252625812139673e-02,4.877519452268175293e-01,-1.877019864341494815e-02,8.235677944038810594e-02
1.135999999999999233e+01,4.790593289383061060e-01,-1.024481206131871470e-02,1.093126744545354773e-01,4.790628318262369345e-01,-1.025335733080448043e-02,1.093012178383419436e-01,4.842714551025683045e-01,-1.936251302313876654e-02,9.495828216463453320e-02
1.136999999999999744e+01,4.752648566572947875e-01,-1.000362683289057579e-02,1.202185185646532511e-01,4.752687148991353028e-01,-1.001278494088801187e-02,1.202072298320705085e-01,4.808167400419877668e-01,-1.993630918413760722e-02,1.063621752639273277e-01
1.137999999999999545e+01,4.712526450697072655e-01,-9.765470099417333794e-03,1.306192048716125764e-01,4.712568030192320623e-01,-9.775113283538226089e-03,1.306081912538173406e-01,4.767637047344115975e-01,-2.047656783753168397e-02,1.180272062055324200e-01
1.138999999999999346e+01,4.670583637688575096e-01,-9.530839584536442838e-03,1.405249787052190169e-01,4.670627596686790506e-01,-9.540730716993146149e-03,1.405143441039271301e-01,4.727815665776897713e-01,-2.073454198895896550e-02,1.285375977054781238e-01
1.139999999999999858e+01,4.627147280301395216e-01,-9.300146786870897020e-03,1.499482208134940431e-01,4.627193230410012181e-01,-9.310395153154507261e-03,1.499379773428553553e-01,4.680302320808740757e-01,-2.100626022273208160e-02,1.406265449950452329e-01
1.140999999999998948e+01,4.582515574840073103e-01,-9.073725394765077765e-03,1.589029914267485744e-01,4.582563018903917929e-01,-9.084436582560405718e-03,1.588931724862516215e-01,4.626648921478240251e-01,-2.100471141760940075e-02,1.537106068915187196e-01
1.141999999999999460e+01,4.536958738085704601e-01,-8.851839499592978333e-03,1.674046282842862610e-01,4.537007020429389414e-01,-8.863071302944480409e-03,1.673952941283984031e-01,4.572157194814646664e-01,-2.090959194007352417e-02,1.650609349566732886e-01
1.142999999999999972e+01,4.490720270368359635e-01,-8.634691488109549201e-03,1.754693961789910994e-01,4.490769240479668967e-01,-8.646210617600708082e-03,1.754605189695650214e-01,4.499159838672623923e-01,-2.068144267678390102e-02,1.784597755262203878e-01
1.143999999999999062e+01,4.444018417264348764e-01,-8.422429414693219374e-03,1.831141847664969347e-01,4.444067581944722289e-01,-8.433840233943511872e-03,1.831058069164455127e-01,4.440727679768149416e-01,-2.052718617446561145e-02,1.883226107307552910e-01
1.144999999999999574e+01,4.397047757195602924e-01,-8.215153966398285393e-03,1.903562509071542730e-01,4.397096917111740222e-01,-8.226109805589028323e-03,1.903483595459101174e-01,4.387511201194133070e-01,-2.055750664806219041e-02,1.966219290848477685e-01
1.145999999999999375e+01,4.349980856182721900e-01,-8.012924749371722055e-03,1.972130015041720086e-01,4.350029567961327670e-01,-8.023261734814634769e-03,1.972056177305118452e-01,4.312526928306732454e-01,-1.918016796342780772e-02,2.080518623434488568e-01
1.146999999999999176e+01,4.302969942452062879e-01,-7.815766157445863671e-03,2.037018127628328901e-01,4.303017956142154987e-01,-7.825494390391157448e-03,2.036949205448191913e-01,4.223215089197460692e-01,-1.567407803919740328e-02,2.220394126826040759e-01
1.147999999999999687e+01,4.256148564482040153e-01,-7.623672601160252395e-03,2.098398818098649588e-01,4.256195742071149923e-01,-7.632903252748528614e-03,2.098334488965737377e-01,4.178924290730808844e-01,-1.575045317387091526e-02,2.262622039011694675e-01
1.148999999999999488e+01,4.209633204652008520e-01,-7.436613162300837604e-03,2.156441067950086166e-01,4.209679418900255654e-01,-7.445482493576230897e-03,2.156381034055618318e-01,4.151306098860048088e-01,-1.584117421194744524e-02,2.283243064155078272e-01
1.149999999999999289e+01,4.163768294916977419e-01,-7.255332120181059302e-03,2.211120090527502191e-01,4.163814039262229150e-01,-7.263909504673951752e-03,2.211063302154357979e-01,4.133137404148992111e-01,-1.609286550842026209e-02,2.296178503620737166e-01
1.150999999999999801e+01,4.120934045541333468e-01,-7.087048834443825975e-03,2.260686886095173709e-01,4.120995203622240810e-01,-7.095401369457075488e-03,2.260616915604369281e-01,4.116307379925020493e-01,-1.615612638871505302e-02,2.303447401166769382e-01
1.151999999999999602e+01,4.086981261144537192e-01,-6.950178871185961477e-03,2.300206502477847026e-01,4.087020356821665645e-01,-6.958190750496381569e-03,2.300156691521979269e-01,4.115066626806392902e-01,-1.619340486946369007e-02,2.293857934031086065e-01
1.152999999999999403e+01,4.066598936775044359e-01,-6.860790285260163004e-03,2.325148109672771635e-01,4.066636523195185648e-01,-6.868560501252495357e-03,2.325092087969604648e-01,4.121646305928997611e-01,-1.624979035564128038e-02,2.276028790623032538e-01
1.153999999999999915e+01,4.062005290616598763e-01,-6.827754093043648422e-03,2.333246191494059707e-01,4.061992362889629837e-01,-6.835093993339149201e-03,2.333248086276640820e-01,4.135172859579232529e-01,-1.621004038849449547e-02,2.250695199590376783e-01
1.154999999999999005e+01,4.073776786927220672e-01,-6.854646643230364635e-03,2.323606937396713312e-01,4.073724921385000752e-01,-6.861646920142910541e-03,2.323655706132592980e-01,4.157775827181215966e-01,-1.624845461862003959e-02,2.214308016280224223e-01
1.155999999999999517e+01,4.101230926477170136e-01,-6.941088536873411818e-03,2.296125200575572234e-01,4.101150660575729190e-01,-6.947856732291310573e-03,2.296210236117615933e-01,4.190116729308874799e-01,-1.619652024367626564e-02,2.175678797043926194e-01
1.156999999999999318e+01,4.142781025357345492e-01,-7.083884154711995312e-03,2.251143559738650879e-01,4.142682009689394595e-01,-7.090548520393777886e-03,2.251256097339660311e-01,4.244901520067310141e-01,-1.627099766985043439e-02,2.112804997857531397e-01
1.157999999999999119e+01,4.196246061292668861e-01,-7.277941986600366953e-03,2.189271896534590034e-01,4.196139470157371765e-01,-7.284565065383748553e-03,2.189400858565074548e-01,4.304764793077473506e-01,-1.607580609581948927e-02,2.045912649775544212e-01
1.158999999999999631e+01,4.259107338914601137e-01,-7.516994055201812672e-03,2.111302724044320511e-01,4.259002197405246659e-01,-7.523529668822135849e-03,2.111437576673983463e-01,4.368647623098252941e-01,-1.610084376398540629e-02,1.971238274928878154e-01
1.159999999999999432e+01,4.328712141412954240e-01,-7.794143842476105276e-03,2.018176363478491608e-01,4.328616780162332089e-01,-7.800567925217333741e-03,2.018310387660441352e-01,4.429949240750593598e-01,-1.616581041460890544e-02,1.890359828686823951e-01
1.160999999999999233e+01,4.402429260716754778e-01,-8.102275109181262050e-03,1.910966727771086782e-01,4.402357841194279864e-01,-8.108560297211814955e-03,1.911076561862138645e-01,4.496261965085599499e-01,-1.612909004375789879e-02,1.793826313498557701e-01
1.161999999999999744e+01,4.477763132117991707e-01,-8.434351297727720603e-03,1.790871178892158022e-01,4.477721074308836369e-01,-8.440455588237064447e-03,1.790940483401618211e-01,4.593783631923377131e-01,-1.732787147765416091e-02,1.623004449869088761e-01
1.162999999999999545e+01,4.552433458616262363e-01,-8.783630422344481173e-03,1.659196631000535160e-01,4.552415570487817198e-01,-8.789512982842102168e-03,1.659225609856757599e-01,4.659871461711804219e-01,-1.791160856433948734e-02,1.497645812936992948e-01
1.163999999999999346e+01,4.624426619695043428e-01,-9.143814813730969868e-03,1.517339476608365600e-01,4.624423677145194644e-01,-9.149448604469159751e-03,1.517338541424727294e-01,4.725640974319810228e-01,-1.819464615278429398e-02,1.352663942701722855e-01
1.164999999999999858e+01,4.692024350786895281e-01,-9.509150478368297299e-03,1.366759906152417714e-01,4.692029036159680588e-01,-9.514528525374712012e-03,1.366739640561148439e-01,4.793712767902015282e-01,-1.804511021639029766e-02,1.182879349318299855e-01
1.165999999999998948e+01,4.753814397037811612e-01,-9.874487321925818836e-03,1.208952572805277181e-01,4.753840052209579170e-01,-9.879741894844671496e-03,1.208871060697131183e-01,4.844409933200636287e-01,-1.748317475502114693e-02,1.021523689844573424e-01
1.166999999999999460e+01,4.808687166008944747e-01,-1.023530863415154056e-02,1.045415943217540417e-01,4.808718392697860500e-01,-1.024038955603325494e-02,1.045302221355369071e-01,4.885452523645814615e-01,-1.717372740361797212e-02,8.605692677694465331e-02
1.167999999999999972e+01,4.855821828568322451e-01,-1.058773656888695007e-02,8.776225095307139956e-02,4.855848869104676391e-01,-1.059264137339055965e-02,8.775023612943519402e-02,4.916275920409296507e-01,-1.687956984314240017e-02,6.983604054819869678e-02
1.168999999999999062e+01,4.894664822132033244e-01,-1.092851874883428616e-02,7.069916051081298614e-02,4.894690136642861344e-01,-1.093337844949155910e-02,7.068504872166135600e-02,4.938333409011542718e-01,-1.651065198197831929e-02,5.316465180311136240e-02
1.169999999999999574e+01,4.924903268851706373e-01,-1.125500095398034202e-02,5.348660470480055829e-02,4.924922958822121055e-01,-1.125987420261268142e-02,5.347171084538798053e-02,4.952436318514074065e-01,-1.621318491420434271e-02,3.953481137942815860e-02
1.170999999999999375e+01,4.946435419356901564e-01,-1.156508876097071467e-02,3.624933186344899555e-02,4.946446594606464520e-01,-1.156999880198109933e-02,3.623595155856876304e-02,4.964610882751638865e-01,-1.543915786450889005e-02,2.075011289818995408e-02
1.171999999999999176e+01,4.959339856185399631e-01,-1.185720226568733049e-02,1.910115689493254928e-02,4.959344099061115396e-01,-1.186211928766368363e-02,1.908941539287120626e-02,4.969252917109582279e-01,-1.452658450171798177e-02,6.615786473454399186e-03
1.172999999999999687e+01,4.963844844692037461e-01,-1.213022595875869192e-02,2.144035294181552247e-03,4.963843983828399309e-01,-1.213508606078659256e-02,2.132155054578791301e-03,4.969479115694497295e-01,-1.360572891998834688e-02,-5.693838844772591834e-03
1.173999999999999488e+01,4.960298898886466024e-01,-1.238345621245785615e-02,-1.453242206877256547e-02,4.960294267078471653e-01,-1.238814499881636319e-02,-1.454097864420841185e-02,4.964956536330838999e-01,-1.261205666938355896e-02,-1.975403758979910052e-02
1.174999999999999289e+01,4.949143342110601251e-01,-1.261654839115119130e-02,-3.085104375767470930e-02,4.949137409126736498e-01,-1.262107590083228793e-02,-3.085699022117081164e-02,4.958068115795799535e-01,-1.146865093599286345e-02,-3.118651832066920981e-02
1.175999999999999801e+01,4.930887389900495132e-01,-1.282946515571003511e-02,-4.674686228131300775e-02,4.930883293519421340e-01,-1.283387754872649181e-02,-4.674958468336018469e-02,4.946134053668567176e-01,-1.041455810310129571e-02,-4.598807168100749188e-02
1.176999999999999602e+01,4.906086066376696420e-01,-1.302242695598049976e-02,-6.216661229703831365e-02,4.906086202118264405e-01,-1.302679312372882932e-02,-6.216635607133685210e-02,4.932802116579519947e-01,-9.217750519316975089e-03,-5.683914960898761581e-02
1.177999999999999403e+01,4.875321087056325720e-01,-1.319586569743298396e-02,-7.706802546117616504e-02,4.875326568314853337e-01,-1.320017657837172127e-02,-7.706546950821088759e-02,4.916458786300551553e-01,-7.652332996914174013e-03,-6.716747136503298243e-02
1.178999999999999915e+01,4.839184699316219640e-01,-1.335038237923996673e-02,-9.141898083933355790e-02,4.839196356007361977e-01,-1.335458391257092134e-02,-9.141456973891004534e-02,4.894691376624362711e-01,-5.949027710748650000e-03,-7.827636606944454734e-02
1.179999999999999005e+01,4.798266363144635394e-01,-1.348670890188405705e-02,-1.051965637768276368e-01,4.798283997671409784e-01,-1.349080224892488730e-02,-1.051908785901375931e-01,4.871717034572241589e-01,-4.302662506292437294e-03,-8.777740303487957529e-02
1.180999999999999517e+01,4.753142079116161600e-01,-1.360567402969872601e-02,-1.183860783111607140e-01,4.753165355995959129e-01,-1.360980502446563177e-02,-1.183795085699481386e-01,4.840029217125726424e-01,-3.357361198716490858e-03,-9.975758400522649616e-02
1.181999999999999318e+01,4.704366116764931993e-01,-1.370817415689186067e-02,-1.309800511210574003e-01,4.704394920235692723e-01,-1.371254937089123188e-02,-1.309727955684857892e-01,4.803499701406529487e-01,-2.468742330445916622e-03,-1.109798823530327994e-01
1.182999999999999119e+01,4.652464872918086192e-01,-1.379514781739998169e-02,-1.429772563122908569e-01,4.652500464028799798e-01,-1.379981127774678254e-02,-1.429691462572272309e-01,4.764078380502745347e-01,-2.079711648475507380e-03,-1.221241913770523269e-01
1.183999999999999631e+01,4.597932573813531265e-01,-1.386755463746247585e-02,-1.543817841848646177e-01,4.597973747504206510e-01,-1.387241109662572768e-02,-1.543732324975274073e-01,4.717973683689119513e-01,-2.255873451589313072e-03,-1.341713367631717224e-01
1.184999999999999432e+01,4.541228543068582812e-01,-1.392635759449299508e-02,-1.652021698241644687e-01,4.541276793519558042e-01,-1.393117837587950179e-02,-1.651929720407612212e-01,4.659691756837748278e-01,-8.613613956648946690e-04,-1.476487053449249132e-01
1.185999999999999233e+01,4.482775766976351273e-01,-1.397250904228489882e-02,-1.754505923970356707e-01,4.482828504270864323e-01,-1.397687667345881221e-02,-1.754413429775105171e-01,4.597222328487370335e-01,-7.660147651763205001e-04,-1.609777616081655705e-01
1.186999999999999744e+01,4.422960512683146717e-01,-1.400693939248932353e-02,-1.851421509140218913e-01,4.423018215661981833e-01,-1.401062835544155706e-02,-1.851327929872676470e-01,4.536244285427737388e-01,-7.570018693990598901e-04,-1.729084740390384178e-01
1.187999999999999545e+01,4.362132776691460267e-01,-1.403054852281389840e-02,-1.942942187844548807e-01,4.362191617612753980e-01,-1.403338383297203333e-02,-1.942853834264155477e-01,4.474671190707700807e-01,-1.071441930337674320e-03,-1.838900667819349799e-01
1.188999999999999346e+01,4.300607368915687623e-01,-1.404419953601271018e-02,-2.029258764168082596e-01,4.300667339727179961e-01,-1.404620658724078409e-02,-2.029175017539817383e-01,4.392042667583923032e-01,-1.695641510961631848e-03,-1.972968542349430310e-01
1.189999999999999858e+01,4.238665464815923323e-01,-1.404871432655704043e-02,-2.110574189384868959e-01,4.238726225218660826e-01,-1.404997773868521711e-02,-2.110494963922011635e-01,4.313446592825886938e-01,-2.044404136473387812e-03,-2.087186438015413703e-01
1.190999999999998948e+01,4.176556483734470970e-01,-1.404487071492420934e-02,-2.187099346189682325e-01,4.176617621607071063e-01,-1.404554401249974611e-02,-2.187024622433063059e-01,4.233240775748559059e-01,-2.778050156575756491e-03,-2.195226501297924404e-01
1.191999999999999460e+01,4.114500175953485495e-01,-1.403340100773155588e-02,-2.259049485727577522e-01,4.114560941096124247e-01,-1.403365219864390750e-02,-2.258979668182918010e-01,4.147918248645039441e-01,-3.322088503965453521e-03,-2.299006815836717177e-01
1.192999999999999972e+01,4.052688823851306466e-01,-1.401499150592962553e-02,-2.326641257256465423e-01,4.052750090917146553e-01,-1.401502072465122747e-02,-2.326574718887326754e-01,4.078495146721512477e-01,-3.854951080132118513e-03,-2.378517182416720610e-01
1.193999999999999062e+01,3.991289481605540534e-01,-1.399028288767690392e-02,-2.390090268429071463e-01,3.991350890577472499e-01,-1.399021911249937605e-02,-2.390027063980731947e-01,3.990084722746263246e-01,-4.012501104320109757e-03,-2.468804551156296156e-01
1.194999999999999574e+01,3.930446195371274376e-01,-1.395987123149406220e-02,-2.449609114366567419e-01,3.930508154996263381e-01,-1.395983322373278192e-02,-2.449548436112973793e-01,3.910926667480416619e-01,-4.371856019663555859e-03,-2.546692949366844427e-01
1.195999999999999375e+01,3.870282160465400856e-01,-1.392430946005113537e-02,-2.505405815991519902e-01,3.870344768077237929e-01,-1.392433150934620049e-02,-2.505347345980853402e-01,3.836705415976739975e-01,-4.584561017146382422e-03,-2.607717814642119825e-01
1.196999999999999176e+01,3.810901783984343427e-01,-1.388410922079775199e-02,-2.557682611714136023e-01,3.810965445721446465e-01,-1.388420241625617016e-02,-2.557625771337733722e-01,3.774122445663307124e-01,-4.756786707422966387e-03,-2.656725360534205604e-01
1.197999999999999687e+01,3.752392631788248889e-01,-1.383974292576873460e-02,-2.606635050793122965e-01,3.752458245191281350e-01,-1.383989086032381792e-02,-2.606578904717521405e-01,3.717421519638857141e-01,-4.460351132237500016e-03,-2.699252120520799769e-01
1.198999999999999488e+01,3.694827246532475518e-01,-1.379164590279803593e-02,-2.652451341597325540e-01,3.694892104860370563e-01,-1.379178297400165606e-02,-2.652398277729836051e-01,3.673473418515126321e-01,-4.292186525652441631e-03,-2.727555258102063451e-01
1.199999999999999289e+01,3.638526000282288342e-01,-1.374067288734973080e-02,-2.695224156922840231e-01,3.638592170542448434e-01,-1.374077593057582668e-02,-2.695172427538176096e-01,3.647284720153468607e-01,-3.793799402726061309e-03,-2.742556569249090526e-01
1.200999999999999801e+01,3.586105639620074670e-01,-1.369088713104694814e-02,-2.734050605578085547e-01,3.586187237054855870e-01,-1.369095335632706557e-02,-2.733991094410200828e-01,3.628368752784197904e-01,-3.075824207672300803e-03,-2.749408749343743574e-01
1.201999999999999602e+01,3.544614410308449259e-01,-1.365120459449306600e-02,-2.765615970863681272e-01,3.544690087318436156e-01,-1.365116051577116088e-02,-2.765550624567900129e-01,3.621402901551578069e-01,-2.695299191419975315e-03,-2.749549797981551968e-01
1.202999999999999403e+01,3.519664184929192641e-01,-1.362703065639883464e-02,-2.786284507406291966e-01,3.519681415124359392e-01,-1.362687176584765660e-02,-2.786258494562372512e-01,3.626034703328674391e-01,-2.062408390978764938e-03,-2.740849215663510030e-01
1.203999999999999915e+01,3.513808825046877415e-01,-1.362130259490170782e-02,-2.794133985075641369e-01,3.513752585792114247e-01,-1.362103509021191615e-02,-2.794162835007676371e-01,3.639535924884024221e-01,-1.413618501941271699e-03,-2.726476846731499259e-01
1.204999999999999005e+01,3.527699120307767888e-01,-1.363488496131793140e-02,-2.788325501207775670e-01,3.527595572823488124e-01,-1.363452624271136587e-02,-2.788389073343929270e-01,3.666652403544379268e-01,-8.328526482054010582e-04,-2.699023342743318565e-01
1.205999999999999517e+01,3.560598813251526495e-01,-1.366645441923921428e-02,-2.768572202975613239e-01,3.560463328860698495e-01,-1.366601365715390190e-02,-2.768660192111407903e-01,3.718261997744184422e-01,9.826429993578522648e-05,-2.658275351361640837e-01
1.206999999999999318e+01,3.610816086252622292e-01,-1.371284847068686072e-02,-2.734857000034344177e-01,3.610651449387530798e-01,-1.371236100635901678e-02,-2.734970729538276357e-01,3.764934257023168085e-01,3.712443609532323219e-04,-2.633873476660165691e-01
1.207999999999999119e+01,3.676050927857054118e-01,-1.376961220012913253e-02,-2.687308430629608558e-01,3.675858087024432841e-01,-1.376910781220321879e-02,-2.687451802702849335e-01,3.829949992632775135e-01,-6.138935231476405630e-04,-2.592449609601940042e-01
1.208999999999999631e+01,3.753664668824830963e-01,-1.383157566064023569e-02,-2.626164517872098814e-01,3.753456773119006606e-01,-1.383107407152126510e-02,-2.626329929572772115e-01,3.905994527939824490e-01,-9.961369548709131383e-04,-2.529680490588205322e-01
1.209999999999999432e+01,3.840882998582442753e-01,-1.389336689397661397e-02,-2.551776989701546317e-01,3.840670348138164325e-01,-1.389287982197864695e-02,-2.551958128900226330e-01,3.998937005382000587e-01,-1.203616640429561180e-03,-2.448225621877265779e-01
1.210999999999999233e+01,3.934945039159586377e-01,-1.394981835095531787e-02,-2.464627102098085887e-01,3.934727069535865485e-01,-1.394933752914387544e-02,-2.464828209615807231e-01,4.078985276872627574e-01,-1.008920298331023035e-03,-2.370740910852401351e-01
1.211999999999999744e+01,4.033209973102220292e-01,-1.399625838908389978e-02,-2.365337945263812081e-01,4.032982749455680249e-01,-1.399574130781144725e-02,-2.365567927898021283e-01,4.195431161912955842e-01,-9.332692648927332080e-04,-2.250691284751331622e-01
1.212999999999999545e+01,4.133230714012002260e-01,-1.402869697208957225e-02,-2.254676957498449319e-01,4.132987587848651057e-01,-1.402809739116874996e-02,-2.254950387393851730e-01,4.290436996725959240e-01,-9.236281894334785747e-04,-2.142475464216782033e-01
1.213999999999999346e+01,4.232802045892775089e-01,-1.404392313467055405e-02,-2.133547547631838848e-01,4.232545883663683117e-01,-1.404322033427656685e-02,-2.133868893294480484e-01,4.393745721799824366e-01,-1.170285207338028766e-03,-2.009883564213670315e-01
1.214999999999999858e+01,4.329988931162768173e-01,-1.403953338407932551e-02,-2.002971392673674189e-01,4.329729894622738051e-01,-1.403874745699830971e-02,-2.003333889057219708e-01,4.493682771149648536e-01,-1.266909555055983905e-03,-1.867976657792488338e-01
1.215999999999998948e+01,4.423139381434356698e-01,-1.401390943727973994e-02,-1.864064069720236250e-01,4.422885913649014511e-01,-1.401308155572917116e-02,-1.864460416409150223e-01,4.587982395026564131e-01,-1.237053163264417721e-03,-1.711559594999596534e-01
1.216999999999999460e+01,4.510885350250450343e-01,-1.396616081098466834e-02,-1.718006865153188789e-01,4.510639951650317614e-01,-1.396531276176507519e-02,-1.718437060243729053e-01,4.663486513260044486e-01,-1.755563261771175831e-03,-1.568111063847767994e-01
1.217999999999999972e+01,4.592134443602504112e-01,-1.389604557362113940e-02,-1.566017318186992413e-01,4.591901763442516327e-01,-1.389524069553355404e-02,-1.566478248910860849e-01,4.734329806526191842e-01,-2.168028699654905855e-03,-1.405662950390967891e-01
1.218999999999999062e+01,4.666054767051520669e-01,-1.380387904355676217e-02,-1.409320563381517566e-01,4.665837000967658077e-01,-1.380311750097330641e-02,-1.409812566182208071e-01,4.793188123890044228e-01,-2.200350711954207616e-03,-1.245993591718735916e-01
1.219999999999999574e+01,4.732054861478610652e-01,-1.369043834121339877e-02,-1.249122995614388443e-01,4.731855186665203106e-01,-1.368972261536153222e-02,-1.249644129276775845e-01,4.846656996078335666e-01,-2.707516957881961339e-03,-1.073940094430677616e-01
1.220999999999999375e+01,4.789760381269539957e-01,-1.355686832307078857e-02,-1.086589269644226696e-01,4.789585363024689291e-01,-1.355617024831362420e-02,-1.087125162285203089e-01,4.890113343146039737e-01,-3.082658850000946638e-03,-9.087819823177378797e-02
1.221999999999999176e+01,4.838988907310354803e-01,-1.340459300733598189e-02,-9.228232072277307851e-02,4.838837600389330196e-01,-1.340392447298899281e-02,-9.233780123429015385e-02,4.917864897102839361e-01,-3.892064357679331232e-03,-7.780593448412831403e-02
1.222999999999999687e+01,4.879724052983695493e-01,-1.323523453892015353e-02,-7.588528235007188649e-02,4.879602039717420014e-01,-1.323462919988170443e-02,-7.594038897647938102e-02,4.948732415598212642e-01,-5.175833429235471295e-03,-6.059322957695711942e-02
1.223999999999999488e+01,4.912089798846149269e-01,-1.305054175959245027e-02,-5.956194176143021074e-02,4.911995337197427869e-01,-1.305007041124283534e-02,-5.961678068555200521e-02,4.962956810360237281e-01,-6.506466915327718814e-03,-5.130693355993576343e-02
1.224999999999999289e+01,4.936325793599818934e-01,-1.285232846981408314e-02,-4.339704678925312281e-02,4.936259331996186162e-01,-1.285207507495865487e-02,-4.345020107357489003e-02,4.978052800844726677e-01,-7.051798231091283009e-03,-3.777334665185549945e-02
1.225999999999999801e+01,4.952764171283826067e-01,-1.264242178015745170e-02,-2.746559479218414063e-02,4.952723303339396366e-01,-1.264244544286709064e-02,-2.751706245028697970e-02,4.989869128334994963e-01,-7.847852776957514598e-03,-2.396628044801896174e-02
1.226999999999999602e+01,4.961808271683620930e-01,-1.242262000458892526e-02,-1.183276001296796297e-02,4.961790887816993623e-01,-1.242296061700899623e-02,-1.188222435499350013e-02,4.995373369675638053e-01,-8.572481796721986846e-03,-1.244815883895056263e-02
1.227999999999999403e+01,4.963913506541631770e-01,-1.219465941951979222e-02,3.445932813535064042e-03,4.963917258282131151e-01,-1.219529226551419043e-02,3.398805168767022895e-03,4.997352093143850871e-01,-9.271378252427880939e-03,-1.061903176763467904e-03
1.228999999999999915e+01,4.959570492590276714e-01,-1.196018911679486672e-02,1.832423778347626667e-02,4.959593150191912714e-01,-1.196114610757300148e-02,1.827894847114171217e-02,4.993697266155283643e-01,-1.023273018295492442e-02,1.131422590072272971e-02
1.229999999999999005e+01,4.949290472703038457e-01,-1.172075284720317488e-02,3.276466731149916406e-02,4.949329547129356355e-01,-1.172204491848016089e-02,3.272181413157025653e-02,4.983866758418130094e-01,-1.160961014031564043e-02,1.844343318618724137e-02
1.230999999999999517e+01,4.933592967744714342e-01,-1.147777701497950525e-02,4.673786429928004915e-02,4.933646668587082784e-01,-1.147944584023049934e-02,4.669702466855842060e-02,4.975431444085867128e-01,-1.286176277144854274e-02,2.806077719402511050e-02
1.231999999999999318e+01,4.912995542649859493e-01,-1.123256382263568276e-02,6.022190492494138708e-02,4.913061260191756707e-01,-1.123462969307950296e-02,6.018349681814295915e-02,4.965008016054936468e-01,-1.352436271235107901e-02,3.806093749530625736e-02
1.232999999999999119e+01,4.888005528783408993e-01,-1.098628847881079861e-02,7.320156422461074341e-02,4.888081579515938246e-01,-1.098872593551666714e-02,7.316537251199081715e-02,4.948465398386516778e-01,-1.402057979941359611e-02,4.978554736795781643e-02
1.233999999999999631e+01,4.859113517657344672e-01,-1.074000008170872961e-02,8.566757126521744314e-02,4.859197893925804035e-01,-1.074277159059966631e-02,8.563364488104392713e-02,4.922176130826391161e-01,-1.494912265143683028e-02,6.419558585483464697e-02
1.234999999999999432e+01,4.826788428065432179e-01,-1.049462481129980092e-02,9.761587511770825065e-02,4.826879291749454071e-01,-1.049769384556174107e-02,9.758420634458576937e-02,4.897049857590006217e-01,-1.570269661666079397e-02,7.571543381351719670e-02
1.235999999999999233e+01,4.791473944103979976e-01,-1.025097135296332111e-02,1.090469381686764300e-01,4.791570418056538827e-01,-1.025433082989268309e-02,1.090172319050808081e-01,4.863686223679160037e-01,-1.659214016846113915e-02,8.895967896519740847e-02
1.236999999999999744e+01,4.753586126543006274e-01,-1.000973760580798830e-02,1.199650687112854969e-01,4.753686286797130789e-01,-1.001336718033110119e-02,1.199374319673304212e-01,4.829879484353319374e-01,-1.711889034721267300e-02,1.006030146131127179e-01
1.237999999999999545e+01,4.713512009590995477e-01,-9.771518363215868710e-03,1.303778010619659478e-01,4.713615545872680279e-01,-9.775085266916653040e-03,1.303519231404944023e-01,4.799772775202119091e-01,-1.774180683214349186e-02,1.106322102155220533e-01
1.238999999999999346e+01,4.671609009304131810e-01,-9.536813489651888368e-03,1.402953282046348893e-01,4.671714439307311784e-01,-9.539818614895367518e-03,1.402712720581844319e-01,4.747023367350886036e-01,-1.862264304995028819e-02,1.259445977093474056e-01
1.239999999999999858e+01,4.628204986106008723e-01,-9.306036435696064466e-03,1.497299893821971983e-01,4.628312007492076940e-01,-9.307965370928435178e-03,1.497075501157142108e-01,4.701626397902169963e-01,-1.900744092786169070e-02,1.363698910686312882e-01
1.240999999999998948e+01,4.583598821833162473e-01,-9.079522699565112029e-03,1.586958129419755448e-01,4.583706426195563455e-01,-9.079949370834596023e-03,1.586749737008510408e-01,4.666765793254312178e-01,-1.907729582636397136e-02,1.450883967852772960e-01
1.241999999999999460e+01,4.538061389633245013e-01,-8.857537902862422374e-03,1.672081131649619246e-01,4.538169428025635166e-01,-8.856443659778123062e-03,1.671886790447235649e-01,4.594147785255408012e-01,-1.936058967871828740e-02,1.610354320955892371e-01
1.242999999999999972e+01,4.491836811781007577e-01,-8.640285875032276824e-03,1.752831387100575178e-01,4.491944074481704630e-01,-8.637915530200889619e-03,1.752651356056572352e-01,4.525072751877953214e-01,-1.990924592953619010e-02,1.740702039226349473e-01
1.243999999999999062e+01,4.445143918221806656e-01,-8.427915872709718093e-03,1.829377693648975844e-01,4.445249652695078546e-01,-8.424525882184319067e-03,1.829211431863112802e-01,4.470875286314140995e-01,-1.991143273211115616e-02,1.834074492292464553e-01
1.244999999999999574e+01,4.398177832151672906e-01,-8.220529697754304713e-03,1.901892574450496087e-01,4.398281757195542929e-01,-8.216399400850156118e-03,1.901738868830705198e-01,4.409652309846593399e-01,-2.009027496852555661e-02,1.930043817998549072e-01
1.245999999999999375e+01,4.351111624151867141e-01,-8.018187898745076161e-03,1.970550097581040550e-01,4.351213632408228449e-01,-8.013525413860652855e-03,1.970407698891714354e-01,4.350086124112615416e-01,-2.022693962139490709e-02,2.013490131562851726e-01
1.246999999999999176e+01,4.304097986967774236e-01,-7.820915677851928566e-03,2.035524060911542976e-01,4.304198103923932983e-01,-7.815738515128166711e-03,2.035391785842877721e-01,4.285760190131840952e-01,-1.901508892792269645e-02,2.105874104154851212e-01
1.247999999999999687e+01,4.257270894446168463e-01,-7.628708141293259748e-03,2.096986501452998419e-01,4.257369588479726352e-01,-7.623011394852782265e-03,2.096862738140984339e-01,4.207770513376419830e-01,-1.634675506809712964e-02,2.224392285109068057e-01
1.248999999999999488e+01,4.210747216635227219e-01,-7.441534936874701599e-03,2.155106490343875192e-01,4.210844072896442469e-01,-7.435243366406662190e-03,2.154991016928237135e-01,4.172723848797771362e-01,-1.648487517396976521e-02,2.256799594269196518e-01
1.249999999999999289e+01,4.164864053380832321e-01,-7.260115930828947919e-03,2.209865071888480192e-01,4.164959763332014009e-01,-7.253334321462688236e-03,2.209756565648031690e-01,4.150750819963792138e-01,-1.688528610885389747e-02,2.272040058712855304e-01
1.250999999999999801e+01,4.121956541501287097e-01,-7.091529685889263850e-03,2.259551479998007928e-01,4.122058961186214621e-01,-7.084473577532252042e-03,2.259441962787179237e-01,4.137199034371741302e-01,-1.712736409526346981e-02,2.276532461272927632e-01
1.251999999999999602e+01,4.087878347243402710e-01,-6.954190381540353849e-03,2.299232693533766470e-01,4.087982612448090025e-01,-6.946982673827938742e-03,2.299125293531755765e-01,4.133803282200012585e-01,-1.734703861117101176e-02,2.269853603390177277e-01
1.252999999999999403e+01,4.067341742831031004e-01,-6.864233713965588873e-03,2.324353706102435524e-01,4.067467358172727199e-01,-6.856949746354260716e-03,2.324219312119085723e-01,4.135454066559078878e-01,-1.739409978666975332e-02,2.257042516184589731e-01
1.253999999999999915e+01,4.062580410700252775e-01,-6.830580826558566541e-03,2.332634812084232456e-01,4.062687627924252975e-01,-6.823116604320098900e-03,2.332523041205185610e-01,4.147790130682642573e-01,-1.760679584949301213e-02,2.233670563838521250e-01
1.254999999999999005e+01,4.074183305334374561e-01,-6.856846601326970631e-03,2.323174506857997590e-01,4.074273474657399419e-01,-6.849299658781096180e-03,2.323085249206733871e-01,4.167567501338438340e-01,-1.749708933784879794e-02,2.200317951752823742e-01
1.255999999999999517e+01,4.101477376170103439e-01,-6.942679599707045519e-03,2.295863875599569448e-01,4.101568460040972419e-01,-6.935217512426963306e-03,2.295773229476890109e-01,4.202142279009821735e-01,-1.764721429520182960e-02,2.161169039265729008e-01
1.256999999999999318e+01,4.142882562087136233e-01,-7.084903495061567295e-03,2.251043861296669057e-01,4.142974713991454117e-01,-7.077590740545624745e-03,2.250950155101439920e-01,4.248123083432076008e-01,-1.748213870646753154e-02,2.106407653609566610e-01
1.257999999999999119e+01,4.196222030196140595e-01,-7.278439088134192915e-03,2.189323707751339998e-01,4.196323091415865014e-01,-7.271353154212173778e-03,2.189214281163012477e-01,4.302227419152382382e-01,-1.745849577305103040e-02,2.046311717373804351e-01
1.258999999999999631e+01,4.258979293863305871e-01,-7.517025414041519915e-03,2.111495649333070268e-01,4.259097447739728648e-01,-7.510224517455648015e-03,2.111354461320687215e-01,4.371548877601785232e-01,-1.737598024755698800e-02,1.963055256173983354e-01
1.259999999999999432e+01,4.328502303879678825e-01,-7.793768970149678871e-03,2.018499783341147213e-01,4.328636639702601041e-01,-7.787259681560078708e-03,2.018322888434394002e-01,4.432596701234539083e-01,-1.760718487873327853e-02,1.879968462806779206e-01
1.260999999999999233e+01,4.402159368572055587e-01,-8.101553733217550096e-03,1.911409752440304255e-01,4.402318621584045411e-01,-8.095420975011882736e-03,1.911179094614820217e-01,4.493205105682495093e-01,-1.736421527684817168e-02,1.798000208460891480e-01
1.261999999999999744e+01,4.477453617637837668e-01,-8.433341293543679396e-03,1.791422608697046392e-01,4.477645200178907992e-01,-8.427631701456333654e-03,1.791113307978830504e-01,4.573333516628508288e-01,-1.755946936955005144e-02,1.666457348285225182e-01
1.262999999999999545e+01,4.552102895729779886e-01,-8.782386437998749781e-03,1.659844969418628191e-01,4.552316236465621113e-01,-8.777027133511246942e-03,1.659457031213916189e-01,4.651902708453125035e-01,-1.832502593886098374e-02,1.520032245227026513e-01
1.263999999999999346e+01,4.624091387167432177e-01,-9.142387370000372437e-03,1.518073004922219638e-01,4.624310483925215265e-01,-9.137296217116083405e-03,1.517621168215026461e-01,4.717181195236853641e-01,-1.869996867134851581e-02,1.377580610608758471e-01
1.264999999999999858e+01,4.691698465621663705e-01,-9.507585412728428512e-03,1.367566809458987953e-01,4.691916786794261274e-01,-9.502763969921600509e-03,1.367051369515946968e-01,4.781989814394110860e-01,-1.862838842058872624e-02,1.219260997475865027e-01
1.265999999999998948e+01,4.753509479425334638e-01,-9.872825581047958016e-03,1.209821099446469067e-01,4.753715907360014925e-01,-9.868262731142668151e-03,1.209255801870659092e-01,4.834115666284852786e-01,-1.869013699829152886e-02,1.065914117568668162e-01
1.266999999999999460e+01,4.808412503700491003e-01,-1.023358612802158230e-02,1.046334578090118844e-01,4.808594658596913596e-01,-1.022929878866025467e-02,1.045745496254142648e-01,4.871608018161184273e-01,-1.819134300363794976e-02,9.229288384373068865e-02
1.267999999999999972e+01,4.855584513238403455e-01,-1.058598429633267682e-02,8.785801448062542651e-02,4.855735214693366331e-01,-1.058206716115603525e-02,8.779893884717185348e-02,4.909202267695510491e-01,-1.746383299369111408e-02,7.402971874976127520e-02
1.268999999999999062e+01,4.894469935199897148e-01,-1.092676306420295451e-02,7.079776953421174079e-02,4.894593627722447771e-01,-1.092333145522431971e-02,7.073665860620084733e-02,4.931803657621631753e-01,-1.713181485195788833e-02,5.938650605392825632e-02
1.269999999999999574e+01,4.924754098241870826e-01,-1.125326371811700109e-02,5.358707393848830686e-02,4.924845802905479242e-01,-1.125028727280331410e-02,5.352638531324899890e-02,4.948855669310507910e-01,-1.695843030223537218e-02,4.445365217411112457e-02
1.270999999999999375e+01,4.946333691447654113e-01,-1.156338786588122225e-02,3.635075543938998122e-02,4.946392406155648569e-01,-1.156076055843600903e-02,3.629262420576629539e-02,4.962846405905907421e-01,-1.651224378394511305e-02,2.712989013006272820e-02
1.271999999999999176e+01,4.959285971384627123e-01,-1.185555189803189774e-02,1.920271534735721805e-02,4.959315009620965387e-01,-1.185316274275747053e-02,1.914683639224502507e-02,4.969353307526268582e-01,-1.554926199233910844e-02,1.377421429190406332e-02
1.272999999999999687e+01,4.963838106885778978e-01,-1.212863695582306993e-02,2.244999526032841978e-03,4.963840236293255992e-01,-1.212643106473277298e-02,2.190595866543262535e-03,4.971290686383501578e-01,-1.480660397627339697e-02,-1.958808892568053572e-03
1.273999999999999488e+01,4.960337731905191117e-01,-1.238193655740131571e-02,-1.443268954475100674e-02,4.960316006078009932e-01,-1.237988483824276585e-02,-1.448249861000123519e-02,4.968445416422941907e-01,-1.397329952438444711e-02,-1.255409615818248170e-02
1.274999999999999289e+01,4.949225488601128875e-01,-1.261510357180442229e-02,-3.075309002866006419e-02,4.949183896983768705e-01,-1.261328189464610075e-02,-3.079895321922975979e-02,4.963608684029383600e-01,-1.301994222801725054e-02,-2.518366149351347616e-02
1.275999999999999801e+01,4.931010089534500485e-01,-1.282809855995876644e-02,-4.665114723062778468e-02,4.930953366483076805e-01,-1.282651153478849872e-02,-4.669236559279463933e-02,4.952916289337704336e-01,-1.214286057093541538e-02,-4.073648647917660348e-02
1.276999999999999602e+01,4.906246211874981666e-01,-1.302114008658343189e-02,-6.207351339570472276e-02,4.906178320497763812e-01,-1.301975034680087628e-02,-6.211030487898758223e-02,4.940916825493765208e-01,-1.105066784470698504e-02,-5.150595941910751652e-02
1.277999999999999403e+01,4.875515357971522135e-01,-1.319465862541955962e-02,-7.697784360323674246e-02,4.875439057287836997e-01,-1.319337167305479827e-02,-7.701081419939460881e-02,4.921976288303648861e-01,-9.470348610157525160e-03,-6.434500889418837133e-02
1.278999999999999915e+01,4.839409673781893684e-01,-1.334925402595970451e-02,-9.133194705602082353e-02,4.839327395617206151e-01,-1.334800502482575389e-02,-9.136149228055469307e-02,4.902321882064377689e-01,-8.039085593542938390e-03,-7.469598688511913664e-02
1.279999999999999005e+01,4.798518609617347663e-01,-1.348565718897031841e-02,-1.051128462244135392e-01,4.798431552824556356e-01,-1.348439253996399495e-02,-1.051395775532130289e-01,4.882913008764036000e-01,-6.107920042873443700e-03,-8.337686528431664801e-02
1.280999999999999517e+01,4.753418228706416393e-01,-1.360469624050403108e-02,-1.183057895547626193e-01,4.753327526728359231e-01,-1.360337524555920580e-02,-1.183300969886583592e-01,4.850317361360739765e-01,-4.921090027444480208e-03,-9.626084830144654436e-02
1.281999999999999318e+01,4.704662919619218564e-01,-1.370726698736373338e-02,-1.309032551548541812e-01,4.704569942088995260e-01,-1.370571344215664941e-02,-1.309253444581278680e-01,4.817946862243591699e-01,-4.458331065011561511e-03,-1.069922843525225042e-01
1.282999999999999119e+01,4.652779239205340200e-01,-1.379430767311002302e-02,-1.429039754457770151e-01,4.652686336617163354e-01,-1.379237673661039103e-02,-1.429237542105229464e-01,4.784465411626110942e-01,-3.203405518544533148e-03,-1.167672671768745785e-01
1.283999999999999631e+01,4.598261602908668144e-01,-1.386677762415032891e-02,-1.543120054169199451e-01,4.598168830877155666e-01,-1.386430775916655186e-02,-1.543298925811014410e-01,4.725707402624889086e-01,-2.332135853405276071e-03,-1.323444458240674582e-01
1.284999999999999432e+01,4.541569541537924803e-01,-1.392563977885179216e-02,-1.651358508194972763e-01,4.541479276832542933e-01,-1.392316762862205737e-02,-1.651516529232953945e-01,4.679994138841829798e-01,-1.580493835655866208e-03,-1.432456902748917571e-01
1.285999999999999233e+01,4.483126258538606135e-01,-1.397184643942795540e-02,-1.753876668517679871e-01,4.483036465825452899e-01,-1.397032696367859692e-02,-1.754019961398688432e-01,4.620079659157647622e-01,-1.165260128672990225e-03,-1.564303379341437372e-01
1.286999999999999744e+01,4.423318241004882689e-01,-1.400632804850577076e-02,-1.850825333903913517e-01,4.423230005771505713e-01,-1.400670848950141302e-02,-1.850953431481586753e-01,4.559050299032423315e-01,-1.174155051833297714e-03,-1.688204399208086404e-01
1.287999999999999545e+01,4.362495702766263639e-01,-1.402998460270855723e-02,-1.942378089814321418e-01,4.362406222412441026e-01,-1.403333641091815409e-02,-1.942496593650603343e-01,4.496651960609868715e-01,-1.225583419968950816e-03,-1.804399585646447868e-01
1.288999999999999346e+01,4.300973664439146638e-01,-1.404367936539632940e-02,-2.028725628876199560e-01,4.300882480358809712e-01,-1.405006139075248330e-02,-2.028836249778477041e-01,4.426460687138260575e-01,-1.572597903576861134e-03,-1.922477962628788006e-01
1.289999999999999858e+01,4.239033502681618937e-01,-1.404823437392442240e-02,-2.110070822874983154e-01,4.238940884812292809e-01,-1.405712233491727796e-02,-2.110174318021067474e-01,4.348639449360129916e-01,-1.849365204717151601e-03,-2.039729500753472147e-01
1.290999999999998948e+01,4.176924826344711739e-01,-1.404442764927455942e-02,-2.186624502284447158e-01,4.176831333983472838e-01,-1.405493766625449774e-02,-2.186721365367680914e-01,4.265894631774740375e-01,-2.090728972320710088e-03,-2.153326381023532576e-01
1.291999999999999460e+01,4.114867562357292785e-01,-1.403299169246043608e-02,-2.258601888864906204e-01,4.114773629868017091e-01,-1.404436363434717443e-02,-2.258692650819174030e-01,4.184310746864113861e-01,-2.369405967597687512e-03,-2.257702516889456001e-01
1.292999999999999972e+01,4.053054156142343878e-01,-1.401461303089045728e-02,-2.326219621432698836e-01,4.052960142813326616e-01,-1.402641916422470159e-02,-2.326304656980892893e-01,4.097208064389010751e-01,-2.436644946850780036e-03,-2.358106226802155758e-01
1.293999999999999062e+01,3.991651811258113414e-01,-1.398993251455052031e-02,-2.389693312615569776e-01,3.991557999304388704e-01,-1.400197082480686590e-02,-2.389772920744934470e-01,4.023300285439173063e-01,-2.730991495339341046e-03,-2.438304265621924483e-01
1.294999999999999574e+01,3.930804709587059076e-01,-1.395954643545847113e-02,-2.449235574937464466e-01,3.930711383367844203e-01,-1.397169260108368019e-02,-2.449309980706030621e-01,3.934886425474162230e-01,-3.085670657121092342e-03,-2.524313193594716065e-01
1.295999999999999375e+01,3.870636169037878216e-01,-1.392400791853700900e-02,-2.505054456481340952e-01,3.870544303560397026e-01,-1.393612812648397162e-02,-2.505123176153533082e-01,3.867679444909165598e-01,-3.454136751548347872e-03,-2.585501751242486046e-01
1.296999999999999176e+01,3.811250706764159890e-01,-1.388382881624042157e-02,-2.557352230322293973e-01,3.811160377536539912e-01,-1.389585825606408191e-02,-2.557415676004837213e-01,3.795953339557488482e-01,-3.534739760709032508e-03,-2.642590991729693028e-01
1.297999999999999687e+01,3.752735987018104291e-01,-1.383948166022609151e-02,-2.606324485956094117e-01,3.752648271779858713e-01,-1.385132471814100145e-02,-2.606382120906137745e-01,3.744076086042458229e-01,-2.939441536906728381e-03,-2.680802257616394790e-01
1.298999999999999488e+01,3.695164639752721025e-01,-1.379140199150146948e-02,-2.652159475995937155e-01,3.695077957281602266e-01,-1.380297950483395583e-02,-2.652213182312779804e-01,3.689517749874535735e-01,-3.285478742054176449e-03,-2.725989357489093656e-01
1.299999999999999289e+01,3.638866922833745021e-01,-1.374046168277843691e-02,-2.694946578477586674e-01,3.638786227052790423e-01,-1.375171543241325393e-02,-2.694993674439329912e-01,3.619488312319586454e-01,-5.796991091913311633e-03,-2.797155817149638013e-01
1.300999999999999801e+01,3.586515944899778541e-01,-1.369078968191268959e-02,-2.733754404129207227e-01,3.586443629561833490e-01,-1.370169458603986111e-02,-2.733794171970093112e-01,3.598842075406775143e-01,-4.842531476140943258e-03,-2.804536437201271548e-01
1.301999999999999602e+01,3.545151649648553560e-01,-1.365126164989337483e-02,-2.765256950282258819e-01,3.545100096585463434e-01,-1.366180655185513654e-02,-2.765275376844647526e-01,3.591386011060990757e-01,-4.334705596362398161e-03,-2.803141248701045418e-01
1.302999999999999403e+01,3.520354092537458235e-01,-1.362725790745723982e-02,-2.785835432659374833e-01,3.520298064542460859e-01,-1.363742031145378369e-02,-2.785854626712667703e-01,3.593040543964191036e-01,-3.383901151196605506e-03,-2.794371871978780231e-01
1.303999999999999915e+01,3.514658381235502005e-01,-1.362169822593730685e-02,-2.793579291582486968e-01,3.514573976191531779e-01,-1.363148692187621767e-02,-2.793624198357702038e-01,3.610047797410504966e-01,-2.622151575359527031e-03,-2.774828211332611705e-01
1.304999999999999005e+01,3.528701683124648159e-01,-1.363542801319178772e-02,-2.787656037700005363e-01,3.528614764126952741e-01,-1.364489692885792471e-02,-2.787705695901729896e-01,3.633331396548307168e-01,-1.714338910805968119e-03,-2.749187924589275855e-01
1.305999999999999517e+01,3.561738336490384849e-01,-1.366710765024750293e-02,-2.767782368894119993e-01,3.561662155210972847e-01,-1.367629704490707851e-02,-2.767825825461326383e-01,3.675816627386274682e-01,-1.142319191691637537e-03,-2.719839165912070200e-01
1.306999999999999318e+01,3.612070496617700299e-01,-1.371356333347585436e-02,-2.733943443495878700e-01,3.612004674183744712e-01,-1.372249513995382232e-02,-2.733981134507434407e-01,3.723572984753088511e-01,-1.535665162810978535e-03,-2.691021713571679630e-01
1.307999999999999119e+01,3.677394744900334689e-01,-1.377033419131301444e-02,-2.686269630539691589e-01,3.677336163610780417e-01,-1.377902741547274400e-02,-2.686304346883735539e-01,3.794173163504128699e-01,-1.296456688719860306e-03,-2.643983663950240093e-01
1.308999999999999631e+01,3.755070985460030597e-01,-1.383224919064067471e-02,-2.625000777668964336e-01,3.755027927745439031e-01,-1.384072433677979892e-02,-2.625024014815544038e-01,3.870064597408486851e-01,-1.691166848705377701e-03,-2.583208939910579538e-01
1.309999999999999432e+01,3.842324946988995293e-01,-1.389393919163943968e-02,-2.550490551655422711e-01,3.842300005574920685e-01,-1.390220264511097918e-02,-2.550497889914006833e-01,3.960746316569014880e-01,-1.630023194166108080e-03,-2.502359076087483647e-01
1.310999999999999233e+01,3.936396853520905403e-01,-1.395024228885415746e-02,-2.463222226614751875e-01,3.936380451642794154e-01,-1.395828857487908109e-02,-2.463221978844200022e-01,4.047229440478490314e-01,-1.565570342782068858e-03,-2.423463087640215230e-01
1.311999999999999744e+01,4.034647739436543756e-01,-1.399649423579089197e-02,-2.363820889370228939e-01,4.034628765572300657e-01,-1.400432059249986060e-02,-2.363825318690752353e-01,4.150133516915687215e-01,-1.177927602578232591e-03,-2.317087910358243130e-01
1.312999999999999545e+01,4.134632875955781550e-01,-1.402871334774967102e-02,-2.253055840202294879e-01,4.134606808828059088e-01,-1.403632674080864881e-02,-2.253071773346457807e-01,4.260322907994276154e-01,-1.113637463280386930e-03,-2.194065324652095805e-01
1.313999999999999346e+01,4.234149718694897313e-01,-1.404369719450847785e-02,-2.131832117707933294e-01,4.234118226963294873e-01,-1.405111593621491406e-02,-2.131859338647313362e-01,4.372047825986108416e-01,-5.085740304125729860e-04,-2.050212157629842658e-01
1.314999999999999858e+01,4.331266062953892382e-01,-1.403905062271446416e-02,-2.001172726560662973e-01,4.331233077001981902e-01,-1.404628685660321528e-02,-2.001207040990234665e-01,4.455397205801299165e-01,4.176012607481904837e-05,-1.933086478866455904e-01
1.315999999999998948e+01,4.424332793319220580e-01,-1.401316301151315537e-02,-1.862194229148340652e-01,4.424296952618403944e-01,-1.402018547232381819e-02,-1.862237584601773022e-01,4.557165319559745020e-01,-2.976938258722194863e-04,-1.774463058738491306e-01
1.316999999999999460e+01,4.511984680051603913e-01,-1.396515075525999253e-02,-1.716078542030398113e-01,4.511947493664341668e-01,-1.397196586349264483e-02,-1.716130820783127175e-01,4.642802939964494335e-01,-7.954124028423104065e-04,-1.616945974753627446e-01
1.317999999999999972e+01,4.593132015283888370e-01,-1.389477779504523329e-02,-1.564043488749616295e-01,4.593089495160028735e-01,-1.390134642429128979e-02,-1.564114216274181679e-01,4.717819613010405533e-01,-1.341986634372072107e-03,-1.454012436668500330e-01
1.318999999999999062e+01,4.666945404270909648e-01,-1.380236429973413087e-02,-1.407314168508602692e-01,4.666900782761821409e-01,-1.380868093579409525e-02,-1.407402140260079204e-01,4.778590356352860891e-01,-1.380800371816953698e-03,-1.297323449967243691e-01
1.319999999999999574e+01,4.732835661732821553e-01,-1.368869124064935744e-02,-1.247096658696979499e-01,4.732789532593960624e-01,-1.369467622952758382e-02,-1.247204825341020340e-01,4.835405565284520701e-01,-2.077627076571941789e-03,-1.122158711407283960e-01
1.320999999999999375e+01,4.790430464771125996e-01,-1.355490644510563315e-02,-1.084555059136283750e-01,4.790386770865074917e-01,-1.356049382577136780e-02,-1.084677484212528270e-01,4.872117827719832928e-01,-2.234985206706452399e-03,-9.892740245030717805e-02
1.321999999999999176e+01,4.839549153772301215e-01,-1.340243592744831506e-02,-9.207924453347837712e-02,4.839512237172819420e-01,-1.340755387588284976e-02,-9.209167900679547658e-02,4.899870737607513460e-01,-2.666883716624879330e-03,-8.677676538020395736e-02
1.322999999999999687e+01,4.880176835422583292e-01,-1.323290315170049837e-02,-7.568359429361178059e-02,4.880146041117175426e-01,-1.323754321810127234e-02,-7.569639946067288627e-02,4.939750745711241064e-01,-3.872767784521141676e-03,-6.700365013332909569e-02
1.323999999999999488e+01,4.912438724025591785e-01,-1.304805757109789126e-02,-5.936258619541082832e-02,4.912416765101739746e-01,-1.305226238616148671e-02,-5.937412731582395603e-02,4.959636930036727120e-01,-5.178173545254238785e-03,-5.463491307499457328e-02
1.324999999999999289e+01,4.936575455217794839e-01,-1.284971300277437840e-02,-4.320086319142035086e-02,4.936560140327652668e-01,-1.285355934307257260e-02,-4.321168946027907631e-02,4.972531160043611731e-01,-5.897308125053124517e-03,-4.449840807660043751e-02
1.325999999999999801e+01,4.952919920509404328e-01,-1.263969617185491112e-02,-2.727331546975290608e-02,4.952910998297412881e-01,-1.264329314976826713e-02,-2.728260534113574609e-02,4.987760915055148847e-01,-7.082085880844191106e-03,-2.821181870748412646e-02
1.326999999999999602e+01,4.961876009015770972e-01,-1.241980462140632353e-02,-1.164501070676934522e-02,4.961871789131251376e-01,-1.242320925855980827e-02,-1.165325663252029381e-02,4.995126818754012099e-01,-7.916842441418742160e-03,-1.606775531372595101e-02
1.327999999999999403e+01,4.963899496558438762e-01,-1.219177356196732981e-02,3.628629903789399192e-03,4.963898951301662921e-01,-1.219501059200532589e-02,3.621552479501750910e-03,4.998476579409825704e-01,-8.668811908798812471e-03,-3.121561947831530404e-03
1.328999999999999915e+01,4.959481202492334040e-01,-1.195725084859539621e-02,1.850145897989677671e-02,4.959483265834918608e-01,-1.196030376890477170e-02,1.849554733096491280e-02,4.998185171281144812e-01,-9.341615301212857769e-03,4.573183509806622027e-03
1.329999999999999005e+01,4.949132434463186514e-01,-1.171777884714209246e-02,3.293608114828577849e-02,4.949136393595749417e-01,-1.172065134168196431e-02,3.293098379131326886e-02,4.993258477728954592e-01,-1.087259681249599930e-02,1.445750915573462692e-02
1.330999999999999517e+01,4.933372663179018125e-01,-1.147478246048704020e-02,4.690322412989855749e-02,4.933377244463383882e-01,-1.147746875972278924e-02,4.689936787880399222e-02,4.985839324199506928e-01,-1.291689878467752739e-02,2.319772172228828921e-02
1.331999999999999318e+01,4.912719309823146419e-01,-1.122956243044992593e-02,6.038104101877541513e-02,4.912724288209926460e-01,-1.123206848764132966e-02,6.037795452252057299e-02,4.967872018704579395e-01,-1.386190076221963108e-02,3.944016227166280419e-02
1.332999999999999119e+01,4.887679488043394360e-01,-1.098329249815630133e-02,7.335437559426805088e-02,4.887683498301536034e-01,-1.098560450189187479e-02,7.335241909829985640e-02,4.951843302588181395e-01,-1.447808765268779330e-02,4.981722412655842369e-02
1.333999999999999631e+01,4.858743515369035038e-01,-1.073702026265224187e-02,8.581401748233130622e-02,4.858746464182139291e-01,-1.073911736014551525e-02,8.581287238645710080e-02,4.927975086327246457e-01,-1.474041454670382834e-02,6.116570791475606228e-02
1.334999999999999432e+01,4.826379995688284130e-01,-1.049167058657926761e-02,9.775596838099297192e-02,4.826381229342790458e-01,-1.049352138724338884e-02,9.775565013186235386e-02,4.905423947164261333e-01,-1.594196241721423934e-02,7.181855565166128663e-02
1.335999999999999233e+01,4.791032270845896890e-01,-1.024805082059494082e-02,1.091807357027016062e-01,4.791031758692337883e-01,-1.024964700471333451e-02,1.091810600450232177e-01,4.873190620117610616e-01,-1.717364583776345710e-02,8.591600567331125760e-02
1.336999999999999744e+01,4.753116043231601640e-01,-1.000685766997469819e-02,1.200926656734206399e-01,4.753113700966783983e-01,-1.000819467597694433e-02,1.200935210251705965e-01,4.838004212046147501e-01,-1.781287131591705042e-02,9.855778765270162278e-02
1.337999999999999545e+01,4.713017982062197575e-01,-9.768684777203348255e-03,1.304993239878738664e-01,4.713013341951622359e-01,-9.769774427474592349e-03,1.305007302250136558e-01,4.796982806234578733e-01,-1.870330324748659123e-02,1.115691885153915486e-01
1.338999999999999346e+01,4.671095139341215341e-01,-9.534031010126942790e-03,1.404109290643119068e-01,4.671088667735677769e-01,-9.534878054780406009e-03,1.404126801083579179e-01,4.755799217863328487e-01,-1.944195665255285532e-02,1.234698747082818571e-01
1.339999999999999858e+01,4.627675018514453287e-01,-9.303308905201342419e-03,1.498398402360849035e-01,4.627665835201360545e-01,-9.303897524475758171e-03,1.498420766736043019e-01,4.711095347584696169e-01,-2.001954030015440367e-02,1.346566239409794363e-01
1.340999999999998948e+01,4.583056156208663579e-01,-9.076853104067243716e-03,1.588001012007958790e-01,4.583045012001187857e-01,-9.077300414326229527e-03,1.588025932736038814e-01,4.664556523455118398e-01,-2.011086067586911885e-02,1.459933355784247544e-01
1.341999999999999460e+01,4.537509095470881326e-01,-8.854928543160498974e-03,1.673070374468612620e-01,4.537495151343076127e-01,-8.855395031004575923e-03,1.673099055213482511e-01,4.592715787753604006e-01,-2.069942610118788440e-02,1.610266110340877743e-01
1.342999999999999972e+01,4.491277646198899576e-01,-8.637738349549691982e-03,1.753769052327030509e-01,4.491261535282311534e-01,-8.638420320865515534e-03,1.753799801702059791e-01,4.530710944375171412e-01,-2.085499173710975152e-02,1.727751938872683635e-01
1.343999999999999062e+01,4.444580345025503365e-01,-8.425431283054288928e-03,1.830265888747381609e-01,4.444561545682939596e-01,-8.426555413211432588e-03,1.830299272389709908e-01,4.475980223783961875e-01,-2.094666065928771359e-02,1.823388042090764438e-01
1.344999999999999574e+01,4.397612042020714873e-01,-8.218108593284969773e-03,1.902733425958036406e-01,4.397591059935670454e-01,-8.219810637791164637e-03,1.902768292064307698e-01,4.416556212109925550e-01,-2.113972531458963022e-02,1.919140380645498745e-01
1.345999999999999375e+01,4.350545554883824551e-01,-8.015830453536204950e-03,1.971345729373492894e-01,4.350522161517612618e-01,-8.018184512046071591e-03,1.971382253512889982e-01,4.353811365747696227e-01,-2.130957359232646398e-02,2.009182392599804245e-01
1.346999999999999176e+01,4.303533343736363204e-01,-7.818621700385393336e-03,2.036276576157286522e-01,4.303507890976539518e-01,-7.821591113017806185e-03,2.036314096051042577e-01,4.288738237961442490e-01,-2.044840097431394055e-02,2.100804243819206496e-01
1.347999999999999687e+01,4.256709169522988612e-01,-7.626477123590609530e-03,2.097697967992296908e-01,4.256681173858116729e-01,-7.629916161671253250e-03,2.097737100425913215e-01,4.201854427028390848e-01,-1.718511392786586933e-02,2.235888043433083006e-01
1.348999999999999488e+01,4.210189708318380353e-01,-7.439366147477443660e-03,2.155778929064242622e-01,4.210159536695450289e-01,-7.443140762934026718e-03,2.155819099590592924e-01,4.169122225159388462e-01,-1.744761667659491811e-02,2.263116649461319740e-01
1.349999999999999289e+01,4.164317991839358024e-01,-7.258028257530143613e-03,2.210495814795943870e-01,4.164288027446994556e-01,-7.262052267321115508e-03,2.210534334249150135e-01,4.141613578094928139e-01,-1.766101231658323556e-02,2.285787640724922243e-01
1.350999999999999801e+01,4.121464964179346047e-01,-7.089653878362764047e-03,2.260106860527943129e-01,4.121446756510405707e-01,-7.093883915717982824e-03,2.260131692014599181e-01,4.125678020710099592e-01,-1.764724665592365405e-02,2.294480711422057784e-01
1.351999999999999602e+01,4.087481273701500384e-01,-6.952656386644107123e-03,2.299676625253145035e-01,4.087476611731043485e-01,-6.957036764736634037e-03,2.299681033720216983e-01,4.118778618045267903e-01,-1.784190331827806286e-02,2.288940979402500631e-01
1.352999999999999403e+01,4.067060183002345619e-01,-6.863116393719686029e-03,2.324669006842793872e-01,4.067034709356794342e-01,-6.867457319538654639e-03,2.324697310982467569e-01,4.119972708772983161e-01,-1.799605216842958821e-02,2.280280632639835048e-01
1.353999999999999915e+01,4.062423029672685981e-01,-6.829914759430834488e-03,2.332815634343365918e-01,4.062371240184102228e-01,-6.834161356766720388e-03,2.332876735171813543e-01,4.131507707299145737e-01,-1.806582271705436948e-02,2.257160856057311982e-01
1.354999999999999005e+01,4.074148963168460758e-01,-6.856635771668668881e-03,2.323221356322750508e-01,4.074099751447501916e-01,-6.860885842605783484e-03,2.323280142338790821e-01,4.147396430994504390e-01,-1.808818538399320497e-02,2.228949230331738196e-01
1.355999999999999517e+01,4.101557623517224083e-01,-6.942905878315143789e-03,2.295780611571073548e-01,4.101510127186438481e-01,-6.947133392938918683e-03,2.295838874687083642e-01,4.182932655858118132e-01,-1.797659979132781860e-02,2.186060752315270861e-01
1.356999999999999318e+01,4.143063911699223500e-01,-7.085533647908945874e-03,2.250836069633344039e-01,4.143030841622689642e-01,-7.089775323013710814e-03,2.250877669718438501e-01,4.222815296875853663e-01,-1.798846314230745369e-02,2.140697410954353064e-01
1.357999999999999119e+01,4.196487891888801003e-01,-7.279430282566587244e-03,2.188997932036912675e-01,4.196477255074378410e-01,-7.283707300212474180e-03,2.189010727964535996e-01,4.281299958560793595e-01,-1.756220490239188137e-02,2.075512174533181708e-01
1.358999999999999631e+01,4.259311540419170039e-01,-7.518329450874350686e-03,2.111059097185610522e-01,4.259314017108241091e-01,-7.522588232864267123e-03,2.111053596303179569e-01,4.341502178800494827e-01,-1.758363277812910463e-02,2.008231186454777495e-01
1.359999999999999432e+01,4.328882486068528213e-01,-7.795335476394114720e-03,2.017960251971346874e-01,4.328884123627744218e-01,-7.799498204070787373e-03,2.017955838849208039e-01,4.410637717215343256e-01,-1.784845593599282410e-02,1.919719714272718480e-01
1.360999999999999233e+01,4.402569621491088103e-01,-8.103332379830224114e-03,1.910775620219799797e-01,4.402564465424473883e-01,-8.107349962671275834e-03,1.910782538672299857e-01,4.486098943654418525e-01,-1.751284691595922371e-02,1.813122745286522841e-01
1.361999999999999744e+01,4.477877306682360725e-01,-8.435283552511016122e-03,1.790702813559886808e-01,4.477866547149854104e-01,-8.439149578278657554e-03,1.790720869815359828e-01,4.545186660534362710e-01,-1.774077146885980061e-02,1.717805505051298587e-01
1.362999999999999545e+01,4.552525049245965683e-01,-8.784446684676681244e-03,1.659048942163688645e-01,4.552515619842507633e-01,-8.788187852682739776e-03,1.659065832872202162e-01,4.626674959786002406e-01,-1.850795229466367653e-02,1.570759032142376999e-01
1.363999999999999346e+01,4.624498956918593473e-01,-9.144523603076671822e-03,1.517210553827624819e-01,4.624488651547332685e-01,-9.148161886677877094e-03,1.517231079397912963e-01,4.706370841878871891e-01,-1.866469514955376718e-02,1.404160276049825073e-01
1.364999999999999858e+01,4.692080450345269549e-01,-9.509759798305168071e-03,1.366647966900332856e-01,4.692069422768285203e-01,-9.513281313601597983e-03,1.366672420113951292e-01,4.763237242751002798e-01,-1.876680717106143925e-02,1.246432494664357904e-01
1.365999999999998948e+01,4.753856941860996610e-01,-9.875004632964845194e-03,1.208855946181368463e-01,4.753839477490349186e-01,-9.878378558355391595e-03,1.208903051653002908e-01,4.814702285156136075e-01,-1.870020395639979127e-02,1.099374571977149717e-01
1.366999999999999460e+01,4.808718506357317346e-01,-1.023574080808000407e-02,1.045333061794347512e-01,4.808695902096427610e-01,-1.023892027659638847e-02,1.045406905931271641e-01,4.864651310098075943e-01,-1.828029811198914056e-02,9.225150658712544249e-02
1.367999999999999972e+01,4.855843994765274285e-01,-1.058808993823748268e-02,8.775519066391337941e-02,4.855817647949122184e-01,-1.059097854511763248e-02,8.776574459442477993e-02,4.898417964080076237e-01,-1.774476298803656649e-02,7.749531511614471402e-02
1.368999999999999062e+01,4.894679545701959844e-01,-1.092879918369791398e-02,7.069319150784633687e-02,4.894655085421836249e-01,-1.093133570959024976e-02,7.070562769920750446e-02,4.925330060161768886e-01,-1.724431156507905127e-02,6.258439299701690217e-02
1.369999999999999574e+01,4.924912008925926288e-01,-1.125521377598290990e-02,5.348160061049135605e-02,4.924892611824116528e-01,-1.125730729641188747e-02,5.349489059659814222e-02,4.946118345841136188e-01,-1.695237223336126808e-02,4.626455636897686130e-02
1.370999999999999375e+01,4.946439391392850604e-01,-1.156523893684147791e-02,3.624517662006187385e-02,4.946426321161372930e-01,-1.156682489645114061e-02,3.625868919289806924e-02,4.959148308417429263e-01,-1.645516779377478866e-02,3.158285612785804997e-02
1.371999999999999176e+01,4.959340061602405259e-01,-1.185729437742314742e-02,1.909774474533705232e-02,4.959333861063358606e-01,-1.185838578620316761e-02,1.911053153758108039e-02,4.969718171188587386e-01,-1.554993981530780611e-02,1.646449986002607169e-02
1.372999999999999687e+01,4.963842099785738537e-01,-1.213026419382921307e-02,2.141270621919634954e-03,4.963841929537201603e-01,-1.213092509978422849e-02,2.153828454273677261e-03,4.973584195726546975e-01,-1.446377713551236233e-02,3.411670167476121840e-03
1.373999999999999488e+01,4.960293862073185678e-01,-1.238344443205162057e-02,-1.453462502059406011e-02,4.960299227705141090e-01,-1.238383386650757957e-02,-1.452260307270704202e-02,4.972303638223046773e-01,-1.320777953417001660e-02,-9.607138665291614643e-03
1.374999999999999289e+01,4.949136539023818449e-01,-1.261649026099377624e-02,-3.085276126702513749e-02,4.949146801117554340e-01,-1.261678200861906900e-02,-3.084128093128793782e-02,4.967516304146101236e-01,-1.233940293311469594e-02,-2.245399724679053577e-02
1.375999999999999801e+01,4.930879235947638328e-01,-1.282936404334293276e-02,-4.674816174172924388e-02,4.930894048534091301e-01,-1.282970555321748599e-02,-4.673700267435532130e-02,4.956963468200854539e-01,-1.152946016026110132e-02,-3.844824992971995758e-02
1.376999999999999602e+01,4.906076886583519148e-01,-1.302228594990015309e-02,-6.216755282080066447e-02,4.906094481928746642e-01,-1.302275312665237411e-02,-6.215750386264326521e-02,4.946712450123077476e-01,-1.039445000572283839e-02,-4.957208902445608967e-02
1.377999999999999403e+01,4.875311133298738664e-01,-1.319568773784444114e-02,-7.706865853911637476e-02,4.875331617456147293e-01,-1.319629386370364463e-02,-7.705919535769165107e-02,4.930235095990022076e-01,-8.715484799742573285e-03,-6.143311717747057532e-02
1.378999999999999915e+01,4.839174164913189191e-01,-1.335017022374775271e-02,-9.141935107295411089e-02,4.839195089774948610e-01,-1.335087114061990141e-02,-9.141121268513398290e-02,4.912633371246761804e-01,-7.278543950062305035e-03,-7.110887830808987342e-02
1.379999999999999005e+01,4.798255395521835442e-01,-1.348646504289459716e-02,-1.051967095099000105e-01,4.798276590100492012e-01,-1.348730471790069232e-02,-1.051895665128816520e-01,4.887044544093621656e-01,-5.427341760406989568e-03,-8.289464812290225915e-02
1.380999999999999517e+01,4.753130789290175851e-01,-1.360540094529444875e-02,-1.183860324735065972e-01,4.753150846589583312e-01,-1.360650117365189843e-02,-1.183800313364059970e-01,4.867141032703731218e-01,-3.779632219352208056e-03,-9.086238714215733037e-02
1.381999999999999318e+01,4.704354588439339513e-01,-1.370787405680357583e-02,-1.309798417363047529e-01,4.704372685317427805e-01,-1.370955275389085237e-02,-1.309749113445348168e-01,4.825245986886597116e-01,-2.509793974164981067e-03,-1.054369558941309348e-01
1.382999999999999119e+01,4.652453168581189291e-01,-1.379482287310063345e-02,-1.429769072220146153e-01,4.652469749356730744e-01,-1.379738233595333673e-02,-1.429727011660008873e-01,4.790225697969561214e-01,-1.447781347714199862e-03,-1.158167197407186100e-01
1.383999999999999631e+01,4.597920740539137574e-01,-1.386720679469530607e-02,-1.543813155509966284e-01,4.597934081470919088e-01,-1.387096401649774019e-02,-1.543780369832676858e-01,4.745547357625335971e-01,-1.356599823160581364e-03,-1.281178633020891855e-01
1.384999999999999432e+01,4.541216616220497548e-01,-1.392598877429819873e-02,-1.652015987019594956e-01,4.541226586984797309e-01,-1.393102048206113462e-02,-1.651991073627475104e-01,4.691424298514403901e-01,-1.106073258034606654e-03,-1.413603753269907504e-01
1.385999999999999233e+01,4.482763773743891345e-01,-1.397212099802612809e-02,-1.754499331605268719e-01,4.482769451369738034e-01,-1.397822449346751601e-02,-1.754482864598367609e-01,4.634623273607386684e-01,3.559721184307751418e-04,-1.538981018712285431e-01
1.386999999999999744e+01,4.422948474399754915e-01,-1.400653375872752335e-02,-1.851414156784421117e-01,4.422949219121006248e-01,-1.401337637469302413e-02,-1.851406209129600189e-01,4.566841430017178904e-01,6.327039625040331572e-04,-1.679221778223084494e-01
1.387999999999999545e+01,4.362120710546568136e-01,-1.403012686687917995e-02,-1.942934177702660969e-01,4.362117152329195169e-01,-1.403732844066061386e-02,-1.942932869382671679e-01,4.497155711577448534e-01,5.700893997596379048e-04,-1.807623483686741084e-01
1.388999999999999346e+01,4.300595289331958782e-01,-1.404376332937535415e-02,-2.029250182535662639e-01,4.300588226815150183e-01,-1.405104316101982859e-02,-2.029253691101237100e-01,4.426689467147907342e-01,3.117547052706448607e-04,-1.927316516200581198e-01
1.389999999999999858e+01,4.238653384410374092e-01,-1.404826492925721586e-02,-2.110565109291973052e-01,4.238643437182557094e-01,-1.405560577612542487e-02,-2.110572011222681954e-01,4.357667814545043150e-01,4.092804764060931078e-05,-2.032496589074013205e-01
1.390999999999998948e+01,4.176544413892289143e-01,-1.404440941495846071e-02,-2.187089829698472820e-01,4.176532092440137234e-01,-1.405189659760676044e-02,-2.187099011112061953e-01,4.276154210153912949e-01,-4.966654091168587470e-04,-2.145978064658309314e-01
1.391999999999999460e+01,4.114488127258530969e-01,-1.403292901990276301e-02,-2.259039585829379637e-01,4.114473053100634048e-01,-1.404072371779857900e-02,-2.259051154201698330e-01,4.188029926019160021e-01,-7.643525878180679189e-04,-2.256954247272920933e-01
1.392999999999999972e+01,4.052676806399836962e-01,-1.401450994198827869e-02,-2.326631019449192650e-01,4.052659031732224193e-01,-1.402263248884199134e-02,-2.326644630410440451e-01,4.114101413634653204e-01,-9.321803392143557243e-04,-2.344436954584526722e-01
1.393999999999999062e+01,3.991277505081156085e-01,-1.398979280405015721e-02,-2.390079732074142649e-01,3.991257165496836512e-01,-1.399818478688517366e-02,-2.390095036159222419e-01,4.023672686733915649e-01,-1.266936864413065189e-03,-2.441789104626560514e-01
1.394999999999999574e+01,3.930434269152989213e-01,-1.395937360774744153e-02,-2.449598313771658153e-01,3.930411950331526016e-01,-1.396788939607233708e-02,-2.449614596225897500e-01,3.951269955201173190e-01,-1.765078786391455212e-03,-2.513424646395107098e-01
1.395999999999999375e+01,3.870270293616612789e-01,-1.392380522055120841e-02,-2.505394781319453257e-01,3.870247562833093458e-01,-1.393235121984828795e-02,-2.505410404127469959e-01,3.869272552986185998e-01,-2.492413919129993216e-03,-2.588250873315516287e-01
1.396999999999999176e+01,3.810889985252003398e-01,-1.388359922876981380e-02,-2.557671369714095144e-01,3.810866488295088228e-01,-1.389197536426966043e-02,-2.557686797475762219e-01,3.792655082780882481e-01,-3.398120205339832944e-03,-2.658341303064080119e-01
1.397999999999999687e+01,3.752380909615984361e-01,-1.383922795304150764e-02,-2.606623625392487931e-01,3.752356213860651990e-01,-1.384733872424590700e-02,-2.606639304303873250e-01,3.683691592817236460e-01,-6.175563949666146302e-03,-2.770217262667383773e-01
1.398999999999999488e+01,3.694815608910064220e-01,-1.379112671250512859e-02,-2.652439754400622296e-01,3.694789893854408813e-01,-1.379896396698995081e-02,-2.652455510904009328e-01,3.643690397113994450e-01,-5.625707530655943422e-03,-2.796527721897800189e-01
1.399999999999999289e+01,3.638477696925759841e-01,-1.374008628990945960e-02,-2.695224785613075102e-01,3.638452477715620192e-01,-1.374763542835298093e-02,-2.695239760027620668e-01,3.613489913294787303e-01,-5.117105866456278518e-03,-2.811406863228478326e-01
1.400999999999999801e+01,3.585749654638971107e-01,-1.368988038920063502e-02,-2.734188407052827730e-01,3.585728766665950973e-01,-1.369713474403165543e-02,-2.734200333741322875e-01,3.595923723035679975e-01,-4.701622560621093738e-03,-2.817397342697781637e-01
1.401999999999999602e+01,3.543577347046367176e-01,-1.364940823876807131e-02,-2.766118623643967767e-01,3.543578104346621904e-01,-1.365637907102503455e-02,-2.766112060417304508e-01,3.584092098533755433e-01,-3.938310393174382362e-03,-2.817768788112272604e-01
1.402999999999999403e+01,3.517710564837245868e-01,-1.362426541834182471e-02,-2.787342588233601703e-01,3.517731432472887554e-01,-1.363090751406648669e-02,-2.787314082637140644e-01,3.586856300907523831e-01,-3.367656846266553483e-03,-2.808147219090326718e-01
1.403999999999999915e+01,3.510848416503642433e-01,-1.361752380546752891e-02,-2.795857112072298034e-01,3.510849036891042219e-01,-1.362377083055791444e-02,-2.795840384744142648e-01,3.599498202615101228e-01,-2.728139397429801827e-03,-2.793725861565594659e-01
1.404999999999999005e+01,3.523737274236612427e-01,-1.363016799628804371e-02,-2.790773870948586310e-01,3.523698620110274904e-01,-1.363601658476137207e-02,-2.790792132144473969e-01,3.629755256208343495e-01,-1.995333516665753759e-03,-2.760521065984230527e-01
1.405999999999999517e+01,3.555708424678253876e-01,-1.366098426787190276e-02,-2.771779014470688307e-01,3.555655949252166104e-01,-1.366653211152148162e-02,-2.771813436181213008e-01,3.681425553901358505e-01,-1.538986144069970363e-03,-2.720491849688402297e-01
1.406999999999999318e+01,3.605114872371935064e-01,-1.370689205397035426e-02,-2.738839582465952271e-01,3.605054522754467250e-01,-1.371222229254849892e-02,-2.738886449439830173e-01,3.716811253338467846e-01,-1.147189530889686226e-03,-2.703842950634285369e-01
1.407999999999999119e+01,3.669683588367741445e-01,-1.376348533945941782e-02,-2.692072661764742803e-01,3.669629038020117973e-01,-1.376869296915792136e-02,-2.692120799432871636e-01,3.787488868082824478e-01,-2.069956430733932429e-03,-2.658239399575403894e-01
1.408999999999999631e+01,3.746789271845903380e-01,-1.382561189450879149e-02,-2.631705834074453132e-01,3.746758011355844631e-01,-1.383077391633228542e-02,-2.631737398117536264e-01,3.874903659632483732e-01,-2.509556204640800425e-03,-2.587533747598779188e-01
1.409999999999999432e+01,3.833660830211657045e-01,-1.388789155216731824e-02,-2.558080091946970391e-01,3.833656619130250687e-01,-1.389303255937223563e-02,-2.558087707939495359e-01,3.955433315950599438e-01,-2.789031737669728228e-03,-2.515318118575873285e-01
1.410999999999999233e+01,3.927533198383057478e-01,-1.394512932304308936e-02,-2.471665541753446937e-01,3.927579793784531370e-01,-1.395031054573232093e-02,-2.471625670156064325e-01,4.039340196566486574e-01,-2.346838326650946271e-03,-2.437732715452530785e-01
1.411999999999999744e+01,4.025756110352419759e-01,-1.399261314791151907e-02,-2.373074146666015183e-01,4.025856626465941779e-01,-1.399776811873786400e-02,-2.372972683347048251e-01,4.163048938873087357e-01,-2.093675949067175246e-03,-2.307406480068791010e-01
1.412999999999999545e+01,4.125869439139209782e-01,-1.402630522222327210e-02,-2.263062849823367917e-01,4.126012440304451245e-01,-1.403133202453140001e-02,-2.262899380478420319e-01,4.261138213856048296e-01,-2.319386487226460236e-03,-2.198370126271488312e-01
1.413999999999999346e+01,4.225652642727504293e-01,-1.404294396550365837e-02,-2.142525767293930183e-01,4.225838602203844108e-01,-1.404770946009217467e-02,-2.142288028076141104e-01,4.374324507033141574e-01,-1.950877337226319952e-03,-2.051816743931675902e-01
1.414999999999999858e+01,4.323154100763564878e-01,-1.404007577017837155e-02,-2.012476919288780364e-01,4.323364299961103829e-01,-1.404442450094596333e-02,-2.012176585747590118e-01,4.460556269454003520e-01,-1.747507608814258262e-03,-1.931129967503986133e-01
1.415999999999998948e+01,4.416704796204173333e-01,-1.401603522535223648e-02,-1.874026128620978060e-01,4.416909970012519171e-01,-1.401986460765865077e-02,-1.873698226169558667e-01,4.550832918614364786e-01,-2.028724637692380650e-03,-1.788900153033640139e-01
1.416999999999999460e+01,4.504919843548253477e-01,-1.396988923908243536e-02,-1.728350936214886890e-01,4.505107061853179107e-01,-1.397318633537640922e-02,-1.728015227236253115e-01,4.624485143400874909e-01,-2.653004148253590433e-03,-1.656252851799088210e-01
1.417999999999999972e+01,4.586690688368215141e-01,-1.390135875839447650e-02,-1.576667115959391741e-01,4.586871002930920649e-01,-1.390412949191664749e-02,-1.576302387369873936e-01,4.718226061380503822e-01,-3.177907045704697619e-03,-1.457178234286642393e-01
1.418999999999999062e+01,4.661170318883692265e-01,-1.381072790868245921e-02,-1.420199884903235454e-01,4.661331544933690063e-01,-1.381304357058336235e-02,-1.419828733868954973e-01,4.777071761837403674e-01,-3.170630767983545484e-03,-1.305665467165912919e-01
1.419999999999999574e+01,4.727753459151083359e-01,-1.369874854047558113e-02,-1.260157363539599618e-01,4.727888522161997065e-01,-1.370074020174967891e-02,-1.259799300247116949e-01,4.825804736489368585e-01,-3.887674101112459368e-03,-1.157622250210276205e-01
1.420999999999999375e+01,4.786053412346617519e-01,-1.356654596520564388e-02,-1.097707327054386062e-01,4.786166018834168701e-01,-1.356832416502688071e-02,-1.097358247697110267e-01,4.874862478097033991e-01,-4.109728967842757319e-03,-9.842537773492632258e-02
1.421999999999999176e+01,4.835876960883035425e-01,-1.341552991835652693e-02,-9.339578435402859369e-02,4.835970392963301334e-01,-1.341715484931379002e-02,-9.336120834075029018e-02,4.913546817585485726e-01,-4.848627366602353828e-03,-8.129528930757556893e-02
1.422999999999999687e+01,4.877198494079589275e-01,-1.324731304636557992e-02,-7.699420306456490615e-02,4.877269661247287669e-01,-1.324884923716569685e-02,-7.696183995979294368e-02,4.942844975808378116e-01,-5.987154799787397508e-03,-6.626329644262352048e-02
1.423999999999999488e+01,4.910134312294037184e-01,-1.306363882454555925e-02,-6.066068881629144149e-02,4.910184874332679805e-01,-1.306509225539577435e-02,-6.063120278543582264e-02,4.959372284247822726e-01,-7.261162075377775027e-03,-5.599946145110357154e-02
1.424999999999999289e+01,4.934917856234796174e-01,-1.286631919094885675e-02,-4.448059572509588389e-02,4.934951121211276215e-01,-1.286772129478925414e-02,-4.445390722412477513e-02,4.978662226367087107e-01,-8.207151470578405439e-03,-4.086087862557963302e-02
1.425999999999999801e+01,4.951876421996392330e-01,-1.265718236358820241e-02,-2.852954302130497263e-02,4.951894853553222009e-01,-1.265862826337028901e-02,-2.850624059021377235e-02,4.990497507199930238e-01,-9.187606263477837709e-03,-2.704197162660326725e-02
1.426999999999999602e+01,4.961409759207033310e-01,-1.243803005155335109e-02,-1.287332461838708829e-02,4.961416635488786753e-01,-1.243963364030282320e-02,-1.285338606609322948e-02,4.996997935879936015e-01,-1.007108865169298317e-02,-1.582365207053704204e-02
1.427999999999999403e+01,4.963970802135611038e-01,-1.221060380233529759e-02,2.431931472603602977e-03,4.963969226033799753e-01,-1.221239728441034754e-02,2.448626254291667338e-03,5.000275457457081796e-01,-1.090717702605095707e-02,-2.000447797101401193e-03
1.428999999999999915e+01,4.960048662655147100e-01,-1.197655927615829015e-02,1.733940398128632279e-02,4.960041215137615533e-01,-1.197851925892040419e-02,1.735351472984818233e-02,4.997594265234249766e-01,-1.160711418504487003e-02,8.517264445506156356e-03
1.429999999999999005e+01,4.950153911566493314e-01,-1.173744775240022180e-02,3.181106610728984263e-02,4.950142348375022316e-01,-1.173949641693847190e-02,3.182316569453484678e-02,4.991076856958184815e-01,-1.314166189839197085e-02,1.805063931446815317e-02
1.430999999999999517e+01,4.934806095558396666e-01,-1.149470373265517632e-02,4.581706353547706362e-02,4.934791766004093527e-01,-1.149679925934072623e-02,4.582743538617303769e-02,4.980350062784406062e-01,-1.438631276811921933e-02,2.971413698971103745e-02
1.431999999999999318e+01,4.914523376487172079e-01,-1.124963777264476918e-02,5.933502076282962806e-02,4.914507327618632959e-01,-1.125174110797087269e-02,5.934389697686254239e-02,4.966505010495432249e-01,-1.539372163021790474e-02,4.197177159321330286e-02
1.432999999999999119e+01,4.889814137196165089e-01,-1.100343358678215408e-02,7.234930834036654157e-02,4.889797091492902315e-01,-1.100550188839100052e-02,7.235692986549022154e-02,4.947909173803540783e-01,-1.686226679700575382e-02,5.308703784000912140e-02
1.433999999999999631e+01,4.861170370749281489e-01,-1.075714850479126891e-02,8.485029806965768695e-02,4.861152949815057411e-01,-1.075899317776248670e-02,8.485683673343821787e-02,4.925987445938219134e-01,-1.707789450928198782e-02,6.389414935374471138e-02
1.434999999999999432e+01,4.829062655088344758e-01,-1.051171675223477875e-02,9.683362787908236791e-02,4.829046369993454935e-01,-1.051320052208843184e-02,9.683885085951937644e-02,4.899459364847104648e-01,-1.797049823521879031e-02,7.660401618289292003e-02
1.435999999999999233e+01,4.793936511345262552e-01,-1.026795460066413576e-02,1.082994930310154924e-01,4.793921060960236180e-01,-1.026884648991335976e-02,1.083038283348667780e-01,4.870547120888144565e-01,-1.888157724755964995e-02,8.816181718465088135e-02
1.436999999999999744e+01,4.756209947346839995e-01,-1.002656708631938752e-02,1.192519759941058494e-01,4.756196703313937402e-01,-1.002683082047490029e-02,1.192552178934369878e-01,4.834629215180785144e-01,-1.949046307846274972e-02,1.009043674069143304e-01
1.437999999999999545e+01,4.716271997972241725e-01,-9.788155595857030156e-03,1.296984233818014587e-01,4.716259613628639435e-01,-9.787812900569809599e-03,1.297011248693963059e-01,4.793557525061942770e-01,-2.020349730570522584e-02,1.135882527147560328e-01
1.438999999999999346e+01,4.674482087476555803e-01,-9.553226072758580142e-03,1.396488751845772480e-01,4.674471310916298306e-01,-9.552346556180776535e-03,1.396509432444097143e-01,4.743161951683813604e-01,-2.085774854807007084e-02,1.261423786806776803e-01
1.439999999999999858e+01,4.631170055368529215e-01,-9.322197499809873125e-03,1.491155488408050511e-01,4.631159411896080824e-01,-9.320926467973679116e-03,1.491173989383502430e-01,4.694605469729377090e-01,-2.146887167946015529e-02,1.382908068207404639e-01
1.440999999999998948e+01,4.586636705120178958e-01,-9.095410301284754043e-03,1.581123785806719806e-01,4.586626592013252068e-01,-9.093863495817883918e-03,1.581139534911657485e-01,4.651984169425997795e-01,-2.151904588667541418e-02,1.487207933977908736e-01
1.441999999999999460e+01,4.541154752658364546e-01,-8.873134598737505291e-03,1.666546088895543287e-01,4.541144238747793493e-01,-8.871416582003677914e-03,1.666561201524770774e-01,4.582522249754670263e-01,-2.193941139581248589e-02,1.634525120875468529e-01
1.442999999999999972e+01,4.494970069252454126e-01,-8.655578101305743885e-03,1.747584397222114172e-01,4.494959451838439479e-01,-8.653785932933857547e-03,1.747598372229911823e-01,4.523139872813253248e-01,-2.217617469117735829e-02,1.743530855230893684e-01
1.443999999999999062e+01,4.448303129784638155e-01,-8.442893581141372797e-03,1.824407202877562639e-01,4.448291695018887770e-01,-8.441072213870238344e-03,1.824421397498292852e-01,4.461753977387771242e-01,-2.148416064747554755e-02,1.853009320626854972e-01
1.444999999999999574e+01,4.401350592675535300e-01,-8.235185829363713891e-03,1.897186876882219764e-01,4.401338780285701247e-01,-8.233367974205147224e-03,1.897200539683676634e-01,4.402699124009381570e-01,-2.149784854236722054e-02,1.945713664330273041e-01
1.445999999999999375e+01,4.354286951405860751e-01,-8.032518036827016039e-03,1.966097464109102799e-01,4.354274934570632194e-01,-8.030717993995573067e-03,1.966110391809565427e-01,4.324398781737719411e-01,-2.050225215964013303e-02,2.067128578236411274e-01
1.446999999999999176e+01,4.307266209569606819e-01,-7.834917667246144024e-03,2.031312845852427384e-01,4.307253771860751201e-01,-7.833130538657541095e-03,2.031325419033709612e-01,4.232943047315430585e-01,-1.740994145089383438e-02,2.210471597833011392e-01
1.447999999999999687e+01,4.260423542073958347e-01,-7.642381742032368884e-03,2.093005229468403727e-01,4.260411311795057054e-01,-7.640625657300309514e-03,2.093016625356176608e-01,4.184766518195131013e-01,-1.737116692316570399e-02,2.261723587382177270e-01
1.448999999999999488e+01,4.213876913985816208e-01,-7.454881563782900580e-03,2.151343926110622362e-01,4.213864143457091704e-01,-7.453157842772362499e-03,2.151355219629809135e-01,4.156579125380787110e-01,-1.771207744420935648e-02,2.281995626805203292e-01
1.449999999999999289e+01,4.167958967183634789e-01,-7.273121107851466920e-03,2.206313791128172996e-01,4.167946589459311513e-01,-7.271456396444974865e-03,2.206324045713956017e-01,4.131681241920187597e-01,-1.762084251123929857e-02,2.303142869654100089e-01
1.450999999999999801e+01,4.124972696764563906e-01,-7.104081581431249438e-03,2.256227177383625104e-01,4.124964447498397635e-01,-7.102507772351219530e-03,2.256232522489353964e-01,4.113477894305708205e-01,-1.758205257915068653e-02,2.309554708838612580e-01
1.451999999999999602e+01,4.090768498620758753e-01,-6.966169809733423028e-03,2.296146141972125743e-01,4.090761210665709302e-01,-6.964671348819085998e-03,2.296144667334938660e-01,4.104472532157228404e-01,-1.772482348545428854e-02,2.309632805260839472e-01
1.452999999999999403e+01,4.070071519781641722e-01,-6.875564176518994541e-03,2.321496131903469096e-01,4.070065119158528533e-01,-6.874347725051029902e-03,2.321486678916899749e-01,4.106937057832044102e-01,-1.761203032190938877e-02,2.297694619822910900e-01
1.453999999999999915e+01,4.065126026877131094e-01,-6.841219759328636373e-03,2.329987670350089635e-01,4.065060304273725444e-01,-6.840036769035166136e-03,2.330049508988842888e-01,4.117649107860897884e-01,-1.753465807331680559e-02,2.275571632430815061e-01
1.454999999999999005e+01,4.076530728536654768e-01,-6.866778468279749643e-03,2.320715423554391144e-01,4.076447546600683869e-01,-6.865733345344970234e-03,2.320800107337088747e-01,4.136040707244043046e-01,-1.750069554790595339e-02,2.243332768001631283e-01
1.455999999999999517e+01,4.103620737796546680e-01,-6.951908885663223882e-03,2.293570324252827974e-01,4.103529234375010715e-01,-6.950975894886459068e-03,2.293668074107482469e-01,4.171570210508747101e-01,-1.694635440771283252e-02,2.204505661821348772e-01
1.456999999999999318e+01,4.144822336740077717e-01,-7.093448436792277288e-03,2.248895175971152294e-01,4.144717497651452254e-01,-7.092577461306938044e-03,2.249015895921400165e-01,4.214177635041991277e-01,-1.690068487757256932e-02,2.153372128882580228e-01
1.457999999999999119e+01,4.197963312570419103e-01,-7.286326559541258900e-03,2.187301973876193129e-01,4.197853800197792751e-01,-7.285523548223084463e-03,2.187438051495046165e-01,4.272905415017858033e-01,-1.667850914242080540e-02,2.089135021812691395e-01
1.458999999999999631e+01,4.260530329502563718e-01,-7.524286983110590153e-03,2.109585903658998118e-01,4.260435860685864995e-01,-7.523582445085902175e-03,2.109710805965939462e-01,4.337020862644662689e-01,-1.664602643450588393e-02,2.018515349452053576e-01
1.459999999999999432e+01,4.329873319450360802e-01,-7.800438231827236911e-03,2.016689833623212802e-01,4.329800483239046871e-01,-7.799838452933308824e-03,2.016792087498495145e-01,4.401019802903904932e-01,-1.662790257041177333e-02,1.935861596951102825e-01
1.460999999999999233e+01,4.403361687503549726e-01,-8.107664353419868561e-03,1.909689821254589581e-01,4.403314649757231747e-01,-8.107207436580273624e-03,1.909760503330126813e-01,4.482590740001031193e-01,-1.622411861019187884e-02,1.820776332100045858e-01
1.461999999999999744e+01,4.478499019442582774e-01,-8.438925916825355117e-03,1.789784925290679451e-01,4.478492940198010586e-01,-8.438731028626572997e-03,1.789793880121249015e-01,4.545292760472456894e-01,-1.647951891477750230e-02,1.720759368943409751e-01
1.462999999999999545e+01,4.553003170904193486e-01,-8.787476007632034555e-03,1.658283376648680696e-01,4.553043654181893052e-01,-8.787588742867677785e-03,1.658205543422839046e-01,4.608884280883195350e-01,-1.670827963320470344e-02,1.606262240156606236e-01
1.463999999999999346e+01,4.624858041804811304e-01,-9.147010847978474454e-03,1.516582612585974654e-01,4.624924421097044158e-01,-9.147302317411046615e-03,1.516438640751653633e-01,4.699230480801122045e-01,-1.727405087538558259e-02,1.423151133401802104e-01
1.464999999999999858e+01,4.692342536780730322e-01,-9.511769733228805576e-03,1.366143703921504082e-01,4.692425334310810214e-01,-9.512223979082247774e-03,1.365938955654091569e-01,4.771580917039476288e-01,-1.692318337012108098e-02,1.252100843260750551e-01
1.465999999999998948e+01,4.754041429949579789e-01,-9.876595659034448707e-03,1.208462108067709234e-01,4.754137593538599882e-01,-9.877288565635652592e-03,1.208187494948903262e-01,4.821367684519597407e-01,-1.667954563845408522e-02,1.112000549856957399e-01
1.466999999999999460e+01,4.808842171834813994e-01,-1.023696514839128081e-02,1.045037082424923186e-01,4.808928048871745076e-01,-1.023785334481913667e-02,1.044747004871550422e-01,4.868270003630953413e-01,-1.635649595797614153e-02,9.432932137845262410e-02
1.467999999999999972e+01,4.855921099265374519e-01,-1.058899379858938006e-02,8.773419338609794726e-02,4.855989433186268522e-01,-1.059010869606733830e-02,8.770613357885960470e-02,4.902264939910354613e-01,-1.558655057121161036e-02,7.946615671777734757e-02
1.468999999999999062e+01,4.894722011202155554e-01,-1.092942324570401504e-02,7.067968518520312271e-02,4.894780414799818069e-01,-1.093080002614895026e-02,7.064954216378963037e-02,4.927817465194751501e-01,-1.504492453028266619e-02,6.357979530558621750e-02
1.469999999999999574e+01,4.924929631829230159e-01,-1.125559360171002853e-02,5.347455518012736442e-02,4.924970721445119382e-01,-1.125710089505267686e-02,5.344611686041805115e-02,4.949118500747687888e-01,-1.467247061352944248e-02,4.724254540673122893e-02
1.470999999999999375e+01,4.946440076748429004e-01,-1.156540539575251665e-02,3.624364491236282959e-02,4.946463932966981281e-01,-1.156691419998476071e-02,3.621884099636369508e-02,4.962260096292594458e-01,-1.427914231376292697e-02,3.180361919512020297e-02
1.471999999999999176e+01,4.959330062745493373e-01,-1.185727419766248979e-02,1.910086437503586212e-02,4.959340667288516524e-01,-1.185871311420729282e-02,1.907933960133090939e-02,4.971348831506694488e-01,-1.328452566974441806e-02,1.518977654239317410e-02
1.472999999999999687e+01,4.963826252829588448e-01,-1.213008045419811110e-02,2.148264264534762141e-03,4.963826835502240242e-01,-1.213138690155381866e-02,2.131131008859929368e-03,4.974201446891485245e-01,-1.233498398926383133e-02,2.172587743054621434e-03
1.473999999999999488e+01,4.960275807677318460e-01,-1.238311700701749153e-02,-1.452445096182124196e-02,4.960270602251060090e-01,-1.238427891284579752e-02,-1.453712491468304134e-02,4.972260174785763098e-01,-1.119966588868542834e-02,-1.228601298511156070e-02
1.474999999999999289e+01,4.949118926435876475e-01,-1.261603614000031057e-02,-3.084001948791702252e-02,4.949111996833992499e-01,-1.261703179469531207e-02,-3.084833604000986745e-02,4.967971051924741088e-01,-9.932462455099017040e-03,-2.283915183845064423e-02
1.475999999999999801e+01,4.930863906483603509e-01,-1.282879785117065422e-02,-4.673338797201974371e-02,4.930857959420158476e-01,-1.282964849351336464e-02,-4.673829134029078292e-02,4.957861430896947086e-01,-8.838962138809330904e-03,-3.894171478405350495e-02
1.476999999999999602e+01,4.906065035339526870e-01,-1.302162028769962912e-02,-6.215121076677851408e-02,4.906061529019280498e-01,-1.302237020033483045e-02,-6.215359608798409069e-02,4.945044263906511750e-01,-7.497875206253473701e-03,-5.095437269490188381e-02
1.477999999999999403e+01,4.875303448975731868e-01,-1.319493341254617674e-02,-7.705114547171988681e-02,4.875303625897308146e-01,-1.319564698754440227e-02,-7.705144157896813562e-02,4.929190277503356921e-01,-5.966481372875920286e-03,-6.214829107313035728e-02
1.478999999999999915e+01,4.839170948737660516e-01,-1.334933655288736767e-02,-9.140100375952511791e-02,4.839175471827790176e-01,-1.335005479219720549e-02,-9.139964142790155122e-02,4.909557649104726584e-01,-4.424718702591229347e-03,-7.275918896424415916e-02
1.479999999999999005e+01,4.798256660188640055e-01,-1.348556019688115261e-02,-1.051778103966546918e-01,4.798265816097178060e-01,-1.348626351135210656e-02,-1.051751623969572752e-01,4.887157998165218009e-01,-2.879354148803914271e-03,-8.273301049827319620e-02
1.480999999999999517e+01,4.753136341214137528e-01,-1.360443191470770558e-02,-1.183668155946254741e-01,4.753150577551135680e-01,-1.360507875871600630e-02,-1.183630699747748732e-01,4.857689731438566971e-01,-1.211500399893816748e-03,-9.439986772493769163e-02
1.481999999999999318e+01,4.704364092805797815e-01,-1.370684708060988799e-02,-1.309604987222115491e-01,4.704383475445200191e-01,-1.370754777271109524e-02,-1.309558646511740920e-01,4.823529812768498903e-01,-3.520651149633013954e-04,-1.057798980971557112e-01
1.482999999999999119e+01,4.652466201991441452e-01,-1.379374338224562992e-02,-1.429575927458596185e-01,4.652489848036898690e-01,-1.379482106639511041e-02,-1.429524181775286840e-01,4.780919215962905477e-01,3.353495285249308289e-05,-1.183926096734497779e-01
1.483999999999999631e+01,4.597936830983530565e-01,-1.386607970214158263e-02,-1.543621525356702606e-01,4.597964208734242608e-01,-1.386790373651432956e-02,-1.543566125097653174e-01,4.729744882929212135e-01,4.836119242236092131e-04,-1.320116650022166160e-01
1.484999999999999432e+01,4.541235273991219845e-01,-1.392481842911063097e-02,-1.651826829805937147e-01,4.541265937845339051e-01,-1.392755661840126662e-02,-1.651769064125314934e-01,4.680927741778823092e-01,9.039355523882686150e-04,-1.435100100287514113e-01
1.485999999999999233e+01,4.482784513678654825e-01,-1.397091136330449145e-02,-1.754313377384846551e-01,4.482817515740260550e-01,-1.397444560305477999e-02,-1.754255364478864709e-01,4.626528836186808435e-01,2.308383924094464801e-03,-1.555947526472241105e-01
1.486999999999999744e+01,4.422970831812200188e-01,-1.400528845917739171e-02,-1.851231944944679575e-01,4.423005717388841518e-01,-1.400935202560323577e-02,-1.851174645434322252e-01,4.554084528853959979e-01,2.403636167968098425e-03,-1.701369649787880522e-01
1.487999999999999545e+01,4.362144251966713626e-01,-1.402884918777532255e-02,-1.942756090006739489e-01,4.362180970573983907e-01,-1.403303794689324084e-02,-1.942699741380719825e-01,4.494791228913439518e-01,2.150257972810293294e-03,-1.811732052259290571e-01
1.488999999999999346e+01,4.300619618914416908e-01,-1.404245632513151376e-02,-2.029076472004940901e-01,4.300657249674894600e-01,-1.404632543831708068e-02,-2.029022600739211202e-01,4.413681727446324699e-01,1.633928761172465105e-03,-1.946788662561806937e-01
1.489999999999999858e+01,4.238678147366962690e-01,-1.404693143901123396e-02,-2.110395924941793622e-01,4.238716888162930019e-01,-1.405020413180624664e-02,-2.110344142214597707e-01,4.336109388099472772e-01,1.167916091276255397e-03,-2.063420423529509495e-01
1.490999999999998948e+01,4.176569297587106600e-01,-1.404305206232116764e-02,-2.186925237621993590e-01,4.176608227975026066e-01,-1.404569355457883049e-02,-2.186876564219102925e-01,4.261291872593235830e-01,6.087662854016295810e-04,-2.165646450274477663e-01
1.491999999999999460e+01,4.114512860514373815e-01,-1.403155025896102998e-02,-2.258879587038185033e-01,4.114551391221633603e-01,-1.403364318416034165e-02,-2.258834402372514594e-01,4.173105244482183673e-01,1.288051624012409579e-04,-2.275716134113948685e-01
1.492999999999999972e+01,4.052701157606287130e-01,-1.401311211399406190e-02,-2.326475564790675410e-01,4.052739205717187931e-01,-1.401480952645641105e-02,-2.326433543508687474e-01,4.089059556128731288e-01,-2.190151384182104088e-04,-2.374238509421177090e-01
1.493999999999999062e+01,3.991301279732131779e-01,-1.398837806158305733e-02,-2.389928734523780740e-01,3.991338818662693577e-01,-1.398981352160374482e-02,-2.389889539100527871e-01,4.004269750572215791e-01,-4.725829268766579272e-04,-2.462687442922292247e-01
1.494999999999999574e+01,3.930457306683183272e-01,-1.395794398665910901e-02,-2.449451658603027659e-01,3.930494349576134083e-01,-1.395919277525680194e-02,-2.449414983138097079e-01,3.916607354770752503e-01,-7.299800047888549415e-04,-2.547565596153892331e-01
1.495999999999999375e+01,3.870292464127503829e-01,-1.392236263981616595e-02,-2.505252334331543596e-01,3.870329832707535833e-01,-1.392345915008882246e-02,-2.505217121763429478e-01,3.824324939461228867e-01,-2.623589155685307484e-03,-2.639880728246132291e-01
1.496999999999999176e+01,3.810911186188503108e-01,-1.388214548726969012e-02,-2.557532983848988528e-01,3.810948635228153525e-01,-1.388308585844804863e-02,-2.557499347734288331e-01,3.694761144775386974e-01,-6.388848268542191011e-03,-2.773052063366555631e-01
1.497999999999999687e+01,3.752401062456348080e-01,-1.383776476843661535e-02,-2.606489146004647428e-01,3.752439923140808431e-01,-1.383853879478170144e-02,-2.606455740811008948e-01,3.645124216751766122e-01,-5.922199731029670344e-03,-2.806484641355185827e-01
1.498999999999999488e+01,3.694834656157362507e-01,-1.378965565621215542e-02,-2.652309023370308383e-01,3.694873001502874121e-01,-1.379021244730083487e-02,-2.652277568305726474e-01,3.603580059485685938e-01,-5.362667305924911920e-03,-2.828173708355065097e-01
1.499999999999999289e+01,3.638527102524533041e-01,-1.373866378520987620e-02,-2.695087070686937869e-01,3.638568490849966586e-01,-1.373901581802556247e-02,-2.695055287057866455e-01,3.574049725043377812e-01,-4.592343635035273097e-03,-2.841798902979751906e-01
