time,sx_x,sx_y,sx_z,mat_x,mat_y,mat_z,vicon_x,vicon_y,vicon_z
0.000000000000000000e+00,4.300000000000000488e-01,0.000000000000000000e+00,0.000000000000000000e+00,4.299999999999999933e-01,0.000000000000000000e+00,0.000000000000000000e+00,4.384862513642586723e-01,1.779092517766221737e-02,-8.442486199664145374e-02
9.999999999999786837e-03,4.320256089490988050e-01,-7.448970081731182222e-04,-2.829591173207391362e-03,4.320256020707593514e-01,-7.447455304044058337e-04,-2.830642046815985517e-03,4.384849117097401328e-01,1.787043668736976176e-02,-8.445829680387137439e-02
2.000000000000135003e-02,4.338875077795213420e-01,-1.388503367404051543e-03,-8.827471911617848846e-03,4.338876013911466822e-01,-1.388397374475694359e-03,-8.826711866316087549e-03,4.384974692829485265e-01,1.784127168106300343e-02,-8.445262579320186869e-02
3.000000000000113687e-02,4.353280856040633306e-01,-1.802663986556687827e-03,-1.738069503604844010e-02,4.353293695472816305e-01,-1.803522693562408354e-03,-1.736487598323925921e-02,4.385229899384388563e-01,1.776762652733290815e-02,-8.443789572725249326e-02
4.000000000000092371e-02,4.361942804363229675e-01,-2.016448740816811219e-03,-2.811718463600087342e-02,4.361982986361996328e-01,-2.018604405662097027e-03,-2.808104966764774293e-02,4.385108922987308588e-01,1.775502935607341237e-02,-8.442711153230886278e-02
5.000000000000071054e-02,4.363314749464223263e-01,-2.058613045456002179e-03,-4.067318141949492760e-02,4.363391858906596199e-01,-2.061810828146890765e-03,-4.062134836914385594e-02,4.390960394986187509e-01,1.771003978921112387e-02,-8.458955870330930882e-02
6.000000000000049738e-02,4.356009576272577011e-01,-1.957212026757996701e-03,-5.469279286135594886e-02,4.356107233822061886e-01,-1.960609618846079292e-03,-5.464187252891342800e-02,4.410323510522585755e-01,1.808424234606752223e-02,-8.512607590822404702e-02
7.000000000000028422e-02,4.338922026322540315e-01,-1.739447114670364218e-03,-6.982994819402903175e-02,4.339022421760660997e-01,-1.742656141905363307e-03,-6.978813180402489158e-02,4.427886796352221710e-01,1.846382716569322513e-02,-8.573274338081332546e-02
8.000000000000007105e-02,4.311306411426513718e-01,-1.431412450731692383e-03,-8.575188115783752285e-02,4.311395974794896557e-01,-1.434255827312765335e-03,-8.572143460646997060e-02,4.448071709728629308e-01,1.886165493152239248e-02,-8.723668793203831484e-02
8.999999999999985789e-02,4.272815262343307441e-01,-1.057778709177405923e-03,-1.021435902839162163e-01,4.272889727696564388e-01,-1.060255214755759798e-03,-1.021225853052099009e-01,4.461485276088832386e-01,1.941163618577668171e-02,-8.887406071895012638e-02
1.000000000000014211e-01,4.223504910505960219e-01,-6.414586499635602105e-04,-1.187126579468802817e-01,4.223562738534045735e-01,-6.435765267585069095e-04,-1.186989677638359414e-01,4.472572624003676722e-01,2.042056845439411961e-02,-9.106265877806929421e-02
1.100000000000012079e-01,4.163814137010409255e-01,-2.032925130701967792e-04,-1.351938453399199880e-01,4.163848016138465558e-01,-2.050358820154819231e-04,-1.351872413198041967e-01,4.483129155811456101e-01,2.167012575351945358e-02,-9.352191605043480571e-02
1.200000000000009948e-01,4.094522145598264995e-01,2.382121777025455111e-04,-1.513529764128975219e-01,4.094512121786076930e-01,2.368276650251759335e-04,-1.513556043177857746e-01,4.492163808163119887e-01,2.248759488326969314e-02,-9.636339234369351026e-02
1.300000000000007816e-01,4.016692047519693776e-01,6.670649466811123893e-04,-1.669897611853025376e-01,4.016625957015932946e-01,6.660602179034271842e-04,-1.670016303830199333e-01,4.504241804469145682e-01,2.371984926825244921e-02,-9.931317139163711727e-02
1.400000000000005684e-01,3.931605744881452869e-01,1.069888047800084162e-03,-1.819393551094664330e-01,3.931495611999181738e-01,1.069137125082479049e-03,-1.819566475124837768e-01,4.518057157996453466e-01,2.455039530446513629e-02,-1.021047984709610446e-01
1.500000000000003553e-01,3.840695546467102761e-01,1.435919674772520105e-03,-1.960725921586465303e-01,3.840544929633111781e-01,1.435359721285494640e-03,-1.960936654543042335e-01,4.525559976871212919e-01,2.534005807087223727e-02,-1.045667696066730490e-01
1.600000000000001421e-01,3.745477068082001537e-01,1.756930859478311735e-03,-2.092949526868981280e-01,3.745264869620064108e-01,1.756794509338734274e-03,-2.093216735220155833e-01,4.530979063811723107e-01,2.623652999708128708e-02,-1.071530222426593792e-01
1.699999999999999289e-01,3.647487051714408124e-01,2.027067254385363920e-03,-2.215444212865675666e-01,3.647235269345407982e-01,2.027173853554735741e-03,-2.215731840589016399e-01,4.535471592302693367e-01,2.802582880245423069e-02,-1.117697436804978295e-01
1.800000000000014921e-01,3.548228750003348808e-01,2.242630937540647778e-03,-2.327884541118749318e-01,3.547951524256405809e-01,2.242829451618131784e-03,-2.328173313770667552e-01,4.537953897212911869e-01,2.979200023785424922e-02,-1.161240567800242984e-01
1.900000000000012790e-01,3.449126532935704037e-01,2.401821014209616287e-03,-2.430203098354485614e-01,3.448827024410325848e-01,2.402170685712022233e-03,-2.430489001263502757e-01,4.540656388753491202e-01,3.095203797794712774e-02,-1.200286258557853314e-01
2.000000000000010658e-01,3.351490491358229407e-01,2.504449786668221621e-03,-2.522550038937764194e-01,3.351183725107515499e-01,2.504727416714577770e-03,-2.522819211182771304e-01,4.544205144450582656e-01,3.237809881809816659e-02,-1.241479109826448823e-01
2.100000000000008527e-01,3.256491031352662935e-01,2.551652171241777876e-03,-2.605251313864834772e-01,3.256189532898853267e-01,2.551770133629672511e-03,-2.605495261992246681e-01,4.548464717739340024e-01,3.417780035762513213e-02,-1.305022495572551455e-01
2.200000000000006395e-01,3.165142864263434386e-01,2.545601981338603027e-03,-2.678767717214300959e-01,3.164854388580733979e-01,2.545448241654669867e-03,-2.678983470301695147e-01,4.549920433464498259e-01,3.542774947850835243e-02,-1.351213347126621334e-01
2.300000000000004263e-01,3.078297360126051596e-01,2.489246881164990880e-03,-2.743656473633202530e-01,3.078021768936424207e-01,2.488829624415249235e-03,-2.743847732804678419e-01,4.549858000410368364e-01,3.711760121142132496e-02,-1.408079703536831429e-01
2.400000000000002132e-01,2.996641971384755299e-01,2.386070497673042218e-03,-2.800536633986732138e-01,2.996386743386112439e-01,2.385364715130649203e-03,-2.800701180003202784e-01,4.545857722685413549e-01,3.940535031483259620e-02,-1.482183156728369700e-01
2.500000000000000000e-01,2.920705329424387875e-01,2.239886150335578582e-03,-2.850059093328266568e-01,2.920465370493982582e-01,2.238995272268781873e-03,-2.850203550866669544e-01,4.543060787703577796e-01,4.075577193050031882e-02,-1.527832243915583643e-01
2.599999999999997868e-01,2.850866612188580063e-01,2.054665164637095413e-03,-2.892881638310302317e-01,2.850646623664611634e-01,2.053608684502582389e-03,-2.893005464564514795e-01,4.538656136823913112e-01,4.254715821192340403e-02,-1.590385149782283514e-01
2.700000000000013500e-01,2.787367885543213242e-01,1.834399607109509379e-03,-2.929649079206982365e-01,2.787166771387173392e-01,1.833252530299505322e-03,-2.929755365867470207e-01,4.532040331559229474e-01,4.455101759810728423e-02,-1.648464691273185678e-01
2.800000000000011369e-01,2.730328279163447558e-01,1.582997348004085017e-03,-2.960978246477675713e-01,2.730146766343902187e-01,1.581787210106253656e-03,-2.961068560650990666e-01,4.523655625256166601e-01,4.599003900756084423e-02,-1.710820863647744550e-01
2.900000000000009237e-01,2.679759039660779552e-01,1.304206725968326498e-03,-2.987447433198345270e-01,2.679620319081023050e-01,1.302756391439314522e-03,-2.987511014565140122e-01,4.513874974567688714e-01,4.768322140083270516e-02,-1.768955609232451542e-01
3.000000000000007105e-01,2.635578708114340030e-01,1.001566586021772733e-03,-3.009589734872361588e-01,2.635485592523512666e-01,9.998579681954034536e-04,-3.009627500709645131e-01,4.498928104102948300e-01,5.011717928855333876e-02,-1.842903628760717283e-01
3.100000000000004974e-01,2.597627853716070745e-01,6.783776095339588696e-04,-3.027889672623069184e-01,2.597572641669608218e-01,6.764619719314492229e-04,-3.027907581741776655e-01,4.481897619247202647e-01,5.226444026753390704e-02,-1.914576246986032515e-01
3.200000000000002842e-01,2.565682968766634930e-01,3.376904907943147766e-04,-3.042782469580339044e-01,2.565690918330144066e-01,3.353591130096718505e-04,-3.042769784544104295e-01,4.469303084354768751e-01,5.310293227479943173e-02,-1.960217246214048248e-01
3.300000000000000711e-01,2.539469272718604120e-01,-1.769306421196804001e-05,-3.054655373263420182e-01,2.539507088680982849e-01,-2.019104124751378362e-05,-3.054629328864934545e-01,4.453801642954591244e-01,5.420854596407937570e-02,-2.013754877737952420e-01
3.399999999999998579e-01,2.518672288831465544e-01,-3.852101120865106254e-04,-3.063850466345759971e-01,2.518759655371303197e-01,-3.880382255478508503e-04,-3.063802942435686627e-01,4.434898821070404340e-01,5.577445997691198032e-02,-2.074075591276906549e-01
3.500000000000014211e-01,2.502948148586132127e-01,-7.625204058018207869e-04,-3.070668474476480614e-01,2.503072765422149071e-01,-7.655854027235589783e-04,-3.070605629012368443e-01,4.422575967721431578e-01,5.698165077794834638e-02,-2.110772290398715278e-01
3.600000000000012079e-01,2.491932636909757748e-01,-1.147486754304075660e-03,-3.075373154712939816e-01,2.492068036077010051e-01,-1.150584555273111631e-03,-3.075306866612657619e-01,4.406343548516985509e-01,5.863797684300411928e-02,-2.155314065056587181e-01
3.700000000000009948e-01,2.485249042998933511e-01,-1.538154445000617645e-03,-3.078195924418927754e-01,2.485409875564767446e-01,-1.541393675159571973e-03,-3.078120029537273483e-01,4.352070475999104682e-01,6.153709464662917433e-02,-2.290570270847248069e-01
3.800000000000007816e-01,2.482514893406055356e-01,-1.932730506054269144e-03,-3.079340464391963628e-01,2.482672948286013537e-01,-1.935900798219666527e-03,-3.079266516970772249e-01,4.327403790662900374e-01,6.231415538443194069e-02,-2.346843001398327133e-01
3.900000000000005684e-01,2.483347673787064114e-01,-2.329564803101471723e-03,-3.078987097142999452e-01,2.483510795612862421e-01,-2.332717583134823625e-03,-3.078911924296749425e-01,4.263087024707924444e-01,6.494759603584929208e-02,-2.474411168724000298e-01
4.000000000000003553e-01,2.487369633349656994e-01,-2.727132993851048501e-03,-3.077296801330725029e-01,2.487530934772599345e-01,-2.730226272763442135e-03,-3.077222941970523262e-01,4.233030143331575346e-01,6.613145563245641234e-02,-2.529709547864137376e-01
4.100000000000001421e-01,2.494211771832211544e-01,-3.124021895598340544e-03,-3.074414774054796684e-01,2.494358443249666268e-01,-3.126980616067659684e-03,-3.074347111582124148e-01,4.194681353527032197e-01,6.758801035210157404e-02,-2.597970517353186404e-01
4.199999999999999289e-01,2.503517106025759942e-01,-3.518917864997468930e-03,-3.070473494606424936e-01,2.503657226838317817e-01,-3.521804460979745602e-03,-3.070408821367491825e-01,4.129029316700290053e-01,6.981231576357441182e-02,-2.706682461730116063e-01
4.300000000000014921e-01,2.514943291389334923e-01,-3.910597250154358197e-03,-3.065595277198915336e-01,2.515065357623170184e-01,-3.913363315054001548e-03,-3.065537919973905789e-01,4.085331710213644385e-01,7.109123100054350053e-02,-2.774361659906902644e-01
4.400000000000012790e-01,2.528164683093050980e-01,-4.297919580738130199e-03,-3.059894325469916243e-01,2.528267549925731772e-01,-4.300575217255834040e-03,-3.059844809026167067e-01,4.046173942498265674e-01,7.201343352150262056e-02,-2.831726843169511953e-01
4.500000000000010658e-01,2.542873899441875918e-01,-4.679822721397971889e-03,-3.053478320699434256e-01,2.542956125932001599e-01,-4.682373777611258461e-03,-3.053437292745335152e-01,4.002205618779172136e-01,7.338131842144388073e-02,-2.894061385369803840e-01
4.600000000000008527e-01,2.558782947660922513e-01,-5.055319604632477724e-03,-3.046449588556519039e-01,2.558845178741769311e-01,-5.057775136648422210e-03,-3.046416831877177267e-01,3.965506449987206139e-01,7.422199825097432202e-02,-2.945067702186512926e-01
4.700000000000006395e-01,2.575623971006320012e-01,-5.423496710012384696e-03,-3.038905896686984187e-01,2.575668400633973065e-01,-5.425864165516229923e-03,-3.038880630193188104e-01,3.924665473821882244e-01,7.484193342070305510e-02,-2.999110587376621617e-01
4.800000000000004263e-01,2.593149658093822363e-01,-5.783513140248227637e-03,-3.030940940083455826e-01,2.593177797105601368e-01,-5.785790382057760285e-03,-3.030922715202523654e-01,3.888387400132827798e-01,7.517529902685803067e-02,-3.047279860913534866e-01
4.900000000000002132e-01,2.611399284716939828e-01,-6.129748507193574433e-03,-3.022704567632472084e-01,2.611243543344056728e-01,-6.135016814299433519e-03,-3.022655038299100205e-01,3.854978860611045777e-01,7.536412434421459194e-02,-3.092114478446571502e-01
5.000000000000000000e-01,2.633058604546348880e-01,-6.411388572063535934e-03,-3.014707101142419798e-01,2.630744260628730680e-01,-6.454036438550884644e-03,-3.014325350716941521e-01,3.824909223906456379e-01,7.578027628168326757e-02,-3.128313349511434582e-01
5.099999999999997868e-01,2.666523913759861197e-01,-6.494748840470175935e-03,-3.007272748463046264e-01,2.654835131105882096e-01,-6.690046222565740851e-03,-3.006162324105781658e-01,3.794161635236308339e-01,7.563143897525673176e-02,-3.167158376086109950e-01
5.200000000000013500e-01,2.716595646628187644e-01,-6.353568392825972681e-03,-2.997890726711623932e-01,2.685728432760962070e-01,-6.824692977160082275e-03,-2.997415242336188834e-01,3.772469523220458587e-01,7.548610750141643289e-02,-3.192386732335606991e-01
5.300000000000011369e-01,2.784082175938685233e-01,-6.030707756841386172e-03,-2.983068434716630302e-01,2.724261848325612578e-01,-6.864743382677038035e-03,-2.986990762961035939e-01,3.748671638814261575e-01,7.531755115213731311e-02,-3.222841777180265876e-01
5.400000000000009237e-01,2.868735850081763350e-01,-5.567692973280802260e-03,-2.959550530542384150e-01,2.770956969191952224e-01,-6.817811970858508180e-03,-2.973800261476862716e-01,3.732704148226904106e-01,7.514641782071720955e-02,-3.246178039748709998e-01
5.500000000000007105e-01,2.969498086129400138e-01,-5.003440166423832672e-03,-2.924404822460267006e-01,2.826088265491851215e-01,-6.691990813442662278e-03,-2.956758844457537672e-01,3.722489128510869660e-01,7.498873477167475321e-02,-3.262707688840759679e-01
5.600000000000004974e-01,3.084599182766959991e-01,-4.374308042721845521e-03,-2.875073532464161863e-01,2.889655732121123033e-01,-6.495800075900871016e-03,-2.934826141517747899e-01,3.715222712218911871e-01,7.434274242231134200e-02,-3.292107208878035651e-01
5.700000000000002842e-01,3.211662626710680701e-01,-3.713729468782282772e-03,-2.809434854360158829e-01,2.961364299736854444e-01,-6.238246573551451367e-03,-2.907046775165221808e-01,3.716347826393519016e-01,7.398516623364910505e-02,-3.300664376577762127e-01
5.800000000000000711e-01,3.347822729621708904e-01,-3.051756763636854792e-03,-2.725868030043405166e-01,3.040783440197424303e-01,-5.928681612792209218e-03,-2.872454761414655056e-01,3.731570936716031017e-01,7.298107302242917704e-02,-3.318793684710842906e-01
5.899999999999998579e-01,3.489855983955486574e-01,-2.414651082162596902e-03,-2.623312468062067859e-01,3.127239623483117348e-01,-5.576693067780365276e-03,-2.830180338127948891e-01,3.755028541550683441e-01,7.255512398319075018e-02,-3.318241353004662275e-01
6.000000000000014211e-01,3.634323031705337659e-01,-1.824578550706620591e-03,-2.501311809709982348e-01,3.219819174762619252e-01,-5.192190582969078566e-03,-2.779492967169007178e-01,3.786108158542463853e-01,7.210854680572342801e-02,-3.309431780908051457e-01
6.100000000000012079e-01,3.777715960342463153e-01,-1.299439778388274732e-03,-2.360035752021351352e-01,3.317503272548407156e-01,-4.784867125449882193e-03,-2.719730716023188721e-01,3.830762280124458963e-01,7.066972476643160195e-02,-3.293977273799910677e-01
6.200000000000009948e-01,3.916604362915964144e-01,-8.528373230190658752e-04,-2.200275116932078889e-01,3.419090810433606520e-01,-4.364305749041861270e-03,-2.650412122752680011e-01,3.881487425408498559e-01,6.942488610953448380e-02,-3.267158511984421532e-01
6.300000000000007816e-01,4.047773118847861062e-01,-4.941741512614269971e-04,-2.023408571573513115e-01,3.523268550166518964e-01,-3.940078425538998640e-03,-2.571229399406271821e-01,3.934451389313303737e-01,6.822803099265381532e-02,-3.235289946787825999e-01
6.400000000000005684e-01,4.168345109975913898e-01,-2.288704168457995729e-04,-1.831342155993848086e-01,3.628687903882288901e-01,-3.520901937967464874e-03,-2.482016179194985184e-01,4.010327931213706343e-01,6.622779876582020331e-02,-3.181896613499308191e-01
6.500000000000003553e-01,4.275882932952806970e-01,-5.868226808643630180e-05,-1.626425180600112319e-01,3.733925839547154735e-01,-3.115293546996590699e-03,-2.382839971144027347e-01,4.070948452319435029e-01,6.451909995610678739e-02,-3.136458989514722129e-01
6.600000000000001421e-01,4.368465054627686528e-01,1.789571312598998553e-05,-1.411347897012054653e-01,3.837596175834591117e-01,-2.730716357236476731e-03,-2.273926511585700472e-01,4.116777396076506390e-01,6.302204595200065762e-02,-3.095656703182574354e-01
6.699999999999999289e-01,4.444733584798008508e-01,5.164418632587789923e-06,-1.189027571158335073e-01,3.938325072084877809e-01,-2.374027941038224683e-03,-2.155727983385291868e-01,4.169977524579485673e-01,6.148487182743958557e-02,-3.043474890895616625e-01
6.800000000000014921e-01,4.503912757693577795e-01,-9.028695435720770438e-05,-9.624901253523887590e-02,4.034836689898791406e-01,-2.050789170501436665e-03,-2.028854470678046473e-01,4.226259565389517414e-01,5.978125822330084688e-02,-2.982962123058098269e-01
6.900000000000012790e-01,4.545799117356691954e-01,-2.601075654894908270e-04,-7.347544449112564102e-02,4.125947901309037769e-01,-1.765773370863970388e-03,-1.894106940411335038e-01,4.251067458989228331e-01,5.901334485812479574e-02,-2.953498899714427361e-01
7.000000000000010658e-01,4.570726142184611818e-01,-4.947085760127690112e-04,-5.087257436779929476e-02,4.210619948418434788e-01,-1.522426899391039192e-03,-1.752424991017862421e-01,4.276499580921119259e-01,5.845720686033362146e-02,-2.922608157324850797e-01
7.100000000000008527e-01,4.579507448641663148e-01,-7.837626826173795273e-04,-2.871032578609124253e-02,4.287969647941766160e-01,-1.323072212651333398e-03,-1.604878773263857805e-01,4.428205758219010413e-01,5.261584891382115048e-02,-2.707595003588189608e-01
7.200000000000006395e-01,4.573363697850161835e-01,-1.116661748024678352e-03,-7.230608300827284438e-03,4.357287070485713065e-01,-1.169126072265267487e-03,-1.452641533306843480e-01,4.483442974784147550e-01,4.978640132973476129e-02,-2.614058311264766399e-01
7.300000000000004263e-01,4.553838836176433147e-01,-1.482918086310333616e-03,1.335806394676760170e-02,4.418052999431824057e-01,-1.060669200395302761e-03,-1.296945805674227237e-01,4.571599938754559167e-01,4.593178558037553511e-02,-2.427266636141947043e-01
7.400000000000002132e-01,4.522711334987580822e-01,-1.872498682720398662e-03,3.288385808412225969e-02,4.469934189279188286e-01,-9.971952101766657674e-04,-1.139071143912427364e-01,4.634204045186444132e-01,4.268661710246057089e-02,-2.271577738394238155e-01
7.500000000000000000e-01,4.481905706429997194e-01,-2.276087403314353691e-03,5.121289749512243639e-02,4.512791007574890045e-01,-9.770614840189056731e-04,-9.802908387241102139e-02,4.687090790856293099e-01,3.966580448515367313e-02,-2.120054990939062578e-01
7.599999999999997868e-01,4.433408848008966729e-01,-2.685273319695082213e-03,6.824873086370845943e-02,4.546661216289500373e-01,-9.981851304449156775e-04,-8.218640544319472108e-02,4.727640062973620383e-01,3.727779357597670734e-02,-1.984227560015980329e-01
7.700000000000013500e-01,4.379194816681770130e-01,-3.092669090839547403e-03,8.393028757000835227e-02,4.571754474157174175e-01,-1.057638812618867663e-03,-6.649870338768684719e-02,4.756259776180912224e-01,3.499763178141725162e-02,-1.869457313552179700e-01
7.800000000000011369e-01,4.321160567714149581e-01,-3.491965308681864444e-03,9.822866466211788161e-02,4.588429341789019844e-01,-1.152204790569193648e-03,-5.107878321290541118e-02,4.785325629935859304e-01,3.252497408038751425e-02,-1.743595371436608144e-01
7.900000000000009237e-01,4.261074122554613930e-01,-3.877930187381826120e-03,1.111431090992618248e-01,4.597176615785330545e-01,-1.278166151317567051e-03,-3.602923592333594910e-02,4.809898181015367369e-01,3.036225544789677988e-02,-1.612648603864342001e-01
8.000000000000007105e-01,4.200535643249465045e-01,-4.246365015914888540e-03,1.226965477500703838e-01,4.598594101254431243e-01,-1.431683245312824959e-03,-2.144187628294273729e-02,4.827370472181711225e-01,2.843851853706445831e-02,-1.496407276251400520e-01
8.100000000000004974e-01,4.140951054638243312e-01,-4.594027025755800797e-03,1.329309825038281490e-01,4.593363535589841673e-01,-1.608716280664181401e-03,-7.396322743588415981e-03,4.844766713815582548e-01,2.625218122730918480e-02,-1.357639715730782903e-01
8.200000000000002842e-01,4.083517208077876437e-01,-4.918530171395318895e-03,1.419030164177313147e-01,4.582226295584058695e-01,-1.805294008387884610e-03,6.040710441136329205e-03,4.860342024321742116e-01,2.405379380834106462e-02,-1.187638096743695304e-01
8.300000000000000711e-01,4.029217135893024548e-01,-5.218234277821157986e-03,1.496797160662267645e-01,4.565959409063297669e-01,-2.017392469419012572e-03,1.881500533418562632e-02,4.869254951011360300e-01,2.161934798020342940e-02,-9.858529921296579901e-02
8.399999999999998579e-01,3.978823694646421161e-01,-5.492130982238347531e-03,1.563349523016410447e-01,4.545354225468346554e-01,-2.241324429513646271e-03,3.088554103746349311e-02,4.868137182836970167e-01,1.913148881937709600e-02,-8.178165961057351496e-02
8.500000000000014211e-01,3.932909813537942556e-01,-5.739733292781798273e-03,1.619463017487987322e-01,4.521195770959485771e-01,-2.473370642690618081e-03,4.222289764091658598e-02,4.862948967537668032e-01,1.684153539310453973e-02,-7.004619126058148071e-02
8.600000000000012079e-01,3.891863617119844521e-01,-5.960973958310047255e-03,1.665925386790209073e-01,4.494246177520402896e-01,-2.710437011008723016e-03,5.280945809293285942e-02,4.852500072507895945e-01,1.402612856526518070e-02,-5.513088948698929848e-02
8.700000000000009948e-01,3.855906840530329283e-01,-6.156115686842867502e-03,1.703517039952975876e-01,4.465228849443573234e-01,-2.949195553536712935e-03,6.263765459884065856e-02,4.837901062856438950e-01,1.206673215305770208e-02,-4.128872880128342526e-02
8.800000000000007816e-01,3.825115164011768099e-01,-6.325675140210234269e-03,1.732997058616539132e-01,4.434818436290913213e-01,-3.187040880382780491e-03,7.170919796268118707e-02,4.817723632656268906e-01,1.025147712266460953e-02,-2.742176412278318764e-02
8.900000000000005684e-01,3.799439328810490513e-01,-6.470360803598972609e-03,1.755093850908066855e-01,4.403630217032526439e-01,-3.421472016539230110e-03,8.003416855759874771e-02,4.784408844480834144e-01,7.706068411103828009e-03,-9.568978658333338050e-03
9.000000000000003553e-01,3.778726133932703846e-01,-6.591024280436469200e-03,1.770499666205033185e-01,4.372214584056361431e-01,-3.650205135791399075e-03,8.762951429331299058e-02,4.739912701117650062e-01,4.912445108328583609e-03,9.066817133628002345e-03
9.100000000000001421e-01,3.762738634272851379e-01,-6.688623358793982683e-03,1.779868149130103272e-01,4.341055979213027105e-01,-3.871625996034252105e-03,9.451743172722364139e-02,4.685935957528256646e-01,2.620751542020849367e-03,2.671826161773427355e-02
9.199999999999999289e-01,3.751175055131762415e-01,-6.764195333760469539e-03,1.783814139427509771e-01,4.310564198407386693e-01,-4.083898246408050083e-03,1.007262407373865909e-01,4.629316918555220761e-01,5.429746760093889790e-04,4.233724814013745119e-02
9.300000000000014921e-01,3.743686100852522403e-01,-6.818838218788070803e-03,1.782914999317156413e-01,4.281089413442122349e-01,-4.286010535057763540e-03,1.062852621171524181e-01,4.575213220245323287e-01,-1.406331958236181623e-03,5.617551979702412046e-02
9.400000000000012790e-01,3.739890466498339006e-01,-6.853698188383398372e-03,1.777712852656123388e-01,4.252904568100320248e-01,-4.476744528513381012e-03,1.112296504933293628e-01,4.512004548657070346e-01,-3.573370873244885448e-03,6.961166593766637822e-02
9.500000000000010658e-01,3.739388463219197045e-01,-6.869961000535385054e-03,1.768717237973008449e-01,4.226229074120531615e-01,-4.655358869049661293e-03,1.155938729903862178e-01,4.476015255034987428e-01,-4.451156015653268128e-03,7.680466580876627036e-02
9.600000000000008527e-01,3.741773745018097119e-01,-6.868846171134269582e-03,1.756407796402185695e-01,4.201220700292615517e-01,-4.821278392903805866e-03,1.194145953178965130e-01,4.441676616391355692e-01,-5.287400874300976494e-03,8.357824672030400581e-02
9.700000000000006395e-01,3.746643181142966239e-01,-6.851602217132390232e-03,1.741236728912782250e-01,4.177981598843396593e-01,-4.974042953484495051e-03,1.227297080268230645e-01,4.390560819268964909e-01,-6.637904877823022631e-03,9.244706442076633390e-02
9.800000000000004263e-01,3.753604959316427236e-01,-6.819502327586255720e-03,1.723630857115245052e-01,4.156577605523555929e-01,-5.113449460286731418e-03,1.255747020221279486e-01,4.310738824831369387e-01,-8.586120255055521011e-03,1.052775852617358621e-01
9.900000000000002132e-01,3.762285033771173293e-01,-6.773839410450898345e-03,1.703993206687884898e-01,4.137016512161232340e-01,-5.239370198661962887e-03,1.279885577240645333e-01,4.239858486709474628e-01,-9.708220527440150627e-03,1.156313554136818578e-01
1.000000000000000000e+00,3.773693455577573630e-01,-6.724921531767045352e-03,1.682312835974996146e-01,4.119723886311272287e-01,-5.354972891926039480e-03,1.299798229948411765e-01,4.131683806187199659e-01,-1.128068782139593496e-02,1.300615160597408670e-01
1.009999999999999787e+00,3.796909377128362406e-01,-6.730527628528478433e-03,1.655619362062121513e-01,4.107762261299998108e-01,-5.480125327024039546e-03,1.313870447152464260e-01,4.067082319303743088e-01,-1.224324087355746493e-02,1.388565519072454957e-01
1.020000000000001350e+00,3.836585895897990373e-01,-6.813018880888372340e-03,1.619499313756382064e-01,4.103117099389438915e-01,-5.624035134282977418e-03,1.320378984266444289e-01,4.025634323236224610e-01,-1.302621251618293896e-02,1.432597487079370069e-01
1.030000000000001137e+00,3.891436991120340028e-01,-6.942720793341444069e-03,1.570306969980377332e-01,4.106073915773649219e-01,-5.778569520249160485e-03,1.318251144364996075e-01,3.976940713304522035e-01,-1.326073262766547245e-02,1.490767575751011376e-01
1.040000000000000924e+00,3.959133992328728868e-01,-7.078851538483749498e-03,1.505129053552158591e-01,4.116592333505134094e-01,-5.931770700052518830e-03,1.306627384294171690e-01,3.943796074448954192e-01,-1.397783661336936267e-02,1.527829251190284121e-01
1.050000000000000711e+00,4.036790583514474617e-01,-7.183535816102387499e-03,1.421767406755181928e-01,4.134396930967131900e-01,-6.072060210005615112e-03,1.284795652421507339e-01,3.926401485702613048e-01,-1.531543906814390732e-02,1.542394881227881487e-01
1.060000000000000497e+00,4.121096830823338109e-01,-7.225738372618903393e-03,1.318747429216441114e-01,4.158975999587413708e-01,-6.189269251735790046e-03,1.252202749433325435e-01,3.925126754569773224e-01,-1.575363475551369574e-02,1.542008288590171472e-01
1.070000000000000284e+00,4.208456460307924418e-01,-7.182280756188971771e-03,1.195330394959849413e-01,4.189601239397747201e-01,-6.274731728781539862e-03,1.208435813120864732e-01,3.935532813266221508e-01,-1.582851087689920999e-02,1.526502648431917741e-01
1.080000000000000071e+00,4.295139421368598942e-01,-7.037927749602329239e-03,1.051516933359672584e-01,4.225354632158035417e-01,-6.321088949795124375e-03,1.153206718710763634e-01,3.957475383827028237e-01,-1.599111852245280185e-02,1.506103633439145328e-01
1.089999999999999858e+00,4.377443197202425251e-01,-6.785054334665674945e-03,8.880315590829446215e-02,4.265164345764519971e-01,-6.321984524405656163e-03,1.086322065788031394e-01,3.991910818846651221e-01,-1.717395007378427763e-02,1.473647654965032361e-01
1.100000000000001421e+00,4.451852923057212919e-01,-6.423023961871296081e-03,7.062816463699685132e-02,4.307805058071229043e-01,-6.272992784198941699e-03,1.007794214675876016e-01,4.031304251984809683e-01,-1.763239296523287647e-02,1.438067897077576207e-01
1.110000000000001208e+00,4.515189796996116334e-01,-5.957335333575345532e-03,5.082883732838161528e-02,4.351951789335739562e-01,-6.171240435974102018e-03,9.178073597563644881e-02,4.075244598219978087e-01,-1.746939121921331495e-02,1.398130657277088518e-01
1.120000000000000995e+00,4.564738325851657730e-01,-5.398594809573773953e-03,2.965911559495994915e-02,4.396225299941444176e-01,-6.015303724988235734e-03,8.167129447830433209e-02,4.115767962031113836e-01,-1.643349155427371866e-02,1.355594295941111582e-01
1.130000000000000782e+00,4.598345036036478595e-01,-4.761381103843295368e-03,7.413038489770880368e-03,4.439239646660185223e-01,-5.804964113029611843e-03,7.050011846479817268e-02,4.164975537650664750e-01,-1.553118098628340771e-02,1.297252736781999150e-01
1.140000000000000568e+00,4.614483921700400781e-01,-4.063071905695341338e-03,-1.558844388642767996e-02,4.479626569645595024e-01,-5.541795610334685103e-03,5.833886217580601385e-02,4.231057170690324387e-01,-1.438115907526696380e-02,1.205471289476243713e-01
1.150000000000000355e+00,4.612286718382966888e-01,-3.322696013602677561e-03,-3.901128717962807496e-02,4.516099285357049187e-01,-5.228466996322605337e-03,4.527075529740692134e-02,4.280614223837643229e-01,-1.353177123841053930e-02,1.119701224717782884e-01
1.160000000000000142e+00,4.591538775751741186e-01,-2.559865680259321673e-03,-6.252195304654821484e-02,4.547472160935429608e-01,-4.869091751947023615e-03,3.139840984046746858e-02,4.336463906033843907e-01,-1.275220713509561676e-02,1.010616191777380379e-01
1.169999999999999929e+00,4.552643631960712201e-01,-1.793830631261439986e-03,-8.580001358914740583e-02,4.572707353084555781e-01,-4.468750764312455839e-03,1.683399581855759414e-02,4.410916220577029145e-01,-1.132313360369824329e-02,8.596654490875726973e-02
1.180000000000001492e+00,4.496561211517685064e-01,-1.042683531364834056e-03,-1.085491129411348399e-01,4.590933473883992422e-01,-4.033515522271395939e-03,1.701273474744610919e-03,4.489977305404314611e-01,-1.012308952126569905e-02,6.979160681510404585e-02
1.190000000000001279e+00,4.424725794041833304e-01,-3.227345630161445331e-04,-1.305058123662103942e-01,4.601467509919027754e-01,-3.570186782259586900e-03,-1.386782981058825789e-02,4.552157905593248177e-01,-9.085213404050329622e-03,5.723128645033415118e-02
1.200000000000001066e+00,4.338950515547707054e-01,3.519392799659520118e-04,-1.514460364691543326e-01,4.603827193655108396e-01,-3.086077303506750118e-03,-2.973818856271685795e-02,4.611988249011250707e-01,-8.334465410991823142e-03,4.334130311314648987e-02
1.210000000000000853e+00,4.241325197460026342e-01,9.697734815622750283e-04,-1.711890293248468364e-01,4.597736277363663748e-01,-2.588828028870314175e-03,-4.577157731789766731e-02,4.661980817975625024e-01,-7.709822773690200304e-03,2.823844041274525818e-02
1.220000000000000639e+00,4.134113829277142882e-01,1.521836336569584421e-03,-1.895989029703648021e-01,4.583121809927157564e-01,-2.086144457785273510e-03,-6.183264772604760151e-02,4.698135512731898000e-01,-6.796895456714330264e-03,1.427760426627489032e-02
1.230000000000000426e+00,4.019657184841096687e-01,2.001809697944810246e-03,-2.065840019654962834e-01,4.560104678408605228e-01,-1.585514495712292502e-03,-7.779092977783533258e-02,4.729250163552451980e-01,-5.672114055890561946e-03,-1.613713530046745337e-03
1.240000000000000213e+00,3.900284912558641404e-01,2.405853620596456501e-03,-2.220944183402940308e-01,4.528987691802676685e-01,-1.094278252003443247e-03,-9.352243934029025318e-02,4.752144899921313392e-01,-4.794170777772083225e-03,-1.633300692523692588e-02
1.250000000000000000e+00,3.778240209114887560e-01,2.732381640731407040e-03,-2.361180531678294670e-01,4.490233353445292064e-01,-6.191845358427357964e-04,-1.089135889421683767e-01,4.768736308538275015e-01,-3.993265383436250815e-03,-2.886880028766702910e-02
1.259999999999999787e+00,3.655618905334621083e-01,2.981773576825332353e-03,-2.486756521211785642e-01,4.444439236548128336e-01,-1.663368670960721366e-04,-1.238631925484841995e-01,4.778995428629694286e-01,-3.726366619562382354e-03,-3.901604739372932507e-02
1.270000000000001350e+00,3.534323610747437949e-01,3.156052165543912248e-03,-2.598152350568629920e-01,4.392318231120020400e-01,2.586532700290440114e-04,-1.382818851857152143e-01,4.799610627464221402e-01,-3.306876682055370775e-03,-6.796891196016113801e-02
1.280000000000001137e+00,3.416032584169468866e-01,3.258546376482637785e-03,-2.696063024469393388e-01,4.334660016593077092e-01,6.514002978984888672e-04,-1.520964090906385124e-01,4.802447787687532665e-01,-3.272839484665432397e-03,-7.792642767918747659e-02
1.290000000000000924e+00,3.302182155217396886e-01,3.293561885002648827e-03,-2.781341506142267495e-01,4.272318616704005589e-01,1.007717777122585021e-03,-1.652459443814521811e-01,4.790086501432410104e-01,-3.071222940079318398e-03,-1.168290204052122305e-01
1.300000000000000711e+00,3.193961014817287003e-01,3.266073539502995643e-03,-2.854945564628821320e-01,4.206172359699277274e-01,1.325021253952276320e-03,-1.776855915187346147e-01,4.763476989478391266e-01,-2.232833050356819449e-03,-1.402104061149509473e-01
1.310000000000000497e+00,3.092314318830631237e-01,3.181451603806168330e-03,-2.917890241420023067e-01,4.137111230114527971e-01,1.600712194389818923e-03,-1.893831785943179691e-01,4.727383284958397436e-01,-1.500623477617188395e-03,-1.601835482039827840e-01
1.320000000000000284e+00,2.997955461976502534e-01,3.045228279080392127e-03,-2.971207141064544643e-01,4.066009289695027284e-01,1.833778054684554511e-03,-2.003198641392245904e-01,4.676375122983310595e-01,-6.028643486113149930e-04,-1.804996791177137794e-01
1.330000000000000071e+00,2.911383414819279092e-01,2.862907630795019556e-03,-3.015911130078366420e-01,3.993707469720181868e-01,2.023254797462246783e-03,-2.104886236217068940e-01,4.631079158103487137e-01,-7.312745459012170990e-05,-1.950750231316682459e-01
1.339999999999999858e+00,2.832903683840359843e-01,2.639819393642678629e-03,-3.052974496605644350e-01,3.921000455829040665e-01,2.169223510804834699e-03,-2.198927156224925183e-01,4.579726649144904016e-01,4.387989114111173761e-04,-2.103980839611366283e-01
1.350000000000001421e+00,2.762651248527612791e-01,2.381013250252646263e-03,-3.083308197018111430e-01,3.848621378717484443e-01,2.272226600968755249e-03,-2.285447584468377757e-01,4.515864864382589383e-01,1.214003896554516349e-03,-2.278522934700410452e-01
1.360000000000001208e+00,2.700614092244690290e-01,2.091190160945347043e-03,-3.107749527879837825e-01,3.777237067022232164e-01,2.333277126840156354e-03,-2.364647210268255584e-01,4.435536848496280937e-01,2.136592415919139065e-03,-2.477385428250611643e-01
1.370000000000000995e+00,2.646656287038620659e-01,1.774664927242675019e-03,-3.127055363916357855e-01,3.707440841153338829e-01,2.353915493202022886e-03,-2.436787672680751082e-01,4.366194471857415271e-01,3.204663534733726005e-03,-2.630263473231443938e-01
1.380000000000000782e+00,2.600539871565216710e-01,1.435354377406260987e-03,-3.141900014136444486e-01,3.639736425147756527e-01,2.335673559309791106e-03,-2.502191420503421249e-01,4.270419630538894173e-01,4.639517632187076246e-03,-2.810743950865244312e-01
1.390000000000000568e+00,2.561945029291743392e-01,1.076785212995874652e-03,-3.152876731947906741e-01,3.574566626911866440e-01,2.280658058114095645e-03,-2.561197973837076036e-01,4.140363465967799028e-01,5.502983215387780014e-03,-3.022439794999788321e-01
1.400000000000000355e+00,2.530488284154722711e-01,7.021162619713159758e-04,-3.160501959806052974e-01,3.512286477523813844e-01,2.191075217745599123e-03,-2.614182559481241230e-01,4.039355217010157650e-01,6.516038831419754263e-03,-3.162926071281113027e-01
1.410000000000000142e+00,2.505738609431487629e-01,3.141699929668710471e-04,-3.165221472669878522e-01,3.453160544351285832e-01,2.069108559685918329e-03,-2.661547818465210269e-01,3.932163283098267792e-01,7.203525414490832834e-03,-3.302726995684100997e-01
1.419999999999999929e+00,2.487231461193780968e-01,-8.453060624429671252e-05,-3.167417694103206172e-01,3.397425194949823535e-01,1.917196277050963035e-03,-2.703663728020248569e-01,3.851323869649204701e-01,7.503589553066028484e-03,-3.398172088901172949e-01
1.430000000000001492e+00,2.474480840588577368e-01,-4.917233780297137688e-04,-3.167417578451064419e-01,3.345210528339980227e-01,1.737755090493083195e-03,-2.740935158055560206e-01,3.780421228124070110e-01,7.871050595984419029e-03,-3.476384736315802915e-01
1.440000000000001279e+00,2.466989537945339928e-01,-9.053692361440143343e-04,-3.165500573800908990e-01,3.296585444949555188e-01,1.533214698410183176e-03,-2.773758260603437220e-01,3.685237382567682074e-01,8.177622660332978244e-03,-3.575306953931954301e-01
1.450000000000001066e+00,2.464257730192579987e-01,-1.323616743441713688e-03,-3.161906295488756680e-01,3.251620758681401102e-01,1.305797020234512450e-03,-2.802472776848203839e-01,3.590153001566818158e-01,8.452273442408994586e-03,-3.665688874182024271e-01
1.460000000000000853e+00,2.465790126800334880e-01,-1.744771019410267876e-03,-3.156841643650454832e-01,3.210273013843488177e-01,1.057950135504925632e-03,-2.827456210983895213e-01,3.504115178175118972e-01,8.871635477312622697e-03,-3.736396765206394521e-01
1.470000000000000639e+00,2.471101832626802219e-01,-2.167266960300309915e-03,-3.150487189035684477e-01,3.172469286010276002e-01,7.920138212035413060e-04,-2.849056931347319632e-01,3.381379393137903255e-01,9.348924426452895342e-03,-3.822678829155723434e-01
1.480000000000000426e+00,2.479723099463417013e-01,-2.589647523469350808e-03,-3.143002727168404120e-01,3.138139165358234672e-01,5.100692928347612528e-04,-2.867576805211991542e-01,3.302366350999836886e-01,9.422720553528912690e-03,-3.871418568849304132e-01
1.490000000000000213e+00,2.491244393465989471e-01,-3.009774215789558748e-03,-3.134541514898722125e-01,3.107198917462121734e-01,2.144563902057234402e-04,-2.883298966545884134e-01,3.233943036599626897e-01,9.459889108964641968e-03,-3.907679421543259202e-01
1.500000000000000000e+00,2.506839633318485028e-01,-3.396882263810188044e-03,-3.125571598425504471e-01,3.080092001363988197e-01,-8.256017110248631448e-05,-2.896426482935854918e-01,3.164558245976507589e-01,9.293713944054912690e-03,-3.939365415550337701e-01
1.509999999999999787e+00,2.535165469881402456e-01,-3.597839866714295631e-03,-3.117120781067454494e-01,3.059972937293830575e-01,-3.266281187393929152e-04,-2.906602538260922297e-01,3.099017810557775920e-01,9.157009983215225191e-03,-3.964185501501332753e-01
1.520000000000001350e+00,2.581667660943871012e-01,-3.573457361770258651e-03,-3.107203705564187679e-01,3.049143638416130231e-01,-4.988875562141024955e-04,-2.913083457743004812e-01,3.046987184483140876e-01,8.623685470146122412e-03,-3.979700345298486375e-01
1.530000000000001137e+00,2.647303645511472903e-01,-3.367470586794867049e-03,-3.092491398320139084e-01,3.048471690303297121e-01,-6.061296600328952653e-04,-2.915198068125463560e-01,3.003178516758764349e-01,7.815198560172140207e-03,-3.989939362317678762e-01
1.540000000000000924e+00,2.731904855447402358e-01,-3.022367177859892375e-03,-3.069745494496651794e-01,3.058502953199821461e-01,-6.552309944632536340e-04,-2.912289712258005481e-01,2.975083488848411228e-01,7.295542998491666431e-03,-3.994397547141206317e-01
1.550000000000000711e+00,2.834443137090502662e-01,-2.578003005709644715e-03,-3.035938346239451802e-01,3.079497800575204947e-01,-6.531841505448537227e-04,-2.903706357255497195e-01,2.967677397894475932e-01,6.779062333202343082e-03,-3.990519992848226560e-01
1.560000000000000497e+00,2.953128012066645880e-01,-2.071667745449409358e-03,-2.988330227400614048e-01,3.111431370512561245e-01,-6.071536940985742224e-04,-2.888805339156881868e-01,2.973993821818451400e-01,5.974637019918599412e-03,-3.980076048480805095e-01
1.570000000000000284e+00,3.085507379198356714e-01,-1.537678439597845760e-03,-2.924557548270616536e-01,3.154044965181740379e-01,-5.246870305872762281e-04,-2.866921724504044588e-01,2.996369628248890526e-01,4.830154733041380766e-03,-3.964542815106232299e-01
1.580000000000000071e+00,3.228583152661518296e-01,-1.006862474423706345e-03,-2.842724850191068464e-01,3.206828533859872321e-01,-4.135110303340255259e-04,-2.837402105986741585e-01,3.028675685806940798e-01,4.032309420591448368e-03,-3.941748109103533904e-01
1.589999999999999858e+00,3.378943760693040033e-01,-5.060710866419293897e-04,-2.741489944250483091e-01,3.269039583120610937e-01,-2.814736663314040821e-04,-2.799620924800835797e-01,3.070213568964922368e-01,3.304209555754930583e-03,-3.914795790880264414e-01
1.600000000000001421e+00,3.532911139968172853e-01,-5.779898393848815867e-05,-2.620131725745951101e-01,3.339737692615096787e-01,-1.364992789026427296e-04,-2.752991797578400179e-01,3.146988439516911207e-01,2.192461392460834380e-03,-3.868989364865970670e-01
1.610000000000001208e+00,3.686696993514507747e-01,3.200493683725047934e-04,-2.478592155362641658e-01,3.417800071351198010e-01,1.354682038117089628e-05,-2.697000868027626397e-01,3.249711930621307365e-01,1.037387179419632655e-03,-3.807954258940671743e-01
1.620000000000000995e+00,3.836561175193937134e-01,6.142322356443138866e-04,-2.317486855475692220e-01,3.501946347074328392e-01,1.611723441644898839e-04,-2.631237484686625994e-01,3.359234730464765173e-01,-1.299141280710625068e-04,-3.743653008702177987e-01
1.630000000000000782e+00,3.978964178064455792e-01,8.160830096283022781e-04,-2.138082041564985936e-01,3.590772411384494101e-01,2.992403687250826810e-04,-2.555420337323198177e-01,3.494026044838741685e-01,-1.852122175757156541e-03,-3.674309221294876360e-01
1.640000000000000568e+00,4.110705652678096067e-01,9.212746217997263209e-04,-1.942238744888863944e-01,3.682810851854262935e-01,4.210852129485916735e-04,-2.469394353942938047e-01,3.630231926973038759e-01,-2.977342004729127689e-03,-3.578420873432091032e-01
1.650000000000000355e+00,4.229041700794189396e-01,9.294545626915099454e-04,-1.732328087942462402e-01,3.776512634674358826e-01,5.208966294376167960e-04,-2.373207283983509996e-01,3.722389864503071744e-01,-4.116296182876302834e-03,-3.513336536322733128e-01
1.660000000000000142e+00,4.331775139917579676e-01,8.437744867194827943e-04,-1.511123618520661405e-01,3.870355570435490278e-01,5.935693936542207200e-04,-2.267047391496349318e-01,3.849492335555284583e-01,-4.654339272497726165e-03,-3.411646336318430173e-01
1.669999999999999929e+00,4.417314878872479200e-01,6.703412002721094139e-04,-1.281678250772476935e-01,3.962824244395692364e-01,6.349860221739445738e-04,-2.151314177533362459e-01,3.992153699812817091e-01,-5.203420609513467743e-03,-3.283586785976720379e-01
1.680000000000001492e+00,4.484702773533171261e-01,4.176186945630842645e-04,-1.047194087216423569e-01,4.052480263947247363e-01,6.420028741003005199e-04,-2.026579507453053763e-01,4.109027374904680174e-01,-5.825423456535278044e-03,-3.164756832795642683e-01
1.690000000000001279e+00,4.533608577549358976e-01,9.581053278536833320e-05,-8.108934068076140145e-02,4.137987515835860886e-01,6.127168815225803207e-04,-1.893589723052061247e-01,4.208968996097846027e-01,-6.204070160594182815e-03,-3.049035508795224225e-01
1.700000000000001066e+00,4.564295686912476779e-01,-2.837480482589616135e-04,-5.758983869474098433e-02,4.218138171402111003e-01,5.461354929096555845e-04,-1.753259070107489881e-01,4.365599568508612416e-01,-6.665522628138007000e-03,-2.822464004268908089e-01
1.710000000000000853e+00,4.577562092431812224e-01,-7.091625877750635902e-04,-3.451258748898369116e-02,4.291897200177761107e-01,4.427631521388636707e-04,-1.606617069571429079e-01,4.517377805895118614e-01,-7.493223096323720078e-03,-2.538953252964559204e-01
1.720000000000000639e+00,4.574662184124665409e-01,-1.168494649239372723e-03,-1.212018679496255913e-02,4.358381397640607169e-01,3.029603111573758657e-04,-1.454860266726438478e-01,4.645506218731935144e-01,-8.268822640101813892e-03,-2.225287075317833319e-01
1.730000000000000426e+00,4.557215724088226616e-01,-1.650202390746528152e-03,9.360149091321634182e-03,4.416926969727906771e-01,1.287341999264811094e-04,-1.299225649561771279e-01,4.712322213358911549e-01,-8.441073550164601702e-03,-2.004413947523020767e-01
1.740000000000000213e+00,4.527110418357042643e-01,-2.143496577833445965e-03,2.974054536708222590e-02,4.467076332492514457e-01,-7.693646113251866817e-05,-1.140985704254381117e-01,4.772030300817755588e-01,-8.896348640264450935e-03,-1.745627139072368217e-01
1.750000000000000000e+00,4.486404130135309698e-01,-2.638606325145530229e-03,4.887415059693912128e-02,4.508547534426122771e-01,-3.118492628896553593e-04,-9.815059086966593238e-02,4.804090165911097943e-01,-9.058609752605750742e-03,-1.545422476120793254e-01
1.759999999999999787e+00,4.437231984006705932e-01,-3.126956455586808042e-03,6.665476807321900343e-02,4.541292188954647036e-01,-5.717246777855443949e-04,-8.220390105374383860e-02,4.834074190039656660e-01,-9.152923778837682156e-03,-1.291414461847555373e-01
1.770000000000001350e+00,4.381722540389602627e-01,-3.601261456862764332e-03,8.301475749089373690e-02,4.565428694604339865e-01,-8.526685541549196539e-04,-6.638397910685982228e-02,4.846566448903085744e-01,-9.303955986281420287e-03,-1.102824522864503665e-01
1.780000000000001137e+00,4.321926006251007313e-01,-4.055546599698212247e-03,9.792159361116052618e-02,4.581237628091174852e-01,-1.151079222646764905e-03,-5.081268482009922149e-02,4.852290331158201075e-01,-9.300458796509356030e-03,-9.343961741390013898e-02
1.790000000000000924e+00,4.259756219243349129e-01,-4.485108304492515206e-03,1.113734932492231600e-01,4.589170093694153740e-01,-1.462005488857838053e-03,-3.559201792852278307e-02,4.852775466004858318e-01,-9.218675961128977581e-03,-7.562510995140617198e-02
1.800000000000000711e+00,4.196947005397808073e-01,-4.886427607995785273e-03,1.233945112099383290e-01,4.589777530517266113e-01,-1.781486830836988278e-03,-2.082284248488166026e-02,4.844693952866512277e-01,-9.163452817990733190e-03,-5.491705578917777109e-02
1.810000000000000497e+00,4.135022544241152009e-01,-5.257051324813569702e-03,1.340294671408328586e-01,4.583716882054995057e-01,-2.105394889831314550e-03,-6.590808573554837388e-03,4.827200843206843617e-01,-9.882347217954570717e-03,-3.495664238435997051e-02
1.820000000000000284e+00,4.075280626175620258e-01,-5.595453581102240344e-03,1.433390072870326937e-01,4.571721293338099623e-01,-2.429925062899057370e-03,7.035584248399166796e-03,4.799780269458621129e-01,-1.029576494027563405e-02,-1.547319587481588155e-02
1.830000000000000071e+00,4.018787172847492206e-01,-5.900890009836076179e-03,1.513950359892383968e-01,4.554562289278189513e-01,-2.751172171431712221e-03,1.999569369390580276e-02,4.761945631035751081e-01,-1.022992819296421330e-02,4.043473320592017028e-03
1.839999999999999858e+00,3.966380101491723820e-01,-6.173253960279510497e-03,1.582766798645875717e-01,4.533037063021851942e-01,-3.065943053872294006e-03,3.224446474729993767e-02,4.712612745850474072e-01,-1.070356855155636666e-02,2.393576155546783824e-02
1.850000000000001421e+00,3.918680521139583095e-01,-6.412942306114603752e-03,1.640668790406065169e-01,4.507943194372669438e-01,-3.371762105299211994e-03,4.375070224225485749e-02,4.658804634913918941e-01,-1.125904806936529889e-02,4.138020648553525360e-02
1.860000000000001208e+00,3.876109311083549280e-01,-6.620735677962296534e-03,1.688496395826604157e-01,4.480056965556395987e-01,-3.665596839999994173e-03,5.449294061919102150e-02,4.611338911020534947e-01,-1.045987277574474128e-02,5.503634023978110079e-02
1.870000000000000995e+00,3.838907305717714769e-01,-6.797696203660372194e-03,1.727079321085488728e-01,4.450120986744082185e-01,-3.945787821815660741e-03,6.446197922109200840e-02,4.566865651811592430e-01,-1.006702562572035775e-02,6.686788535105697706e-02
1.880000000000000782e+00,3.807157550967745774e-01,-6.945083687970895862e-03,1.757221849244764988e-01,4.418828049079486786e-01,-4.210811977018597170e-03,7.365855368606991083e-02,4.523748186475389232e-01,-1.032004601100421082e-02,7.758236843082072509e-02
1.890000000000000568e+00,3.780808368583244428e-01,-7.064289765215967486e-03,1.779692956251483771e-01,4.386809725368938651e-01,-4.458960016029025857e-03,8.209207921075470371e-02,4.421722652472822590e-01,-9.319464879121858170e-03,9.973730876260461509e-02
1.900000000000000355e+00,3.759696235983033263e-01,-7.156788522685954279e-03,1.795220718721916575e-01,4.354638349239955963e-01,-4.689851502544357779e-03,8.977787019871606711e-02,4.302485335294853330e-01,-8.129212735515881083e-03,1.215866797612041306e-01
1.910000000000000142e+00,3.743567740645807884e-01,-7.224101387920733863e-03,1.804490082268604412e-01,4.322808044103330638e-01,-4.902644729222643480e-03,9.673962560898309582e-02,4.199587563870910145e-01,-7.302477243218349900e-03,1.383771009353860770e-01
1.919999999999999929e+00,3.732100087009994072e-01,-7.267773617002953879e-03,1.808143093848108840e-01,4.291741052469437712e-01,-5.096891716769716592e-03,1.030057408181695860e-01,4.107047140054964629e-01,-7.071992901805046472e-03,1.504641175181669621e-01
1.930000000000001492e+00,3.724919815532461431e-01,-7.289359726793424518e-03,1.806780787983868486e-01,4.261806061720590511e-01,-5.272820451779037035e-03,1.086037254277157776e-01,4.077809180929939936e-01,-8.609379079731555029e-03,1.443459034222236981e-01
1.940000000000001279e+00,3.721619538004724004e-01,-7.290415404159884989e-03,1.800966035345096805e-01,4.233275760440814439e-01,-5.430314988718803332e-03,1.135713229406611069e-01,4.073404652158063577e-01,-1.023371222834769390e-02,1.411519533146678995e-01
1.950000000000001066e+00,3.721772603891815856e-01,-7.272493384601399873e-03,1.791226796420579415e-01,4.206358270246054465e-01,-5.569566037278141264e-03,1.179474171376815039e-01,4.075289021964423331e-01,-1.233342551493578354e-02,1.394315293100427677e-01
1.960000000000000853e+00,3.724945694826076181e-01,-7.237141765651294856e-03,1.778059358646547905e-01,4.181223907235539494e-01,-5.691125895755095102e-03,1.217664867771089399e-01,4.085312053217357020e-01,-1.474080500234725699e-02,1.391924481441889627e-01
1.970000000000000639e+00,3.730709403793943113e-01,-7.185902999988219922e-03,1.761931263789295599e-01,4.157968328614231046e-01,-5.795559611565644954e-03,1.250684297491290453e-01,4.101102331540755763e-01,-1.552567179101367600e-02,1.400578134808077579e-01
1.980000000000000426e+00,3.738646897752471721e-01,-7.120312543901979180e-03,1.743283745547531127e-01,4.136650486370140323e-01,-5.883571755989582333e-03,1.278903408743322367e-01,4.119412745839744483e-01,-1.639518270247600218e-02,1.407361145915020373e-01
1.990000000000000213e+00,3.748617701143114878e-01,-7.043602229288306593e-03,1.722463741470029452e-01,4.117372081726566879e-01,-5.956511608663630185e-03,1.302636575473850034e-01,4.146210007510827689e-01,-1.776825011500100804e-02,1.408987072602989055e-01
2.000000000000000000e+00,3.763138402266435478e-01,-6.975299764263255022e-03,1.698963272853131201e-01,4.101057709297541432e-01,-6.021369505941916341e-03,1.321681170963079632e-01,4.170803570746358657e-01,-1.804296135850710914e-02,1.390383827924329130e-01
2.009999999999999787e+00,3.790481729586415161e-01,-6.966902322431272297e-03,1.669642408238703746e-01,4.090596037731989987e-01,-6.096549530824127427e-03,1.334460886142206371e-01,4.203682991967228055e-01,-1.630764532322862004e-02,1.357683631896785537e-01
2.020000000000001350e+00,3.834196593148271881e-01,-7.031199165544967621e-03,1.630251410754338104e-01,4.087680581035388894e-01,-6.188545076039425781e-03,1.339390358760472188e-01,4.225021185061745843e-01,-1.522816770324549041e-02,1.324757527191327000e-01
2.030000000000001137e+00,3.892786832334746427e-01,-7.136386651807799346e-03,1.577253956551199487e-01,4.092520266453215649e-01,-6.289072350849555723e-03,1.335458533462844377e-01,4.236139525142702533e-01,-1.452056612670411806e-02,1.288976656549827293e-01
2.040000000000000924e+00,3.963792990120316717e-01,-7.242074765923495888e-03,1.507838304954448594e-01,4.105023685508341069e-01,-6.386877066137738521e-03,1.321842571318419535e-01,4.238005578700242415e-01,-1.374630966365510132e-02,1.254005920518265205e-01
2.050000000000000711e+00,4.044214566794811505e-01,-7.311488690483240564e-03,1.419910684918231081e-01,4.124858002951855562e-01,-6.470824845825876373e-03,1.297853880369011503e-01,4.237914698606047859e-01,-1.242778896151094936e-02,1.221981595091610751e-01
2.060000000000000497e+00,4.130646726872265195e-01,-7.314908469337935877e-03,1.312107941860384264e-01,4.151449346849716004e-01,-6.531468775537477463e-03,1.262980282090147843e-01,4.242635274899047015e-01,-1.148779761507749686e-02,1.189733855973601484e-01
2.070000000000000284e+00,4.219423053929139966e-01,-7.230541530906011913e-03,1.183810974887584133e-01,4.184025621555218510e-01,-6.560360470152131092e-03,1.216801125133007144e-01,4.252560800066437219e-01,-1.065108302469071344e-02,1.153735673411503404e-01
2.080000000000000071e+00,4.306772674571442971e-01,-7.044544753635274652e-03,1.035146508123007264e-01,4.221623652930166504e-01,-6.550368878423369623e-03,1.159027261553986637e-01,4.291188452824553634e-01,-9.294468739498767951e-03,1.075010574948564446e-01
2.089999999999999858e+00,4.388984280297496543e-01,-6.750639505925238454e-03,8.669676101462538143e-02,4.263108517489799798e-01,-6.495976855509790274e-03,1.089536739885378636e-01,4.334890919682083954e-01,-8.004740969421095254e-03,1.003667538526473169e-01
2.100000000000001421e+00,4.462566737758211222e-01,-6.349439206429384128e-03,6.808071501502253875e-02,4.307213511048312848e-01,-6.393199845600753932e-03,1.008371929160734870e-01,4.411767269683921633e-01,-5.256217549771638464e-03,8.669365805159218175e-02
2.110000000000001208e+00,4.524395756461861429e-01,-5.847549300450234633e-03,4.788026054134270765e-02,4.352581363072227649e-01,-6.239593234236590069e-03,9.157477864315635707e-02,4.462052631975343964e-01,-4.464197623788065949e-03,7.555309535548948574e-02
2.120000000000000995e+00,4.571837396343687021e-01,-5.256501156689726527e-03,2.635945783571796638e-02,4.397811770370393392e-01,-6.033978232369967623e-03,8.120310560092801333e-02,4.511795130772152662e-01,-4.303397141285539296e-03,6.389146732356443259e-02
2.130000000000000782e+00,4.602841459702474158e-01,-4.591590138619176462e-03,3.820452200312661212e-03,4.441499146544890531e-01,-5.776758455402928802e-03,6.977716774139317013e-02,4.569852629894562979e-01,-4.432725154963151892e-03,5.032659200358091667e-02
2.140000000000000568e+00,4.616000557590769771e-01,-3.870688422992575161e-03,-1.941007433862983883e-02,4.482276773417545046e-01,-5.469381621259081228e-03,5.736614328536167318e-02,4.655650393373431672e-01,-4.715417675908190054e-03,3.019134750506219378e-02
2.150000000000000355e+00,4.610573494555680329e-01,-3.113096081399794983e-03,-4.299491592732910400e-02,4.518852177196784337e-01,-5.115089742510651669e-03,4.406035397480258242e-02,4.769876536224181285e-01,-5.661003339738138185e-03,5.552493287405146916e-04
2.160000000000000142e+00,4.586474283485480474e-01,-2.338483464244042222e-03,-6.659996696723827214e-02,4.550055148155089380e-01,-4.718372488717726201e-03,2.996347837971901837e-02,4.825942479037591548e-01,-7.039872681817660460e-03,-1.995840923588609872e-02
2.169999999999999929e+00,4.544230368615185256e-01,-1.565964995873556781e-03,-8.990668930333661768e-02,4.574859441807307969e-01,-4.284405297280103123e-03,1.519176262446454012e-02,4.867719461030568517e-01,-9.388960010421734670e-03,-4.408925030525123745e-02
2.180000000000001492e+00,4.484915359313008110e-01,-8.133316630561735882e-04,-1.126227998001927133e-01,4.592419011836007536e-01,-3.819559197123014675e-03,-1.273275499138002559e-04,4.880258751019077579e-01,-1.143237903226120011e-02,-7.023032401192574881e-02
2.190000000000001279e+00,4.410062688509071571e-01,-9.645755276976506181e-05,-1.344907378839468870e-01,4.602084930784449690e-01,-3.331049040012930458e-03,-1.586194275721894073e-02,4.861442086689934383e-01,-1.202385386192417194e-02,-9.213307284949875942e-02
2.200000000000001066e+00,4.321567103313930236e-01,5.711162344714335731e-04,-1.552936681789064410e-01,4.603404032697213100e-01,-2.825859564594917703e-03,-3.187122538596589422e-02,4.815676945595029901e-01,-1.225940623433274812e-02,-1.171269648525980200e-01
2.210000000000000853e+00,4.221580811910056741e-01,1.178425745084070702e-03,-1.748589652610596235e-01,4.596141001887710797e-01,-2.311907845384693870e-03,-4.801890265292668714e-02,4.752668099760666287e-01,-1.156136161391885242e-02,-1.410146634146111078e-01
2.220000000000000639e+00,4.112410539467765691e-01,1.717171114656454445e-03,-1.930592978982822450e-01,4.580261916301598402e-01,-1.796598501442023266e-03,-6.416654636052343541e-02,4.667200840944073503e-01,-1.097088210244612227e-02,-1.666925076997279598e-01
2.230000000000000426e+00,3.996420821865480644e-01,2.181667168898504972e-03,-2.098115655511127442e-01,4.555930159493805642e-01,-1.287487028220371489e-03,-8.018359127906590778e-02,4.595664231730376414e-01,-1.018432880936233353e-02,-1.847513880086457116e-01
2.240000000000000213e+00,3.875947664850184493e-01,2.568682393320170787e-03,-2.250740443925709766e-01,4.523482636792890976e-01,-7.916938011844953721e-04,-9.594930869945993146e-02,4.530799800918402509e-01,-9.785860783605646041e-03,-2.005298745105480451e-01
2.250000000000000000e+00,3.753225442196023720e-01,2.877193774357913840e-03,-2.388421530747297239e-01,4.483425133346121139e-01,-3.156487983684955244e-04,-1.113476725976167842e-01,4.456157233433961640e-01,-9.500728721554288492e-03,-2.187433693551574521e-01
2.259999999999999787e+00,3.630328609786839245e-01,3.108084832491444377e-03,-2.511432731500101156e-01,4.436375940325809064e-01,1.346063406429845281e-04,-1.262838229411986091e-01,4.404569476819688578e-01,-8.582443261404448798e-03,-2.316169209728107803e-01
2.270000000000001350e+00,3.509128664867701697e-01,3.263812755499499382e-03,-2.620310428690098004e-01,4.383068732754294428e-01,5.541034009891780774e-04,-1.406711945942861197e-01,4.361406017237804411e-01,-7.642519389584295775e-03,-2.427911059568638175e-01
2.280000000000001137e+00,3.391265793955080543e-01,3.348067648314622183e-03,-2.715795035854489670e-01,4.324286230260731001e-01,9.385267680535753490e-04,-1.544445302102712136e-01,4.313229257495003743e-01,-6.282320423290368994e-03,-2.555169253107013594e-01
2.290000000000000924e+00,3.278133908411267061e-01,3.365442777701317147e-03,-2.798774182292442236e-01,4.260968223149229073e-01,1.284308843467098313e-03,-1.675289778691628761e-01,4.261781419204181409e-01,-4.529162527601562904e-03,-2.691971512575301873e-01
2.300000000000000711e+00,3.170877235720972465e-01,3.321130841066293263e-03,-2.870230128204187547e-01,4.193942837610638574e-01,1.589126940935271055e-03,-1.798960012141791465e-01,4.223490580663202820e-01,-3.383634006288507856e-03,-2.802193274419846891e-01
2.310000000000000497e+00,3.070396371473174124e-01,3.220656183591661097e-03,-2.931193180193993886e-01,4.124120381237081356e-01,1.850954796277988999e-03,-1.915124224052802138e-01,4.193856499064527732e-01,-3.046029436372846289e-03,-2.892779319504101831e-01
2.320000000000000284e+00,2.977361596476194583e-01,3.069649350674868299e-03,-2.982702192680499187e-01,4.052498595463631670e-01,2.068327019256700414e-03,-2.023432467195860063e-01,4.170179200813691756e-01,-2.836358019935925068e-03,-2.972807578270486584e-01
2.330000000000000071e+00,2.892231370856824801e-01,2.873665751548851871e-03,-3.025772610927787154e-01,3.979709114692426830e-01,2.241951379053909628e-03,-2.124166725732391514e-01,4.148513460647829110e-01,-2.464672631699513228e-03,-3.049231676477475173e-01
2.339999999999999858e+00,2.815274087571316697e-01,2.638048436032481431e-03,-3.061372008325853322e-01,3.906705877599810917e-01,2.371046468564248083e-03,-2.217135486477729289e-01,4.118352772541147289e-01,-1.769259511699872167e-03,-3.140451992983710472e-01
2.350000000000001421e+00,2.746591482148539320e-01,2.367831166585401652e-03,-3.090402662381505072e-01,3.834247032497120622e-01,2.456322436843711744e-03,-2.302462647155924247e-01,4.087462126003940099e-01,-1.761887346979809643e-03,-3.208873451620129491e-01
2.360000000000001208e+00,2.686142377256471869e-01,2.067677638768882810e-03,-3.113690446020158653e-01,3.762814895792723213e-01,2.500186246736710218e-03,-2.380582891024090320e-01,4.042251201749487155e-01,-2.343135341062424493e-03,-3.282595909651011001e-01
2.370000000000000995e+00,2.633765771578154835e-01,1.741851111333035445e-03,-3.131979137439390715e-01,3.693163075783575389e-01,2.502881930808680336e-03,-2.451569905165661700e-01,3.996133236498439212e-01,-2.775912274036687610e-03,-3.339756074781196626e-01
2.380000000000000782e+00,2.589202575551715624e-01,1.394208242966162676e-03,-3.145929178370362456e-01,3.625733678188993170e-01,2.466932122536057495e-03,-2.515823074679905957e-01,3.947279304483262141e-01,-2.806900091432043554e-03,-3.389973811341657761e-01
2.390000000000000568e+00,2.552115534687718901e-01,1.028211929750801100e-03,-3.156119912106125636e-01,3.560876994717674382e-01,2.394987446257974481e-03,-2.573771694998454040e-01,3.889619215044112233e-01,-3.804960825278300152e-03,-3.440732269856425773e-01
2.400000000000000355e+00,2.522107118294593109e-01,6.469568545944932251e-04,-3.163054385373755828e-01,3.499083568531361488e-01,2.288043610673547341e-03,-2.625654787229895759e-01,3.840923253648214075e-01,-4.852375978246337151e-03,-3.483016329440512537e-01
2.410000000000000142e+00,2.498735280539152448e-01,2.532038737159956251e-04,-3.167165893382993813e-01,3.440522051865216313e-01,2.149487369485236950e-03,-2.671964536106469779e-01,3.789804483668834933e-01,-5.814565650632555482e-03,-3.522560756360768042e-01
2.419999999999999929e+00,2.481527150375359703e-01,-1.505817543312588068e-04,-3.168825559204276332e-01,3.385391767356363268e-01,1.981689687225613675e-03,-2.713095566221855326e-01,3.747647119899730761e-01,-6.475420364487463609e-03,-3.550828229816374026e-01
2.430000000000001492e+00,2.469990751779687632e-01,-5.621905735499288601e-04,-3.168350362725180225e-01,3.333836144045950189e-01,1.786933181253134127e-03,-2.749432243150201627e-01,3.718971488331529462e-01,-6.831865008027238062e-03,-3.569496178168583000e-01
2.440000000000001279e+00,2.463624929192132773e-01,-9.796307344750894690e-04,-3.166011155067707805e-01,3.285946788998471702e-01,1.567728263683070174e-03,-2.781345085739059253e-01,3.662005981782989750e-01,-7.337002911071921485e-03,-3.599655704904424214e-01
2.450000000000001066e+00,2.461927658516786521e-01,-1.401092975304439690e-03,-3.162040309362177393e-01,3.241720511344995392e-01,1.326572809085457307e-03,-2.809225111559978116e-01,3.565012941505946165e-01,-8.497605190291454558e-03,-3.624423163708629936e-01
2.460000000000000853e+00,2.464402925538440314e-01,-1.824919543598705913e-03,-3.156638760558235779e-01,3.201111672752849913e-01,1.065931577318937010e-03,-2.833441117916205565e-01,3.506374196784216579e-01,-8.843964504766821388e-03,-3.621106581402162572e-01
2.470000000000000639e+00,2.470566359401699108e-01,-2.249578287927013736e-03,-3.149982275446984725e-01,3.164064839545556729e-01,7.880406113449861874e-04,-2.854319637090447226e-01,3.456379251171860512e-01,-9.060806458160625132e-03,-3.608920397204788966e-01
2.480000000000000426e+00,2.479949776979245568e-01,-2.673641588234137220e-03,-3.142226867469248286e-01,3.130487713327100296e-01,4.950371875301509510e-04,-2.872170294407865310e-01,3.416906707943762056e-01,-9.409194575050461307e-03,-3.586164958484564513e-01
2.490000000000000213e+00,2.492374726177209454e-01,-3.090719652609762690e-03,-3.133575877931176201e-01,3.100355095822640017e-01,1.906207266715235875e-04,-2.887270840914247239e-01,3.401034772679325524e-01,-9.283921343606865717e-03,-3.560947853781403771e-01
2.500000000000000000e+00,2.510321390578991729e-01,-3.448324984872362491e-03,-3.124622449640332977e-01,3.074576376907707798e-01,-1.055519681168886909e-04,-2.899726267842468452e-01,3.393166487210479421e-01,-9.526372770160163039e-03,-3.530118715893537651e-01
2.509999999999999787e+00,2.541921559921790363e-01,-3.612427936940851812e-03,-3.115903710896048562e-01,3.056162777555679888e-01,-3.450657739870683152e-04,-2.909126238978042567e-01,3.399665832977933899e-01,-9.915791473505852771e-03,-3.495101805287232910e-01
2.520000000000001350e+00,2.591857202374737157e-01,-3.558090813059805110e-03,-3.105194453180313285e-01,3.047183093306602419e-01,-5.130867620152788390e-04,-2.914747272031454894e-01,3.421217200226147614e-01,-9.676837543985822299e-03,-3.451173150847633986e-01
2.530000000000001137e+00,2.660898573531517708e-01,-3.328876718213955900e-03,-3.089169184813474467e-01,3.048457485717198656e-01,-6.166636134846521181e-04,-2.915907822207692845e-01,3.454294108736091218e-01,-9.246700998371201741e-03,-3.404407906051989396e-01
2.540000000000000924e+00,2.748734820719500593e-01,-2.966882985985599269e-03,-3.064614255997910597e-01,3.060479098777466600e-01,-6.626449348650651286e-04,-2.911954176961042418e-01,3.501076828488843828e-01,-9.021638540493037706e-03,-3.356727459695583726e-01
2.550000000000000711e+00,2.854210562970489473e-01,-2.511600269568021668e-03,-3.028540226954405390e-01,3.083462798777780733e-01,-6.580489019563818143e-04,-2.902233703343578552e-01,3.558763482525737487e-01,-8.755156616907039391e-03,-3.309640676605356546e-01
2.560000000000000497e+00,2.975423367016493126e-01,-1.999888852680218980e-03,-2.978261178257578523e-01,3.117345239545976088e-01,-6.101317741594486539e-04,-2.886096839483394683e-01,3.635257452336245754e-01,-8.511021773461940887e-03,-3.251151576315832181e-01
2.570000000000000284e+00,3.109826934455607872e-01,-1.465546010323181408e-03,-2.911483994466694258e-01,3.161800343592842122e-01,-5.263994622581038511e-04,-2.862897991134774056e-01,3.701975369934255022e-01,-8.271856691210943691e-03,-3.201960428856004404e-01
2.580000000000000071e+00,3.254349779647026653e-01,-9.387894214861324405e-04,-2.826399646861493808e-01,3.216278044756812338e-01,-4.146779117299686634e-04,-2.831987916259693372e-01,3.769325302917766463e-01,-8.293851877746533097e-03,-3.153040054060980979e-01
2.589999999999999858e+00,3.405530517966408044e-01,-4.457858569057028368e-04,-2.721765771979630100e-01,3.280038772885483511e-01,-2.829826694367145942e-04,-2.792715131682562135e-01,3.895941239792229949e-01,-8.649452348618219544e-03,-3.057268392924780143e-01
2.600000000000001421e+00,3.559666882408891730e-01,-8.295120695204659042e-06,-2.596970345645611133e-01,3.352104834753089069e-01,-1.391998608346195227e-04,-2.744506911239159574e-01,4.010137221343799130e-01,-8.935837349162090160e-03,-2.965254255344528245e-01
2.610000000000001208e+00,3.712972845537297339e-01,3.565359422431858740e-04,-2.452068425906146487e-01,3.431317536800654322e-01,8.899835830350174073e-06,-2.686871389688946232e-01,4.059201881048782878e-01,-8.955714186979948921e-03,-2.921374479040827477e-01
2.620000000000000995e+00,3.861736524071811560e-01,6.362176422704710847e-04,-2.287786959339702664e-01,3.516374752252343083e-01,1.537677811888074012e-04,-2.619417774343147931e-01,4.107679960062560198e-01,-9.129436637183518943e-03,-2.879523582656959291e-01
2.630000000000000782e+00,4.002470774314669244e-01,8.228034506411473258e-04,-2.105495946080707392e-01,3.605880509245812937e-01,2.882888587541700305e-04,-2.541863309375526625e-01,4.424074076759653140e-01,-9.658551063800591141e-03,-2.512747422408204701e-01
2.640000000000000568e+00,4.132048520937136038e-01,9.126310151933211129e-04,-1.907147408166151303e-01,3.698325737659037826e-01,4.060583068906215790e-04,-2.454110973642950055e-01,4.548864552034260766e-01,-9.898373293375839488e-03,-2.333556678261262118e-01
2.650000000000000355e+00,4.247815768494907496e-01,9.059379133572254602e-04,-1.695186348525421494e-01,3.792190685427288543e-01,5.012657145102734088e-04,-2.356201806635335461e-01,4.649051869738354270e-01,-1.022911595199339774e-02,-2.149636178503116501e-01
2.660000000000000142e+00,4.347676807725100456e-01,8.063766156435057172e-04,-1.472440001765683570e-01,3.885923248040867861e-01,5.690370869180735348e-04,-2.248391898972715020e-01,4.733348957676363211e-01,-1.090716110286041318e-02,-1.934411744193926530e-01
2.669999999999999929e+00,4.430148127991529461e-01,6.204559444698624611e-04,-1.241993088238709519e-01,3.978033223588571810e-01,6.053779141811211446e-04,-2.131093670187893252e-01,4.777377338357302605e-01,-1.174279516697099290e-02,-1.761360790754004646e-01
2.680000000000001492e+00,4.494379790701945598e-01,3.569385395254399528e-04,-1.007057385320524190e-01,4.067090811747626766e-01,6.073517228050059587e-04,-2.004918810019515607e-01,4.809100814668524349e-01,-1.216515508862502093e-02,-1.569132192986776031e-01
2.690000000000001279e+00,4.540145249038571307e-01,2.622407314660307135e-05,-7.708438085662477901e-02,4.151778822405037817e-01,5.729632057709585502e-04,-1.870646622449949892e-01,4.827804726125535240e-01,-1.252452578502506741e-02,-1.332701267220461339e-01
2.700000000000001066e+00,4.567802627281518091e-01,-3.602534772536078846e-04,-5.364443864976906756e-02,4.230922814789395137e-01,5.015356928824063996e-04,-1.729205794964276122e-01,4.828429522415003117e-01,-1.275953333365215103e-02,-1.159387426001827204e-01
2.710000000000000853e+00,4.578232112878503623e-01,-7.905893612883078264e-04,-3.067301753433472264e-02,4.303502959530080552e-01,3.930262283835495268e-04,-1.581675135537333188e-01,4.822559483473741748e-01,-1.367058748967311943e-02,-9.810763298758429229e-02
2.720000000000000639e+00,4.572755250696828866e-01,-1.252910819170551361e-03,-8.426946244960126231e-03,4.368691802769758548e-01,2.487407862002762753e-04,-1.429225702665501696e-01,4.814100914914974938e-01,-1.441623904982171356e-02,-8.130718889917662451e-02
2.730000000000000426e+00,4.553042504645717359e-01,-1.735803579054126869e-03,1.287312534910818249e-02,4.425854224511039936e-01,7.057786539981864482e-05,-1.273113225817478211e-01,4.805726520607511709e-01,-1.505063364654590785e-02,-6.571151951087877974e-02
2.740000000000000213e+00,4.521015476828603163e-01,-2.228652698608527168e-03,3.304628616545743358e-02,4.474560605349822695e-01,-1.387036969962567208e-04,-1.114631994513888141e-01,4.798454309901747372e-01,-1.546540684221760220e-02,-5.211354227641001868e-02
2.750000000000000000e+00,4.478749710758147540e-01,-2.721893124792706085e-03,5.195268390998859787e-02,4.514578595752501977e-01,-3.760605202354526996e-04,-9.551024785303079134e-02,4.792044253843066315e-01,-1.561729193865743492e-02,-3.876209557197440869e-02
2.759999999999999787e+00,4.428383157867386011e-01,-3.207172389967721630e-03,6.949284288142623667e-02,4.545880377078274637e-01,-6.375830141517885167e-04,-7.957987227693331944e-02,4.783831800796914946e-01,-1.570388691939381132e-02,-2.729553186570476964e-02
2.770000000000001350e+00,4.372034284722472464e-01,-3.677432154329566064e-03,8.560531539740875995e-02,4.568610387617068058e-01,-9.195321393387742744e-04,-6.379791781669133521e-02,4.774350143621024500e-01,-1.601555877975660569e-02,-1.855270069955694545e-02
2.780000000000001137e+00,4.311732575599223072e-01,-4.126918422266348009e-03,1.002630599691753666e-01,4.583089037347191641e-01,-1.217523142569313646e-03,-4.827861992498175964e-02,4.760029271692803876e-01,-1.562441549089679804e-02,-8.985787848486748164e-03
2.790000000000000924e+00,4.249362966805568242e-01,-4.551133613055361425e-03,1.134689573638116983e-01,4.589770321379035845e-01,-1.527418222135635629e-03,-3.313046580242007266e-02,4.743310671205701601e-01,-1.525377104785916038e-02,-1.058553701280107173e-03
2.800000000000000711e+00,4.186624637489407830e-01,-4.946744106307443198e-03,1.252508599713671733e-01,4.589234632914951928e-01,-1.845022963032402936e-03,-1.844706467122601140e-02,4.726775365430804232e-01,-1.452012960394027941e-02,6.180876928900680412e-03
2.810000000000000497e+00,4.125003650711747127e-01,-5.311457734475530205e-03,1.356565273842459951e-01,4.582150571457060950e-01,-2.166203560001022776e-03,-4.312149255382681512e-03,4.707943035588664227e-01,-1.354212930449845420e-02,1.340956699223933013e-02
2.820000000000000284e+00,4.065758229363197196e-01,-5.643883943860134728e-03,1.447487407634790169e-01,4.569256465185151939e-01,-2.487225325131760083e-03,9.205173704179014232e-03,4.694662622261437379e-01,-1.242604328321054996e-02,1.844818111385854165e-02
2.830000000000000071e+00,4.009914976599757708e-01,-5.943388095223650115e-03,1.526008185924862814e-01,4.551331741298607625e-01,-2.804512335757822477e-03,2.204879431018666458e-02,4.686729944898989642e-01,-1.189926427613959004e-02,2.199545929903046204e-02
2.839999999999999858e+00,3.958274096419188148e-01,-6.209949298892478674e-03,1.592926846984213107e-01,4.529173875815959982e-01,-3.114917852362003060e-03,3.417552341629948726e-02,4.663614496793898612e-01,-9.826719068621037056e-03,3.398436504116097989e-02
2.850000000000001421e+00,3.911421605692858572e-01,-6.444028617608351696e-03,1.649075721248023374e-01,4.503577241413566634e-01,-3.415867118906467086e-03,4.555536791698350241e-02,4.652794962996992245e-01,-8.814457747110870933e-03,3.940572666238673083e-02
2.860000000000001208e+00,3.869746613114755096e-01,-6.646452471103212606e-03,1.695293879278235716e-01,4.475304045597442992e-01,-3.704930770449868342e-03,5.617410870492629826e-02,4.622054822349431769e-01,-5.493215839927442778e-03,5.297716727034373907e-02
2.870000000000000995e+00,3.833461927838949790e-01,-6.818313546025440465e-03,1.732407169854965345e-01,4.445076302446078764e-01,-3.980538517241513120e-03,6.602756286764513427e-02,4.592100649241749322e-01,-3.215966265611117092e-03,6.463055923382604595e-02
2.880000000000000782e+00,3.802626508878529932e-01,-6.960890261830798321e-03,1.761214083127285168e-01,4.413616181080166623e-01,-4.240867992170414998e-03,7.510070301437449247e-02,4.553766425668261952e-01,-1.117840911909237511e-03,7.690846509571325207e-02
2.890000000000000568e+00,3.777168538653277730e-01,-7.075583848719314319e-03,1.782476650290052422e-01,4.381505337007022272e-01,-4.485045407344993677e-03,8.342051172980503859e-02,4.516610647332273132e-01,9.650500687770346975e-05,8.786938747346140222e-02
2.900000000000000355e+00,3.756908173067176060e-01,-7.163871650598330025e-03,1.796915475637642368e-01,4.349316632558662410e-01,-4.712054198090125275e-03,9.099762574266927195e-02,4.476741546396458826e-01,1.439795340016772340e-03,9.798795358156991986e-02
2.910000000000000142e+00,3.741579266582034102e-01,-7.227274097467265707e-03,1.805207972516892356e-01,4.317576532295375191e-01,-4.921084990877918827e-03,9.784399416771941138e-02,4.429372840098263486e-01,2.219517567593379259e-03,1.079071585477243134e-01
2.919999999999999929e+00,3.730849583540635228e-01,-7.267332880844420452e-03,1.807988919021802365e-01,4.286621490664729306e-01,-5.112357382022384746e-03,1.040105350085185898e-01,4.368559742442876814e-01,2.438026324105585507e-03,1.166573200353079320e-01
2.930000000000001492e+00,3.724339182095697809e-01,-7.285597671648638175e-03,1.805852542339834721e-01,4.256870004006413355e-01,-5.285125286274930737e-03,1.095082663095119785e-01,4.313249861974013388e-01,4.567578222211807204e-03,1.265594860103519403e-01
2.940000000000001279e+00,3.721636795447866297e-01,-7.283618689806530856e-03,1.799355462890701585e-01,4.228569402864814086e-01,-5.439766806444775935e-03,1.143795794164809698e-01,4.256552937455756469e-01,5.257551233018256664e-03,1.329323031997431404e-01
2.950000000000001066e+00,3.722314140702223106e-01,-7.262943278309341721e-03,1.789019964058836953e-01,4.201909989338846185e-01,-5.576645652774138429e-03,1.186655029213836560e-01,4.212727369421026546e-01,5.421723856370130878e-03,1.367184402010162003e-01
2.960000000000000853e+00,3.725938163534804337e-01,-7.225114222456362721e-03,1.775337188927021415e-01,4.177098952213986194e-01,-5.695520148810415302e-03,1.223907953457701453e-01,4.165266138562779830e-01,5.432579749117497081e-03,1.400664853260608078e-01
2.970000000000000639e+00,3.732081283262251303e-01,-7.171668808188254134e-03,1.758769990676166128e-01,4.154154903252528230e-01,-5.797918814677838206e-03,1.256105819995678441e-01,4.127892171496356788e-01,5.690710653692046539e-03,1.420284160179931532e-01
2.980000000000000426e+00,3.740329742482882969e-01,-7.104137320503052869e-03,1.739755274118258976e-01,4.133179098436015608e-01,-5.883686484345780447e-03,1.283514490183110257e-01,4.108285192208188663e-01,5.399411049112540217e-03,1.424247397082227806e-01
2.990000000000000213e+00,3.750290192985865634e-01,-7.024040517472575698e-03,1.718705757044390880e-01,4.114174956806966876e-01,-5.953478502472312785e-03,1.306519399789576596e-01,4.107246330495493147e-01,5.155381477092046971e-03,1.414600171049986144e-01
3.000000000000000000e+00,3.762959075539596965e-01,-6.941892736110716507e-03,1.695629677828323079e-01,4.097531583585506954e-01,-6.011727604609583449e-03,1.325282250027989273e-01,4.119622575456335367e-01,4.444981460903649206e-03,1.390401238646795656e-01
3.009999999999999787e+00,3.787426609800603194e-01,-6.915697383517352588e-03,1.667622745415797691e-01,4.086347731835368036e-01,-6.078896886798277471e-03,1.338239668425780515e-01,4.146392384477538551e-01,3.330741243205689872e-03,1.352672840455965697e-01
3.020000000000001350e+00,3.828354552526948562e-01,-6.967884115048084484e-03,1.630286347803335256e-01,4.082624769704294443e-01,-6.164782342523300249e-03,1.343693352029811383e-01,4.173790477644021557e-01,2.621152459084841180e-03,1.316623252102328556e-01
3.030000000000001137e+00,3.884442864525116668e-01,-7.068744614143773232e-03,1.579948908272914565e-01,4.086630864831339305e-01,-6.261819002266104904e-03,1.340569472247931382e-01,4.204150690700180215e-01,2.543995403590584847e-03,1.276759571137518479e-01
3.040000000000000924e+00,3.953341534696298565e-01,-7.177440619853247064e-03,1.513671643656062105e-01,4.098307900484991495e-01,-6.358494868028009839e-03,1.327997898072393601e-01,4.247758347527093026e-01,2.943623175335627340e-03,1.217115501138980593e-01
3.050000000000000711e+00,4.032140669214365758e-01,-7.256036656359291133e-03,1.429235877433272239e-01,4.117358962544019896e-01,-6.443564358978781312e-03,1.305260088585586675e-01,4.316461569609082449e-01,2.450415300984082334e-03,1.114822115882889153e-01
3.060000000000000497e+00,4.117506634591023840e-01,-7.273460235444579453e-03,1.325152873962724132e-01,4.143243951941212311e-01,-6.507305217355840478e-03,1.271813092494369912e-01,4.368332931594869351e-01,2.071608151314546786e-03,1.041305736173201990e-01
3.070000000000000284e+00,4.205821124494644181e-01,-7.206534453211143644e-03,1.200676726253799981e-01,4.175225663887591754e-01,-6.540942802072382579e-03,1.227198702454092155e-01,4.416552588727913342e-01,1.849386781094669585e-03,9.683300314631848593e-02
3.080000000000000071e+00,4.293335289453567571e-01,-7.040069186835542191e-03,1.055807695931153395e-01,4.212370529346151637e-01,-6.537095979457972772e-03,1.171097615987825719e-01,4.489411505507914235e-01,1.937787899510323708e-03,8.525029033037423432e-02
3.089999999999999858e+00,4.376332306050935150e-01,-6.766523519258303872e-03,8.912759911461953788e-02,4.253570114176126182e-01,-6.489971133828142773e-03,1.103354883747769133e-01,4.552608365939917467e-01,2.226280598631585894e-03,7.333471940657071420e-02
3.100000000000001421e+00,4.451288370864425192e-01,-6.385373869541274665e-03,7.084995230006758959e-02,4.297579392783147378e-01,-6.395283267675373057e-03,1.023978146055360694e-01,4.608327538464341844e-01,2.981877828699866506e-03,6.230486441144883480e-02
3.110000000000001208e+00,4.515021559260262718e-01,-5.902246862937735039e-03,5.095133407922506491e-02,4.343057196723509317e-01,-6.250247948837588802e-03,9.331437119076253783e-02,4.653141141324628194e-01,4.238299645023743678e-03,5.237816815677714954e-02
3.120000000000000995e+00,4.564819086242561386e-01,-5.327876771277936102e-03,2.968724436846818110e-02,4.388609688237425921e-01,-6.053547953999196748e-03,8.311982126175640473e-02,4.692675768941112491e-01,5.286824674599885365e-03,4.224720360812356246e-02
3.130000000000000782e+00,4.598535632112787375e-01,-4.676955935453438670e-03,7.353294316921405588e-03,4.432836889360473598e-01,-5.805073509638780833e-03,7.186316771890031985e-02,4.734330009770415515e-01,6.073667968770943282e-03,2.857745988527743419e-02
3.140000000000000568e+00,4.614658070870238382e-01,-3.966949237873655665e-03,-1.572811944415971122e-02,4.474364494115805058e-01,-5.506176485727341807e-03,5.961191204923046300e-02,4.759658130632609119e-01,6.796498269993053731e-03,1.704031733733479825e-02
3.150000000000000355e+00,4.612334777033075262e-01,-3.216937301327670723e-03,-3.922174365757042508e-02,4.511889569007931367e-01,-5.159920027636200751e-03,4.645314432626204693e-02,4.780149693155499868e-01,7.063881320806000841e-03,5.384719835572815416e-03
3.160000000000000142e+00,4.591370382681382867e-01,-2.446543256304144816e-03,-6.279314809913127959e-02,4.544221851702103798e-01,-4.770333492532161622e-03,3.248655763977559285e-02,4.804438321073561946e-01,6.908668217272609380e-03,-1.204499651039081520e-02
3.169999999999999929e+00,4.552189185345102973e-01,-1.674984695016454132e-03,-8.612137521890854408e-02,4.570312326517326218e-01,-4.342574251086831101e-03,1.782685675532236919e-02,4.824952621017741805e-01,6.114561240101318296e-03,-3.107577198357791559e-02
3.180000000000001492e+00,4.495772217270341264e-01,-9.202804038265263546e-04,-1.089099144994461060e-01,4.589287897786102355e-01,-3.882916727127783477e-03,2.598875043419663321e-03,4.842386944239412960e-01,5.436767389199667622e-03,-4.740512923851714078e-02
3.190000000000001279e+00,4.423574197738396330e-01,-1.986284399136410608e-04,-1.308955315061187397e-01,4.600462579424285381e-01,-3.398062589272842632e-03,-1.306515599692228621e-02,4.856855040394539857e-01,4.285701477958203665e-03,-6.324011581156441242e-02
3.200000000000001066e+00,4.337427182323346786e-01,4.760384849570467678e-04,-1.518546756629349515e-01,4.603357522488599751e-01,-2.895458193806626189e-03,-2.902697781915578035e-02,4.864135448117925531e-01,3.006194660522973350e-03,-7.681367503030059329e-02
3.210000000000000853e+00,4.239437738720398530e-01,1.092325316736134609e-03,-1.716073813613447352e-01,4.597700480869403861e-01,-2.382665614983064430e-03,-4.514902209372163161e-02,4.866363603125354320e-01,2.075056486479029405e-03,-9.036626257692711994e-02
3.220000000000000639e+00,4.131883988776942629e-01,1.641487208144037013e-03,-1.900187515843059505e-01,4.583427327513741045e-01,-1.867425064513220318e-03,-6.129328431912024755e-02,4.861525255869666440e-01,1.142812889442193502e-03,-1.025682270835338861e-01
3.230000000000000426e+00,4.017117986666726703e-01,2.117402370638041091e-03,-2.069982549035646602e-01,4.560666804264869589e-01,-1.357139775869770819e-03,-7.732960422542201062e-02,4.848802076815388329e-01,2.847490026541832364e-05,-1.176490367622071154e-01
3.240000000000000213e+00,3.897477763489516911e-01,2.516429381628515830e-03,-2.224971737029647068e-01,4.529732102915931535e-01,-8.590992065406366941e-04,-9.313310401342972389e-02,4.830009045535901269e-01,-1.370469703355955970e-03,-1.326304140970636647e-01
3.250000000000000000e+00,3.775212110643430541e-01,2.837175856602534504e-03,-2.365046057885770991e-01,4.491092507127636413e-01,-3.797591357504104996e-04,-1.085910443873573800e-01,4.811164665558844700e-01,-2.890686210327481076e-03,-1.439186577057882943e-01
3.260000000000001563e+00,3.652419894406601086e-01,3.080205900110023765e-03,-2.490424492276155921e-01,4.445357562578411970e-01,7.473919706735846153e-05,-1.236011627427618248e-01,4.783975340039380297e-01,-4.792429173244891483e-03,-1.574070539014554015e-01
3.270000000000001350e+00,3.531004526586210557e-01,3.247712342042628850e-03,-2.601597908971919337e-01,4.393244488721512742e-01,4.993277438259621261e-04,-1.380754659190565892e-01,4.756229973074893591e-01,-6.832326888565692924e-03,-1.695842539455018061e-01
3.280000000000001137e+00,3.412643193825830590e-01,3.343177357389719943e-03,-2.699270847621939029e-01,4.335556773624892890e-01,8.894135283201668341e-04,-1.519393315003954859e-01,4.728982645187501666e-01,-8.756574797508367980e-03,-1.801789766573426432e-01
3.290000000000000924e+00,3.298769673095732213e-01,3.371040992902351978e-03,-2.784304485372533500e-01,4.273152431094664472e-01,1.241532616635345702e-03,-1.651331451522835003e-01,4.687091871398384457e-01,-1.150710452792771954e-02,-1.939779194691490793e-01
3.300000000000000711e+00,3.190568994104161504e-01,3.336393175340035024e-03,-2.857663407993433768e-01,4.206895019720622297e-01,1.552923555896650000e-03,-1.776161937447056638e-01,4.637798441709650721e-01,-1.362163387192272257e-02,-2.076331114035378511e-01
3.310000000000000497e+00,3.088981896790905513e-01,3.244700081168568929e-03,-2.920368078422578839e-01,4.137666598103634796e-01,1.821786402035971289e-03,-1.893578426291621375e-01,4.590847327381089027e-01,-1.571697465903172664e-02,-2.187674848757336643e-01
3.320000000000000284e+00,2.994716913780573475e-01,3.101571605045761772e-03,-2.973454198844352470e-01,4.066431719788228816e-01,2.046380809236072670e-03,-2.003251513151260987e-01,4.530910547054324278e-01,-1.782146171550702540e-02,-2.311915612590865199e-01
3.330000000000000071e+00,2.908267961101970722e-01,2.912573008264751628e-03,-3.017939530860370145e-01,3.993924934716568398e-01,2.227042047376702645e-03,-2.105292714895808659e-01,4.474197570372883126e-01,-1.968853445189150397e-02,-2.417629443211508911e-01
3.339999999999999858e+00,2.829935513762653065e-01,2.683080236488943893e-03,-3.054798203678576463e-01,3.921025143067660146e-01,2.363284695837727933e-03,-2.199613883445784290e-01,4.424150241706169551e-01,-2.125692287182576190e-02,-2.505052034700274155e-01
3.350000000000001421e+00,2.759849696922099249e-01,2.418176358704298215e-03,-3.084942129111878373e-01,3.848511338790622238e-01,2.455657026396269697e-03,-2.286300213014082483e-01,4.370896087656124251e-01,-2.275718146114714957e-02,-2.593295110590473906e-01
3.360000000000001208e+00,2.697993930633395543e-01,2.122584889631233974e-03,-3.109208843653910592e-01,3.776923813880241343e-01,2.506239690442323056e-03,-2.365718272172502856e-01,4.268975514320451081e-01,-2.529277201848863232e-02,-2.746081234241992131e-01
3.370000000000000995e+00,2.644228090573763068e-01,1.800634202560887293e-03,-3.128354910304115832e-01,3.707007935564649026e-01,2.515412623674568443e-03,-2.437956660427998690e-01,4.198493815315651467e-01,-2.669920415772769617e-02,-2.842663813504984760e-01
3.380000000000000782e+00,2.598310427672380629e-01,1.456247506757840041e-03,-3.143053925583109698e-01,3.639174969069454146e-01,2.485968291129759047e-03,-2.503452844416295675e-01,4.135512648850541151e-01,-2.768696618308744140e-02,-2.924293827181205785e-01
3.390000000000000568e+00,2.559917762042341338e-01,1.092952337300723926e-03,-3.153898162624346191e-01,3.573878065418162886e-01,2.419754632418049875e-03,-2.562537586611737805e-01,3.988223290854754355e-01,-2.974467854710576009e-02,-3.097631781861552303e-01
3.400000000000000355e+00,2.528663677567069001e-01,7.139041216784774210e-04,-3.161402928414641655e-01,3.511558126268851110e-01,2.318365896709122069e-03,-2.615509617850491075e-01,3.911272125845708381e-01,-3.015549680332620108e-02,-3.176154587740057655e-01
3.410000000000000142e+00,2.504114616729380960e-01,3.219187521085889805e-04,-3.166012799126560195e-01,3.452342873511742294e-01,2.185579487317208282e-03,-2.662904824661422865e-01,3.834808522325010571e-01,-3.049414900256706973e-02,-3.247563872539225849e-01
3.419999999999999929e+00,2.485803888102722237e-01,-8.048949267641116422e-05,-3.168109008021606221e-01,3.396573876239939449e-01,2.022600962014725091e-03,-2.704999714143841438e-01,3.753109746319224227e-01,-3.024356206728458230e-02,-3.321145263297101691e-01
3.430000000000001492e+00,2.473243703130300342e-01,-4.910687924214597166e-04,-3.168017380664160942e-01,3.344380435696341913e-01,1.832117546099524402e-03,-2.742206058396700619e-01,3.680246079390182556e-01,-3.035749023295060411e-02,-3.387949172890906135e-01
3.440000000000001279e+00,2.465935385145660297e-01,-9.077912245847718099e-04,-3.166016334534005883e-01,3.295795469671048972e-01,1.617061387916353702e-03,-2.774952966100480145e-01,3.635879273470015161e-01,-3.007950565421271816e-02,-3.422059715331144392e-01
3.450000000000001066e+00,2.463377938854031945e-01,-1.328817179936132983e-03,-3.162344574968083966e-01,3.250864650383921695e-01,1.379608296589782080e-03,-2.803600924874815048e-01,3.588067460433785882e-01,-2.961149220334653720e-02,-3.458661825577789006e-01
3.460000000000000853e+00,2.465075164194840407e-01,-1.752463897284541050e-03,-3.157208223551170589e-01,3.209569669634314004e-01,1.122130880602928947e-03,-2.828507792408749832e-01,3.548993831458900905e-01,-2.946608882014412067e-02,-3.491418257945168580e-01
3.470000000000000639e+00,2.470541491172878468e-01,-2.177178573685725760e-03,-3.150787205491227816e-01,3.171852647458773822e-01,8.469603245383766502e-04,-2.850011748361208075e-01,3.528543650790161301e-01,-2.929351331743544617e-02,-3.506571040894269631e-01
3.480000000000000426e+00,2.479306703449852545e-01,-2.601516470595262309e-03,-3.143240798313540196e-01,3.137617305559862735e-01,5.563604294671576841e-04,-2.868434508464769439e-01,3.513578636830632096e-01,-2.918605672362853398e-02,-3.517756931619331340e-01
3.490000000000000213e+00,2.491083277542887886e-01,-3.021063000399012901e-03,-3.134750160494015336e-01,3.106812219416188459e-01,2.533829749648455320e-04,-2.884058242437679831e-01,3.508763541252262197e-01,-2.882487340354820959e-02,-3.519378461816884407e-01
3.500000000000000000e+00,2.507741898679294867e-01,-3.393433645760885256e-03,-3.125851594982517190e-01,3.080135086249379817e-01,-4.574176981144892871e-05,-2.897032214292117325e-01,3.510463320882569738e-01,-2.870713530626703425e-02,-3.516403538235870485e-01
3.510000000000001563e+00,2.537656398976200212e-01,-3.575720356662966636e-03,-3.117313808261614194e-01,3.060666778630766749e-01,-2.898312783453202597e-04,-2.906965963161091682e-01,3.517929601911794490e-01,-2.896705110598639388e-02,-3.507621150525287446e-01
3.520000000000001350e+00,2.585863107252058257e-01,-3.536366668328857522e-03,-3.107027562703885692e-01,3.050580357696749401e-01,-4.623679028477858857e-04,-2.913125295808236537e-01,3.532418778788500857e-01,-2.921722568276988174e-02,-3.492077147703415152e-01
3.530000000000001137e+00,2.653219380805216798e-01,-3.319016494308458035e-03,-3.091669195118116331e-01,3.050715507288849770e-01,-5.701677369688963951e-04,-2.914842820120715494e-01,3.551439595981273900e-01,-2.961193536722336872e-02,-3.473385270901455657e-01
3.540000000000000924e+00,2.739480592880995657e-01,-2.965950804481694986e-03,-3.068015311048856719e-01,3.061592132536040123e-01,-6.200931735651016904e-04,-2.911466592916470142e-01,3.578365150062928768e-01,-2.989729615476711955e-02,-3.452815886362558540e-01
3.550000000000000711e+00,2.843550324105529326e-01,-2.516835148768289607e-03,-3.033058829319036920e-01,3.083444511395558307e-01,-6.191572590593559522e-04,-2.902348607597975416e-01,3.611204637149679764e-01,-3.021142341323743152e-02,-3.430883500494394389e-01
3.560000000000000497e+00,2.963577569603214057e-01,-2.008736629240707831e-03,-2.984087546298853644e-01,3.116228575568916748e-01,-5.746056270118655562e-04,-2.886844895511663234e-01,3.655950537033152425e-01,-3.072632095481281356e-02,-3.401294309575007557e-01
3.570000000000000284e+00,3.097058635572942920e-01,-1.475702816000751304e-03,-2.918773234953597751e-01,3.159662231184907077e-01,-4.940026972881299099e-04,-2.864293458509362122e-01,3.725829693202591386e-01,-3.140805759076838177e-02,-3.354135551213600075e-01
3.580000000000000071e+00,3.240954306621539049e-01,-9.482439428208854718e-04,-2.835263617217823051e-01,3.213211780224967118e-01,-3.850498254341064210e-04,-2.834046193580159190e-01,3.778693825804370077e-01,-3.201734625782128030e-02,-3.312551216554169842e-01
3.589999999999999858e+00,3.391823800214687212e-01,-4.528535512721249771e-04,-2.732266502459477220e-01,3.276114961573277085e-01,-2.555847678783467348e-04,-2.795482803662687754e-01,3.836233367918586712e-01,-3.260411219063098776e-02,-3.263476318031547363e-01
3.600000000000001421e+00,3.545972860956374539e-01,-1.163984957861137481e-05,-2.609115743394433418e-01,3.347376775148471206e-01,-1.136475331168817268e-04,-2.748058647397281784e-01,3.916713006313996548e-01,-3.290845495269287269e-02,-3.185919668711577057e-01
3.610000000000001208e+00,3.699610569820152572e-01,3.578940708655158065e-04,-2.465810727148703696e-01,3.425908683496657336e-01,3.301627633050174468e-05,-2.691226253377274058e-01,3.999002558315010170e-01,-3.265400278896862796e-02,-3.092770448687576779e-01
3.620000000000000995e+00,3.849007612812605506e-01,6.429083815368205612e-04,-2.303024127817792088e-01,3.510398871887249195e-01,1.766841746199004394e-04,-2.624606020639504989e-01,4.076880296295248840e-01,-3.233730324425021507e-02,-2.997763595326883301e-01
3.630000000000000782e+00,3.990647939505542752e-01,8.351252459828042594e-04,-2.122075935257386192e-01,3.599479811838207088e-01,3.103792797889495542e-04,-2.547882745038125840e-01,4.150362429306758694e-01,-3.206817358912406046e-02,-2.906785386875760380e-01
3.640000000000000568e+00,4.121365783474394417e-01,9.305807815495942183e-04,-1.924874970538010266e-01,3.691655217493199914e-01,4.276681394783349950e-04,-2.460934850978507837e-01,4.267050565610363000e-01,-3.172844533919705334e-02,-2.760125440847976397e-01
3.650000000000000355e+00,4.238460879636453127e-01,9.292496191950706981e-04,-1.713831875548152417e-01,3.785371614193485668e-01,5.224479784151280989e-04,-2.363828014156073853e-01,4.352271544677737136e-01,-3.125550537341216517e-02,-2.642312026668403036e-01
3.660000000000001918e+00,4.339786219272357415e-01,8.345659732474192908e-04,-1.491749760949534209e-01,3.879108153995691199e-01,5.901906038014864426e-04,-2.256760866410106592e-01,4.457861261373199380e-01,-2.998655874615692440e-02,-2.475404344439304238e-01
3.669999999999999929e+00,4.423804676073438413e-01,6.528688876623729926e-04,-1.261700137504139230e-01,3.971344059307281293e-01,6.266807377405938856e-04,-2.140160563864675347e-01,4.562612194427250190e-01,-2.777121348039754412e-02,-2.274522401690231566e-01
3.680000000000001492e+00,4.489613057167348709e-01,3.928009260995757226e-04,-1.026892461620456526e-01,4.060653109150998419e-01,6.291607464553746441e-04,-2.014606667564127485e-01,4.636237859392969840e-01,-2.543618968943141267e-02,-2.099120516350582721e-01
3.689999999999999503e+00,4.536934390304231957e-01,6.468980864367897179e-05,-7.905455376179262861e-02,4.145691102740574063e-01,5.954517022775046922e-04,-1.880887643709155954e-01,4.680571958339627692e-01,-2.329495568160319663e-02,-1.971099924933789604e-01
3.700000000000001066e+00,4.566081311577259161e-01,-3.200573786055095757e-04,-5.557682619802823548e-02,4.225272480147989063e-01,5.248807647880485670e-04,-1.739919180935435572e-01,4.730774045526526805e-01,-2.097734776120911693e-02,-1.807020606501753834e-01
3.709999999999999076e+00,4.577895097208574682e-01,-7.495231091032119111e-04,-3.254559016452945180e-02,4.298360334745360833e-01,4.173205112647721590e-04,-1.592776746553535294e-01,4.781632825723842739e-01,-1.818568851946955611e-02,-1.611489690156611421e-01
3.720000000000000639e+00,4.573666068682964436e-01,-1.211788407750854883e-03,-1.022064065297831163e-02,4.364111561933923245e-01,2.739336949762077346e-04,-1.440627084021402216e-01,4.810474610246848748e-01,-1.641643197258546572e-02,-1.474887759581295366e-01
3.730000000000002203e+00,4.555041721938554722e-01,-1.695366681957407445e-03,1.117405939319347785e-02,4.421875205899922778e-01,9.649056018035947558e-05,-1.284723348707466073e-01,4.840638539744395175e-01,-1.406575477538347940e-02,-1.307537222501338470e-01
3.740000000000000213e+00,4.523929000275300760e-01,-2.189551835412152300e-03,3.145413219550800832e-02,4.471206024843898397e-01,-1.123673151761256936e-04,-1.126359933349523751e-01,4.862796214735335409e-01,-1.143710817491441767e-02,-1.146367089227667557e-01
3.750000000000001776e+00,4.482396701727947019e-01,-2.684676136319581047e-03,5.047628074165991241e-02,4.511861342417079479e-01,-3.493909265286339674e-04,-9.668444945106627331e-02,4.875210943280759990e-01,-9.411823589767831510e-03,-1.021586436989353197e-01
3.759999999999999787e+00,4.432583189153013192e-01,-3.172279604019214490e-03,6.813775547286032852e-02,4.543794132818168019e-01,-6.109419198958667731e-04,-8.074680427847215347e-02,4.885104427567810159e-01,-6.272849782576569999e-03,-8.586711699527593833e-02
3.770000000000001350e+00,4.376613482568073032e-01,-3.645197421948100786e-03,8.437412210186105710e-02,4.567141682013341475e-01,-8.929418129020390456e-04,-6.494720226750838599e-02,4.886134761383512659e-01,-3.125738339582767589e-03,-6.796238462567372185e-02
3.779999999999999361e+00,4.316528592746824433e-01,-4.097574568612710397e-03,9.915572137901221272e-02,4.582206617278605232e-01,-1.191253462666829518e-03,-4.940276255031804398e-02,4.880943424741477354e-01,-1.453485776968327370e-03,-5.260307462705848813e-02
3.790000000000000924e+00,4.254228730045959139e-01,-4.524821476885380195e-03,1.124832324938763728e-01,4.589437490376661599e-01,-1.501577163850404415e-03,-3.422072006079870943e-02,4.869383417403532199e-01,-7.800230097912419502e-05,-3.902740367250012721e-02
3.799999999999998934e+00,4.191430896724246957e-01,-4.923524083045156124e-03,1.243827386763350640e-01,4.589403404849005663e-01,-1.819778430394027252e-03,-1.949712458132751500e-02,4.851973074258446594e-01,1.667313285559662850e-03,-2.388127921042287882e-02
3.810000000000000497e+00,4.129640421699758424e-01,-5.291322416235150726e-03,1.349006527685266688e-01,4.582768847843056714e-01,-2.141814970608766668e-03,-5.315358023345916408e-03,4.829001472181110310e-01,3.000022591302914376e-03,-8.972967968296607921e-03
3.820000000000002061e+00,4.070135267801631707e-01,-5.626770939796089596e-03,1.440988011085090337e-01,4.570265568304366921e-01,-2.463691350169237414e-03,8.252198936752955238e-03,4.804309836245267418e-01,4.507135053764432797e-03,4.083563241960852519e-03
3.830000000000000071e+00,4.013961447342321298e-01,-5.929192511507661544e-03,1.520498944400465458e-01,4.552673255923193607e-01,-2.782169255488593958e-03,2.115054987433255540e-02,4.778676989679497833e-01,6.057221701336421016e-03,1.626381450291980446e-02
3.840000000000001634e+00,3.961937610555918976e-01,-6.198535134674886503e-03,1.588335426522339000e-01,4.530787928119144325e-01,-3.093727813020273609e-03,3.333404608713458339e-02,4.748812264310110498e-01,7.367114677060637717e-03,2.860154742322784660e-02
3.849999999999999645e+00,3.914666793619212548e-01,-6.435238618023753077e-03,1.645329021268966407e-01,4.505405590161896123e-01,-3.395548932542050494e-03,4.477119897130607540e-02,4.711145504792679795e-01,8.650363534116162212e-03,4.171994789675770310e-02
3.860000000000001208e+00,3.872553387333194097e-01,-6.640116478192518296e-03,1.692319850122073754e-01,4.477301539910510941e-01,-3.685691912122860368e-03,5.544370935083031693e-02,4.672560679306616560e-01,9.656222118490404016e-03,5.325101674958310216e-02
3.869999999999999218e+00,3.835823568536287365e-01,-6.814255117603495483e-03,1.730136117673572727e-01,4.447212425364724386e-01,-3.961705531268646524e-03,6.534256894924726777e-02,4.630054351265583401e-01,1.039919941271673365e-02,6.427735556063796096e-02
3.880000000000000782e+00,3.804547682007978771e-01,-6.958931728673512819e-03,1.759579526083727141e-01,4.415827432105412509e-01,-4.222489457454760980e-03,7.446904085134276041e-02,4.577091871408155432e-01,1.109374235274669662e-02,7.687548396706939124e-02
3.890000000000002345e+00,3.778663332607370418e-01,-7.075549855649736382e-03,1.781415802155816019e-01,4.383773646411464608e-01,-4.466864579220714004e-03,8.283338519831524860e-02,4.524817100126006242e-01,1.206860570519477371e-02,8.873102298728674509e-02
3.900000000000000355e+00,3.757998218140192193e-01,-7.165591536154590144e-03,1.796369436493641114e-01,4.351610334403182012e-01,-4.693846639648452911e-03,9.045324119158378029e-02,4.467601117091798413e-01,1.321856897332249203e-02,1.003728756280898304e-01
3.910000000000001918e+00,3.742291982180180887e-01,-7.230583296913275712e-03,1.805121703822248902e-01,4.319833488832603430e-01,-4.903198723603392588e-03,9.735027642365903788e-02,4.412695761090796864e-01,1.369926621354261576e-02,1.098056988373204423e-01
3.919999999999999929e+00,3.731216582158477513e-01,-7.272073522736071001e-03,1.808311073151651627e-01,4.288855988496296234e-01,-5.094513976827925138e-03,1.035543050615639893e-01,4.363193128278831656e-01,1.409477659311068887e-02,1.173825175791404218e-01
3.930000000000001492e+00,3.724394846443779827e-01,-7.291618693472375588e-03,1.806535206534854165e-01,4.259027872406579984e-01,-5.267740888763164549e-03,1.090962632922961861e-01,4.295584482897087941e-01,1.564370757974697934e-02,1.297904911909114611e-01
3.939999999999999503e+00,3.721417035400569340e-01,-7.290775615740493522e-03,1.800353866216609922e-01,4.230630594022603552e-01,-5.422998202895157327e-03,1.140099604318010884e-01,4.228267877760237825e-01,1.598541142615358956e-02,1.377235422897990502e-01
3.950000000000001066e+00,3.721855329594519479e-01,-7.271097783547366550e-03,1.790292184269634823e-01,4.203867557660770915e-01,-5.560505032344753920e-03,1.183343681696661098e-01,4.187680988603689203e-01,1.706094086210499516e-02,1.431434759304172077e-01
3.959999999999999076e+00,3.725276248247040844e-01,-7.234133738221502387e-03,1.776843884972499343e-01,4.178910022696695203e-01,-5.680677210062452104e-03,1.221027525292010529e-01,4.135758142242805802e-01,1.830363279839598845e-02,1.511109837112848964e-01
3.970000000000000639e+00,3.731251058920651009e-01,-7.181426092798547794e-03,1.760474176960498682e-01,4.155843927302709795e-01,-5.783977099797517514e-03,1.253563805407996445e-01,4.117282844772461869e-01,1.809051864564473200e-02,1.529897029591489321e-01
3.980000000000002203e+00,3.739364280233863913e-01,-7.114510158429140571e-03,1.741622144201250277e-01,4.134710216225446766e-01,-5.870984638348244154e-03,1.281354539430904216e-01,4.127637751663121302e-01,1.841816551687093517e-02,1.506927389337727741e-01
3.990000000000000213e+00,3.749460221838020191e-01,-7.036502819079496970e-03,1.720637251062969164e-01,4.115614424168037577e-01,-5.943058407842725932e-03,1.304696460189279650e-01,4.146406444032880723e-01,1.799027229960269147e-02,1.481398781709914458e-01
4.000000000000001776e+00,3.763956110038196856e-01,-6.966320999309241063e-03,1.697042886390846828e-01,4.099438441672228484e-01,-6.006958652048369034e-03,1.323408826254945103e-01,4.162423469809659604e-01,1.719780254235503403e-02,1.438579339928902079e-01
4.009999999999999787e+00,3.791179707479912508e-01,-6.955861805602196746e-03,1.667708554839752166e-01,4.089083757811780018e-01,-6.081223607686028418e-03,1.335918713290186743e-01,4.188799128743221356e-01,1.719310594155645799e-02,1.409891064418480333e-01
4.020000000000001350e+00,3.834752839369776622e-01,-7.018536394622676249e-03,1.628369427432368732e-01,4.086258835480908180e-01,-6.172616627218545024e-03,1.340643695216644227e-01,4.221106627697353009e-01,1.688730419429235186e-02,1.378390838369809024e-01
4.029999999999999361e+00,3.893191436178276565e-01,-7.122680548307902711e-03,1.575478126950475288e-01,4.091183038771698532e-01,-6.272886155282203849e-03,1.336552877918887883e-01,4.270524219375261277e-01,1.716305731042500060e-02,1.350745768374855271e-01
4.040000000000000924e+00,3.964043446678979787e-01,-7.227880239886966089e-03,1.506213969113224249e-01,4.103761669621201480e-01,-6.370609000295440055e-03,1.322816158636196948e-01,4.315642195541722348e-01,1.689477956285068139e-02,1.302493023800316840e-01
4.049999999999998934e+00,4.044315691085321740e-01,-7.297292597416410974e-03,1.418475490705208841e-01,4.123664233176518312e-01,-6.454761076191715963e-03,1.298743352532216178e-01,4.358992645985533265e-01,1.533202242055067832e-02,1.221007319309403427e-01
4.060000000000000497e+00,4.130610489451386202e-01,-7.301119769121853890e-03,1.310892525710419254e-01,4.150326368689508105e-01,-6.515623747938252899e-03,1.263793724117163730e-01,4.399723694711309419e-01,1.496785388796091631e-02,1.146309849204562026e-01
4.070000000000002061e+00,4.219268061199963338e-01,-7.217490710824100118e-03,1.182839206135995747e-01,4.182956949742357988e-01,-6.545228463818308570e-03,1.217600625396988989e-01,4.445479089997752542e-01,1.535018348876347749e-02,1.068751850562841277e-01
4.080000000000000071e+00,4.306523275211212587e-01,-7.032486245654277421e-03,1.034435455984499957e-01,4.220600579361201699e-01,-6.536292625144729355e-03,1.159856650315464477e-01,4.482800985439467922e-01,1.467501080165969918e-02,9.827222163158233492e-02
4.090000000000001634e+00,4.388669345216241746e-01,-6.739755291928418122e-03,8.665273994217141673e-02,4.262133591388935216e-01,-6.483026175562971519e-03,1.090407763765427751e-01,4.520767814884800728e-01,1.345767416424205332e-02,8.852530435618766180e-02
4.099999999999999645e+00,4.462218197335238723e-01,-6.339843752541995253e-03,6.806408539201783126e-02,4.306291150450943794e-01,-6.381393043835109982e-03,1.009291405205727660e-01,4.561887813918660273e-01,1.140375520749954685e-02,7.800336075149155723e-02
4.110000000000001208e+00,4.524046998121833973e-01,-5.839295321764826144e-03,4.789062912295195124e-02,4.351715859984136570e-01,-6.228936270804109193e-03,9.167231603177553034e-02,4.616154639311755847e-01,9.423180841090117443e-03,6.514644956624554561e-02
4.119999999999999218e+00,4.571521632590331841e-01,-5.249586473522112676e-03,2.639575824380389207e-02,4.397009283286186232e-01,-6.024411787906420145e-03,8.130610276236133194e-02,4.671202402115171015e-01,8.163098402986582180e-03,5.293041808042975305e-02
4.130000000000000782e+00,4.602590173045203459e-01,-4.585965343724280815e-03,3.880998432341803937e-03,4.440765227556169314e-01,-5.768042437003211530e-03,6.988414733606011786e-02,4.722116657752621904e-01,6.545674601337550524e-03,4.009023322119237287e-02
4.140000000000002345e+00,4.615842116564607411e-01,-3.866265138529538341e-03,-1.932750889596998242e-02,4.481611968904070653e-01,-5.461750680658504845e-03,5.748063079871207348e-02,4.764335940611201803e-01,4.947577066627323328e-03,2.638575767824713481e-02
4.150000000000000355e+00,4.610532016054560978e-01,-3.109755519447160704e-03,-4.289299771357140550e-02,4.518263071087336158e-01,-5.108546795076905622e-03,4.418270682559005680e-02,4.787555144394910478e-01,3.291013347366894548e-03,1.563930364635973680e-02
4.160000000000001918e+00,4.586568793114520481e-01,-2.336085094239804226e-03,-6.648168573695269201e-02,4.549544971318730813e-01,-4.712797949479816291e-03,3.009548072624099527e-02,4.807512214213475188e-01,1.297272829957271667e-03,3.213039893676716829e-03
4.169999999999999929e+00,4.544474285287734006e-01,-1.564354945494065424e-03,-8.977523319411530311e-02,4.574438335373578468e-01,-4.279846158750682215e-03,1.533365499616748048e-02,4.824081754999938187e-01,-8.193875673835060436e-04,-1.184255213862456246e-02
4.180000000000001492e+00,4.485316305292825767e-01,-8.123505554900221307e-04,-1.124814296739844871e-01,4.592096010474900902e-01,-3.815972234636044909e-03,2.466953219534438399e-05,4.838979346392695557e-01,-2.943783808808636548e-03,-3.102716726162441097e-02
4.189999999999999503e+00,4.410622603367158612e-01,-9.594759697159377550e-05,-1.343426682989944665e-01,4.601866016723021868e-01,-3.328095981772844977e-03,-1.569842059460888756e-02,4.850180909421368813e-01,-6.099982027420958186e-03,-5.410566729109606010e-02
4.200000000000001066e+00,4.322282622514142525e-01,5.713052453176715919e-04,-1.551419610941020266e-01,4.603300383905106208e-01,-2.823606065983622418e-03,-3.169845161561345159e-02,4.854061472240246422e-01,-8.196133783608922085e-03,-7.059498291169707951e-02
4.209999999999999076e+00,4.222443856558906750e-01,1.178431546670915967e-03,-1.747064414684671163e-01,4.596160050737470582e-01,-2.310155646116696538e-03,-4.783630638786604689e-02,4.852065038874483482e-01,-1.049871075974896650e-02,-8.704349930874288876e-02
4.220000000000000639e+00,4.113409058950970310e-01,1.717115422622990384e-03,-1.929084688025133332e-01,4.580410209745101602e-01,-1.795393836855428650e-03,-6.397629174887922709e-02,4.835247814154015611e-01,-1.410678661108395737e-02,-1.110250340474379649e-01
4.230000000000002203e+00,3.997539626029117943e-01,2.181653348172349870e-03,-2.096645870364479691e-01,4.556209954377910543e-01,-1.286707330500478546e-03,-7.998798139644763827e-02,4.809495771154382870e-01,-1.605530919868078388e-02,-1.300248277616335157e-01
4.240000000000000213e+00,3.877169289139252850e-01,2.568794347305420646e-03,-2.249326920935371399e-01,4.523897982541127405e-01,-7.912338588699857839e-04,-9.574842300342920054e-02,4.785122711864384648e-01,-1.684292862539343849e-02,-1.432584357925984764e-01
4.250000000000001776e+00,3.754530993325506660e-01,2.877495909815352276e-03,-2.387078175955348602e-01,4.483970457340100690e-01,-3.155158480093918100e-04,-1.111452517082165553e-01,4.753321005217103767e-01,-1.764924102918093152e-02,-1.576430406407150764e-01
4.259999999999999787e+00,3.631698551646159734e-01,3.108622914945725207e-03,-2.510169723883594606e-01,4.437055068313281447e-01,1.346102585227558425e-04,-1.260789270077237456e-01,4.708027857226292356e-01,-1.897246445038361373e-02,-1.746329203497836158e-01
4.270000000000001350e+00,3.510543512027141100e-01,3.264615509711730514e-03,-2.619134482961303911e-01,4.383889966140748773e-01,5.538593222894216831e-04,-1.404622839589915184e-01,4.646179688684953790e-01,-2.104237049739458854e-02,-1.947421394649595516e-01
4.279999999999999361e+00,3.392706698203918902e-01,3.349148762702553600e-03,-2.714709764890810284e-01,4.325286731073444413e-01,9.381397963586506246e-04,-1.542241175185022628e-01,4.594249471254192585e-01,-2.273594650533042327e-02,-2.100470631104011110e-01
4.290000000000000924e+00,3.279583122214385638e-01,3.366803325179183303e-03,-2.797780528187870930e-01,4.262115184016653235e-01,1.283670524426872798e-03,-1.673061936413610118e-01,4.543535686874845547e-01,-2.416896856546302264e-02,-2.240425546717057792e-01
4.299999999999998934e+00,3.172318458920873607e-01,3.322761751858650456e-03,-2.869326823877893506e-01,4.195265933431478467e-01,1.588165813228708438e-03,-1.796659471936643271e-01,4.482344599882702729e-01,-2.548558042106660593e-02,-2.393015204538906926e-01
4.310000000000000497e+00,3.071814985883955518e-01,3.222540681849872003e-03,-2.930377214513348316e-01,4.125635939789379369e-01,1.849443622254973336e-03,-1.912737164892180652e-01,4.416605657226342352e-01,-2.662909370019073130e-02,-2.536864572401792417e-01
4.320000000000002061e+00,2.978744800726078612e-01,3.071765222089314559e-03,-2.981969255450860334e-01,4.054102395330052566e-01,2.066793611237949073e-03,-2.021130064095627565e-01,4.354006913197040474e-01,-2.749212618088457682e-02,-2.656243945755532576e-01
4.330000000000000071e+00,2.893568228697356304e-01,2.875987434126665594e-03,-3.025117500659024183e-01,3.981505338882569967e-01,2.239569626934886665e-03,-2.121790394384045486e-01,4.292554574897288200e-01,-2.844299924765220089e-02,-2.761612987698843780e-01
4.339999999999998082e+00,2.816555509844445027e-01,2.640548714442992120e-03,-3.060788989927024639e-01,3.908636215599417540e-01,2.368231578598448822e-03,-2.214770324179542171e-01,4.217186837947531908e-01,-2.973631349151555081e-02,-2.878815345889047528e-01
4.349999999999999645e+00,2.747810153541869194e-01,2.370482660410989928e-03,-3.089885769639202917e-01,3.836220310319166105e-01,2.453472341917865493e-03,-2.300215795771021754e-01,4.141001003623930865e-01,-3.141815509436454712e-02,-2.991424931291792322e-01
4.360000000000001208e+00,2.687292647581803751e-01,2.070453867459257080e-03,-3.113233725724718903e-01,3.764920903191308899e-01,2.496706279259481003e-03,-2.378336604457322589e-01,4.056198301819756713e-01,-3.271049000618131419e-02,-3.108783746114519575e-01
4.369999999999999218e+00,2.634843521847292647e-01,1.744727272971203754e-03,-3.131576837370202426e-01,3.695317620014108573e-01,2.499544616183067489e-03,-2.449412389827277658e-01,3.971659287983637654e-01,-3.395624373698145904e-02,-3.212536572025724846e-01
4.380000000000000782e+00,2.590205067631624058e-01,1.397161862307578703e-03,-3.145575883241393256e-01,3.627902094501872510e-01,2.463693858779357829e-03,-2.513777472268401980e-01,3.918353813161423727e-01,-3.466437386884362037e-02,-3.269213827012998896e-01
4.389999999999998792e+00,2.553041260610684482e-01,1.031223005994116827e-03,-3.155810632677913952e-01,3.563103953603510843e-01,2.391375731223750224e-03,-2.571781386605389574e-01,3.861389060391742234e-01,-3.491117063918974806e-02,-3.329179679379225543e-01
4.400000000000000355e+00,2.522955645817513415e-01,6.500080880489683861e-04,-3.162784608357960270e-01,3.501276563702906408e-01,2.285058886011250012e-03,-2.623796541795471726e-01,3.796743899120037513e-01,-3.524201864498834047e-02,-3.392569292700454153e-01
4.409999999999998366e+00,2.499507109378842629e-01,2.562804498888395129e-04,-3.166931598627419353e-01,3.442666623285912664e-01,2.146934382969849925e-03,-2.670236382870894709e-01,3.719944609529198809e-01,-3.570137444721131759e-02,-3.454296859414143772e-01
4.419999999999999929e+00,2.482223571513370863e-01,-1.474921526501496178e-04,-3.168623211604039702e-01,3.387473174386227970e-01,1.979431014621329567e-03,-2.711495824908766727e-01,3.645906240448286706e-01,-3.615459403371336367e-02,-3.509831866935481104e-01
4.429999999999997939e+00,2.470613721450565514e-01,-5.590980934400146835e-04,-3.168176885057877867e-01,3.335862897238824343e-01,1.785171126107420840e-03,-2.747940924314328237e-01,3.585436195524422942e-01,-3.644576988345063495e-02,-3.549550439101425980e-01
4.439999999999999503e+00,2.464176952681496058e-01,-9.765436497466862143e-04,-3.165863887788200604e-01,3.287874448593894328e-01,1.566585597878536722e-03,-2.779986022950151070e-01,3.509901693298681513e-01,-3.635448829052884134e-02,-3.589443885929026745e-01
4.450000000000001066e+00,2.462411684092508102e-01,-1.398017926092572950e-03,-3.161916962331228764e-01,3.243516934052959044e-01,1.326110578716596048e-03,-2.808010566944287301e-01,3.463209647333433949e-01,-3.641280250749877323e-02,-3.616056983713770157e-01
4.459999999999999076e+00,2.464822251219024596e-01,-1.821861914523513265e-03,-3.156537360886308430e-01,3.202825592764449447e-01,1.065889889104363469e-03,-2.832323235602491884e-01,3.426470560388095166e-01,-3.594508680781163812e-02,-3.629654481613214245e-01
4.470000000000000639e+00,2.470924548513444285e-01,-2.246542468231664622e-03,-3.149901114807370783e-01,3.165691200073045275e-01,7.884013439058636281e-04,-2.853293854887413161e-01,3.394264356886380618e-01,-3.544517943825099826e-02,-3.642406188616463814e-01
4.479999999999998650e+00,2.480250582798322889e-01,-2.670631165230542489e-03,-3.142164451453204332e-01,3.131990065996890227e-01,4.959807538978238664e-04,-2.871254940985730753e-01,3.377916495112760487e-01,-3.497427401218251852e-02,-3.643660887899628498e-01
4.490000000000000213e+00,2.492560619082626883e-01,-3.088886736976177022e-03,-3.133516622086824910e-01,3.101698480986981865e-01,1.918683197249324967e-04,-2.886469994467567024e-01,3.367665233717227480e-01,-3.398097202137985440e-02,-3.631826978056351130e-01
4.499999999999998224e+00,2.509984973296573441e-01,-3.454662275935726362e-03,-3.124516793181685848e-01,3.075612236050280779e-01,-1.064820426156672627e-04,-2.899059604537337353e-01,3.362991239956587552e-01,-3.343449609191745386e-02,-3.626001546749791915e-01
4.509999999999999787e+00,2.540797675413859480e-01,-3.628798526755194938e-03,-3.115832777157522826e-01,3.056777205662929431e-01,-3.490040608935295659e-04,-2.908631810406029916e-01,3.366178891701340214e-01,-3.268668174993778763e-02,-3.614362762218978897e-01
4.519999999999997797e+00,2.589886433695038348e-01,-3.582528086026000314e-03,-3.105301033207012451e-01,3.047330826221260058e-01,-5.198054285166816939e-04,-2.914453452238811026e-01,3.378370324464226027e-01,-3.181806822578329974e-02,-3.594456066000470962e-01
4.529999999999999361e+00,2.658071877467820809e-01,-3.359464421065626316e-03,-3.089593063769288661e-01,3.048101664803724020e-01,-6.257371838371359601e-04,-2.915852262425859265e-01,3.402617974847547133e-01,-3.067558979865249447e-02,-3.564171721810893700e-01
4.540000000000000924e+00,2.745081466410927429e-01,-3.001813711504912156e-03,-3.065487403278444045e-01,3.059602526544852874e-01,-6.737067518942756184e-04,-2.912169843857788654e-01,3.445196458737347367e-01,-2.914840271462557086e-02,-3.528807073394363836e-01
4.549999999999998934e+00,2.849794164389263251e-01,-2.549167045201738372e-03,-3.029983991583929392e-01,3.082054582252187203e-01,-6.707221045472774174e-04,-2.902757171212236309e-01,3.499129506566017733e-01,-2.751473442210461418e-02,-3.495228209116556517e-01
4.560000000000000497e+00,2.970337933500071803e-01,-2.038501091430800286e-03,-2.980382817295623710e-01,3.115409007263842955e-01,-6.240364267023352628e-04,-2.886963639421963324e-01,3.579926368775382395e-01,-2.511218983375805569e-02,-3.437854722771531146e-01
4.569999999999998508e+00,3.104192321232269181e-01,-1.503752608132550737e-03,-2.914372781217939856e-01,3.159378266883564601e-01,-5.412501809829053760e-04,-2.864122231333710578e-01,3.666339276134267244e-01,-2.353910140352405422e-02,-3.382156992050784350e-01
4.580000000000000071e+00,3.248306382170357831e-01,-9.753024099285292122e-04,-2.830123012486875922e-01,3.213423368437938188e-01,-4.301249260382296498e-04,-2.833581191790537912e-01,3.738887739439491487e-01,-2.262868094557669851e-02,-3.333894553851484699e-01
4.589999999999998082e+00,3.399233251871859873e-01,-4.795006992862537940e-04,-2.726365966101479965e-01,3.276776722198696534e-01,-2.985376498850346536e-04,-2.794718370842481647e-01,3.814181892782534389e-01,-2.134740653848134218e-02,-3.275123667653410120e-01
4.599999999999999645e+00,3.553278635565194632e-01,-3.830548283503387025e-05,-2.602462036446491211e-01,3.348449980619842559e-01,-1.544919760286713861e-04,-2.746978128111102757e-01,3.898849231281560357e-01,-1.993152159260787315e-02,-3.205694071738551809e-01
4.610000000000001208e+00,3.706657671965563616e-01,3.309302572206021358e-04,-2.458437551801802012e-01,3.427325343940383906e-01,-5.780241375990960787e-06,-2.689837095294324021e-01,3.986954703506472297e-01,-1.862820653247203306e-02,-3.128788089775683123e-01
4.619999999999999218e+00,3.855652919882145424e-01,6.155096982882165071e-04,-2.294990998957375516e-01,3.512098408498717794e-01,1.398603464366613737e-04,-2.622909572450223825e-01,4.078219034935237630e-01,-1.680904381370793010e-02,-3.041088306175531164e-01
4.630000000000000782e+00,3.996765390098621640e-01,8.072849577544736208e-04,-2.113465628603951041e-01,3.601413827602341633e-01,2.756429170244468173e-04,-2.545868346566169116e-01,4.193984136349427905e-01,-1.514165385566308697e-02,-2.919327574660434688e-01
4.639999999999998792e+00,4.126850638097561141e-01,9.024043140602308263e-04,-1.915789765898764652e-01,3.693745494675459429e-01,3.947888768729560568e-04,-2.458629292524840970e-01,4.320250523135135134e-01,-1.298149961205422032e-02,-2.770122113886789861e-01
4.650000000000000355e+00,4.243232831148420758e-01,9.009334409456185890e-04,-1.704388884975635843e-01,3.787582140624048410e-01,4.917246397366248096e-04,-2.361213841838030736e-01,4.452561519037525617e-01,-1.073609995795300753e-02,-2.593007754824161459e-01
4.659999999999998366e+00,4.343791210702919181e-01,8.063745672051345331e-04,-1.482075692744553030e-01,3.881374972516622446e-01,5.615641335695714925e-04,-2.253860796212562301e-01,4.577300903568023438e-01,-8.487270630880047739e-03,-2.390092632692560892e-01
4.669999999999999929e+00,4.427015384938373099e-01,6.251112114957152813e-04,-1.251925857509237905e-01,3.973614282907143025e-01,5.999920429873626228e-04,-2.136994081205369489e-01,4.663627036476567511e-01,-6.569131606714170846e-03,-2.208530519427687744e-01
4.679999999999997939e+00,4.492028098128001412e-01,3.658076057414114601e-04,-1.017147701929685261e-01,4.062873301380240387e-01,6.043847326099971006e-04,-2.011203182525605482e-01,4.727996876169343610e-01,-4.819040830187013014e-03,-2.031256545200421093e-01
4.689999999999999503e+00,4.538576372347227217e-01,3.879228623209396605e-05,-7.809540614631181599e-02,4.147823495544887829e-01,5.725433876955954727e-04,-1.877265948754851532e-01,4.776208249130849959e-01,-3.166625297739880662e-03,-1.860694267655541023e-01
4.700000000000001066e+00,4.566993952118942879e-01,-3.445451506312619417e-04,-5.464437341335624115e-02,4.227278820029558570e-01,5.037070555064314219e-04,-1.736109422383359246e-01,4.817140320407392595e-01,-1.586066545091219249e-03,-1.678129747111154202e-01
4.709999999999999076e+00,4.578139640819431921e-01,-7.723194856968918203e-04,-3.164986361980429153e-02,4.300210325018016810e-01,3.978545555359332304e-04,-1.588808792958693872e-01,4.850876627997361412e-01,-2.617373170621939416e-04,-1.482416844806541123e-01
4.720000000000000639e+00,4.573317278417680098e-01,-1.232655280507229893e-03,-9.370108655092582867e-03,4.365785969742849715e-01,2.561435250273424199e-04,-1.436518930545434003e-01,4.873398405754394425e-01,9.591710825445354249e-04,-1.295110915605358626e-01
4.729999999999998650e+00,4.554183709414685310e-01,-1.714116830320641140e-03,1.197262097710949727e-02,4.423350368974367508e-01,8.031598993743548423e-05,-1.280520012325078727e-01,4.887806204691086398e-01,1.740639852932768239e-03,-1.109363064929183018e-01
4.740000000000000213e+00,4.522651138257809400e-01,-2.206052756679915787e-03,3.219567585672047233e-02,4.472473196841101895e-01,-1.268002137417155624e-04,-1.122080331216322863e-01,4.894071933112165151e-01,2.996108460826013564e-03,-9.525805183603403004e-02
4.749999999999998224e+00,4.480789825320451447e-01,-2.698850521912012339e-03,5.115744074343606118e-02,4.512909016850700783e-01,-3.621756787912402921e-04,-9.625360339687935585e-02,4.894724077468621815e-01,4.107443523178877509e-03,-7.903015908780144927e-02
4.759999999999999787e+00,4.430736243937152818e-01,-3.184103231997522949e-03,6.875673349077521257e-02,4.544620498895988736e-01,-6.220304226636413697e-04,-8.031629027766631901e-02,4.889638871356258853e-01,5.314663243162320860e-03,-6.260176958375890388e-02
4.769999999999997797e+00,4.374610725765396557e-01,-3.654694308329664316e-03,8.493052216015992140e-02,4.567754995684089048e-01,-9.021214925222906158e-04,-6.451610174168873058e-02,4.878883233575732614e-01,6.745299126829459868e-03,-4.649074546760079141e-02
4.779999999999999361e+00,4.314447402443465363e-01,-4.104811095540701962e-03,9.965035141042372091e-02,4.582610332402576869e-01,-1.198571552359187307e-03,-4.897394136861683844e-02,4.863091940049014683e-01,7.531127485299868307e-03,-3.219882560195935772e-02
4.790000000000000924e+00,4.252138030940356139e-01,-4.529899334792778995e-03,1.129178892788962330e-01,4.589638614603182565e-01,-1.507304201106510243e-03,-3.379840709833188683e-02,4.842884360702586211e-01,8.122980199557705561e-03,-1.823563854436555109e-02
4.799999999999998934e+00,4.189390172631391462e-01,-4.926572700417256902e-03,1.247599908193532808e-01,4.589413476696574401e-01,-1.823800729973230721e-03,-1.907949214762309081e-02,4.822047487353041673e-01,8.641574202148560868e-03,-6.277790526656445991e-03
4.810000000000000497e+00,4.127699256400421124e-01,-5.292491500560979681e-03,1.352236337074268768e-01,4.582601696811436365e-01,-2.144717419334180204e-03,-4.912836870290499675e-03,4.793772262758054792e-01,9.233411871369751056e-03,7.560425742211662747e-03
4.819999999999998508e+00,4.068333337135613959e-01,-5.626223598010725649e-03,1.443710211414226396e-01,4.569934881691260498e-01,-2.465558932568628295e-03,8.647923306030327883e-03,4.768601253608982793e-01,1.012687539046534801e-02,1.874347838522943954e-02
4.830000000000000071e+00,4.012328876021307722e-01,-5.927098969197993131e-03,1.522750777230311159e-01,4.552203827227509492e-01,-2.783545169293047145e-03,2.152601248117615163e-02,4.741205605483047592e-01,1.183741311439617805e-02,2.956163300113151537e-02
4.839999999999998082e+00,3.960495605923713969e-01,-6.195067305237289719e-03,1.590154922396982418e-01,4.530188236685633307e-01,-3.095021063512353246e-03,3.369866871737259295e-02,4.709920148288277986e-01,1.297656366410736284e-02,4.148425026698943086e-02
4.849999999999999645e+00,3.913428473484047432e-01,-6.430565968701483677e-03,1.646753936638097882e-01,4.504702721832461454e-01,-3.397490482124984439e-03,4.511818088310935032e-02,4.673564194895272195e-01,1.371621649102579277e-02,5.335229646526246094e-02
4.860000000000001208e+00,3.871524727745866423e-01,-6.634402538267145447e-03,1.693386878379554150e-01,4.476512522943841277e-01,-3.688550121041567036e-03,5.577321495816426472e-02,4.635185660245346728e-01,1.431875755964832908e-02,6.520510641422294640e-02
4.869999999999999218e+00,3.835004409162456329e-01,-6.807655157049186286e-03,1.730880346813118698e-01,4.446352624365403350e-01,-3.966098772894753773e-03,6.565582025412192158e-02,4.592545255428848172e-01,1.507947411672637406e-02,7.660962057052483898e-02
4.880000000000000782e+00,3.803932738740245512e-01,-6.951591114004978221e-03,1.760034107533201830e-01,4.414920897769927799e-01,-4.228579692738438332e-03,7.476302211348111182e-02,4.545876688319303582e-01,1.569624738691380306e-02,8.812653571973594335e-02
4.889999999999998792e+00,3.778243179168343513e-01,-7.067603269929278141e-03,1.781611790584610999e-01,4.382808039396471900e-01,-4.474847859620537625e-03,8.311790298531292198e-02,4.506476164458990130e-01,1.625413860587436587e-02,9.677381277429591977e-02
4.900000000000000355e+00,3.757760209066606794e-01,-7.157162678679072042e-03,1.796335760416751803e-01,4.350634602261338468e-01,-4.703572308845498269e-03,9.071664655598225824e-02,4.458783449380583352e-01,1.670227838623852823e-02,1.058102366515012993e-01
4.909999999999998366e+00,3.742221098856040595e-01,-7.221784968803409213e-03,1.804885229039239758e-01,4.318832131100778238e-01,-4.914656822824992055e-03,9.760157389419578389e-02,4.389430676760415206e-01,1.663017174873276938e-02,1.173558196198469794e-01
4.919999999999999929e+00,3.731296191053357636e-01,-7.263008132691408693e-03,1.807896725383477954e-01,4.287847169201837727e-01,-5.107419220736918522e-03,1.037915166552491331e-01,4.343849845612994809e-01,1.661042816969054980e-02,1.245646240907760105e-01
4.929999999999997939e+00,3.724607364422616862e-01,-7.282378793114707531e-03,1.805966125440506553e-01,4.258058569330201437e-01,-5.281487492471148570e-03,1.093103804005637891e-01,4.298435440289407605e-01,1.670059945675969604e-02,1.322447377912196465e-01
4.939999999999999503e+00,3.721744501417467710e-01,-7.281444705022115972e-03,1.799651568514251954e-01,4.229669534257638475e-01,-5.437708988691689581e-03,1.142117486218638678e-01,4.231602598577834939e-01,1.697393829189931813e-02,1.431136017837115193e-01
4.950000000000001066e+00,3.722279885058799587e-01,-7.261751011763382252e-03,1.789476719972967200e-01,4.202963467415841703e-01,-5.575539149211185957e-03,1.185146564780597822e-01,4.192205157865939169e-01,1.672859723773305329e-02,1.478573991057997028e-01
4.959999999999999076e+00,3.725780530573143956e-01,-7.224838554466176017e-03,1.775933975860956304e-01,4.178060680570063745e-01,-5.695824473165626844e-03,1.222645164193881390e-01,4.161813495603405855e-01,1.634154700835895035e-02,1.513612487135649332e-01
4.970000000000000639e+00,3.731818514196150183e-01,-7.172242970795541725e-03,1.759487331040395508e-01,4.155048618304535424e-01,-5.799171785916153871e-03,1.255016268121755540e-01,4.115108440382321264e-01,1.504440096908384039e-02,1.558406607409451583e-01
4.979999999999998650e+00,3.739979401779377488e-01,-7.105493116602382316e-03,1.740574743985515982e-01,4.134022832592242347e-01,-5.885575061432325901e-03,1.282546280222009727e-01,4.130075528255530148e-01,1.378110090423505241e-02,1.527604713605687503e-01
4.990000000000000213e+00,3.750097430298853229e-01,-7.027624715609860108e-03,1.719547605008885927e-01,4.115022652195882147e-01,-5.956930762186572574e-03,1.305665021537701087e-01,4.152514267929952041e-01,1.229582887666151592e-02,1.486307730123930804e-01
4.999999999999998224e+00,3.764524000682992755e-01,-6.957149517090602253e-03,1.695950224586346422e-01,4.098914916612603765e-01,-6.019982087331609069e-03,1.324192055962611358e-01,4.177023787763010088e-01,1.051603574434921418e-02,1.423920525174873775e-01
5.009999999999999787e+00,3.791622806206036977e-01,-6.946233484746052768e-03,1.666658746026834226e-01,4.088607797383497222e-01,-6.093206678285218239e-03,1.336551231887525559e-01,4.226164852897066337e-01,1.097088359052414419e-02,1.401771307204479622e-01
5.019999999999997797e+00,3.835063963652419194e-01,-7.008703057945103385e-03,1.627399543256573822e-01,4.085826239380487279e-01,-6.183631666291206433e-03,1.341151729314533636e-01,4.266343936932692760e-01,9.109012597737053962e-03,1.348624438788753599e-01
5.029999999999999361e+00,3.893371936553657320e-01,-7.112986477919142590e-03,1.574619029160015948e-01,4.090787175453640678e-01,-6.283006514465361639e-03,1.336963003646599035e-01,4.321244435579234544e-01,7.357637667379193780e-03,1.287136711468762074e-01
5.040000000000000924e+00,3.964099972428017926e-01,-7.218652436577693149e-03,1.505491269024683831e-01,4.103399667013548635e-01,-6.379876730196471467e-03,1.323143037852124171e-01,4.365062247854183397e-01,4.995679774829023256e-03,1.198651215986849539e-01
5.049999999999998934e+00,4.044259871546803109e-01,-7.288810924409562519e-03,1.417909972554524389e-01,4.123325376075710480e-01,-6.463355737188864261e-03,1.299021296941612891e-01,4.406230767248393576e-01,3.754882779300430795e-03,1.120608505690019463e-01
5.059999999999996945e+00,4.130458530542561180e-01,-7.293608995234937033e-03,1.310500268978066762e-01,4.150005871047286465e-01,-6.523631262288000568e-03,1.264040858540285139e-01,4.443130409137387993e-01,2.964092041045057746e-03,1.040200149048416400e-01
5.070000000000002061e+00,4.219040099264940724e-01,-7.211119062742001040e-03,1.182631515787456455e-01,4.182666911421397682e-01,-6.552280901605775885e-03,1.217783513336523904e-01,4.475658638682562529e-01,2.243098506766419420e-03,9.511844236990818491e-02
5.080000000000000071e+00,4.306242497773984934e-01,-7.027366136153671838e-03,1.034418715323904281e-01,4.220338505508826610e-01,-6.542373621643979981e-03,1.159980448839650347e-01,4.501714014296692712e-01,1.663126073840850982e-03,8.780065904980360880e-02
5.089999999999998082e+00,4.388360931103629792e-01,-6.735945531691992644e-03,8.667029528372244274e-02,4.261875586679966799e-01,-6.488802358183973044e-03,1.090555026589071358e-01,4.523709541361886632e-01,1.050674404673559992e-03,8.194090853401037045e-02
5.099999999999999645e+00,4.461908149625575248e-01,-6.337353063948157963e-03,6.810050059050701265e-02,4.306036140236517706e-01,-6.386938488960765097e-03,1.009475992288571128e-01,4.556900532615529853e-01,-4.144425176436788982e-04,7.344701815597087791e-02
5.110000000000001208e+00,4.523760951481557435e-01,-5.838087179183064704e-03,4.794504786963692949e-02,4.351466039995304236e-01,-6.234248527278320358e-03,9.169497233118664714e-02,4.647118918940005283e-01,-3.357304157710835901e-03,5.216662350958867211e-02
5.119999999999999218e+00,4.571283714967762646e-01,-5.249585047815721189e-03,2.646687461473231154e-02,4.396767969352419203e-01,-6.029529919382206268e-03,8.133357228831782082e-02,4.705290717877840256e-01,-4.420597869360137766e-03,3.856766379259102262e-02
5.129999999999997229e+00,4.602421992804541229e-01,-4.587062372573316206e-03,3.967113575334264147e-03,4.440538322821525052e-01,-5.772856776446937815e-03,6.991537335921534091e-02,4.745824284850173047e-01,-5.266644187885902162e-03,2.673221137151088334e-02
5.139999999999998792e+00,4.615761931909476146e-01,-3.868327187311766321e-03,-1.922841322996918581e-02,4.481403882590372367e-01,-5.466257516053759161e-03,5.751529218791749665e-02,4.775815946795326505e-01,-5.640768913850249811e-03,1.563851214798062106e-02
5.150000000000000355e+00,4.610554126039669853e-01,-3.112631493580554284e-03,-4.278317332383575061e-02,4.518078043610151417e-01,-5.112823303142528288e-03,4.422096795291045879e-02,4.796951166638632191e-01,-6.180677738567744162e-03,5.731698645970506600e-03
5.159999999999998366e+00,4.586703170373316873e-01,-2.339613695281066597e-03,-6.636352534143546977e-02,4.549386046618472124e-01,-4.716672085043461735e-03,3.013532129871068430e-02,4.807771720168000362e-01,-6.672557333895379195e-03,-2.311442072998493025e-03
5.169999999999999929e+00,4.544726452007685213e-01,-1.568371591254011290e-03,-8.965117676843629979e-02,4.574307847142428662e-01,-4.283370522785050379e-03,1.537486522205310652e-02,4.837143245528554569e-01,-8.570809136157861441e-03,-3.408953038090523080e-02
5.180000000000001492e+00,4.485687436946564355e-01,-8.166936827760018155e-04,-1.123538753724392936e-01,4.591994460744709960e-01,-3.819112660653234750e-03,6.714205911125458934e-05,4.851644772846612774e-01,-1.017535045444815933e-02,-5.904874311450070135e-02
5.189999999999999503e+00,4.411109831161613148e-01,-1.004640244598181556e-04,-1.342138926599271698e-01,4.601794232715366584e-01,-3.330843689250833923e-03,-1.565499465474120763e-02,4.856371711455690354e-01,-1.169071836410655318e-02,-7.550864700295120691e-02
5.199999999999997513e+00,4.322879495557930829e-01,5.667559595205079199e-04,-1.550140522224629225e-01,4.603259772101845893e-01,-2.825969653675998103e-03,-3.165312603859966878e-02,4.857804951358879464e-01,-1.362562699051474147e-02,-9.321158514249491822e-02
5.209999999999999076e+00,4.223140917647212333e-01,1.173973821813956760e-03,-1.745812478902215303e-01,4.596152609485688600e-01,-2.312161868870348577e-03,-4.778896764479313719e-02,4.850362807831752887e-01,-1.509842650476486692e-02,-1.103343119585451781e-01
5.220000000000000639e+00,4.114194491460291814e-01,1.712855626440105191e-03,-1.927875641746203683e-01,4.580437885111866003e-01,-1.797036248136177740e-03,-6.392691320346814698e-02,4.835296228815676445e-01,-1.594687518982383645e-02,-1.238159448366059900e-01
5.229999999999998650e+00,3.998399922374350490e-01,2.177678694766957239e-03,-2.095492518486823663e-01,4.556276037888238317e-01,-1.288139976183755786e-03,-7.993599449722497974e-02,4.810890901464567326e-01,-1.671401591058652158e-02,-1.395421009578178551e-01
5.240000000000000213e+00,3.878089905864949283e-01,2.565172830532397308e-03,-2.248239101828079234e-01,4.524003326785341339e-01,-7.924370786635925694e-04,-9.569441138097296851e-02,4.779558444900900982e-01,-1.748249431687234901e-02,-1.544484826764956076e-01
5.250000000000001776e+00,3.755496959032632587e-01,2.874277035407155241e-03,-2.386062859205789477e-01,4.484115777291158289e-01,-3.166003467359648077e-04,-1.110896073795604178e-01,4.735505641155339784e-01,-1.828476444221398267e-02,-1.713217081161811928e-01
5.259999999999999787e+00,3.632695003950111023e-01,3.105839085767746633e-03,-2.509231215153954198e-01,4.437239988898964982e-01,1.336422231942184838e-04,-1.260221615347803803e-01,4.681653932167132437e-01,-1.908159084443132592e-02,-1.892487227396408567e-01
5.269999999999997797e+00,3.511556148386845710e-01,3.262283884109505160e-03,-2.618274708083682123e-01,4.384112363244120902e-01,5.529865130796394242e-04,-1.404051854448541414e-01,4.633135994428166926e-01,-2.018725742926906486e-02,-2.039355135211702030e-01
5.279999999999999361e+00,3.393722133964381382e-01,3.347273388513765865e-03,-2.713928605114876991e-01,4.325545757116804890e-01,9.372333279404380327e-04,-1.541669092452816747e-01,4.585576135426372435e-01,-2.142200013677948711e-02,-2.174586060031237222e-01
5.290000000000000924e+00,3.280589154371579275e-01,3.365377422307933540e-03,-2.797076181530910866e-01,4.262405597033619431e-01,1.282975809465886248e-03,-1.672499327455778950e-01,4.539318489910421084e-01,-2.247109540681743733e-02,-2.296960460650652180e-01
5.299999999999998934e+00,3.173304241613579268e-01,3.321769985666550573e-03,-2.868696169313116884e-01,4.195584807655413084e-01,1.587558954278045671e-03,-1.796109588097650200e-01,4.465426037848795326e-01,-2.324637846378320438e-02,-2.470096903595116189e-01
5.309999999999996945e+00,3.072771126707611322e-01,3.221961322412023911e-03,-2.929816160687736537e-01,4.125979147218107324e-01,1.849128940671115016e-03,-1.912204553764406401e-01,4.396469651387404642e-01,-2.400323099026670237e-02,-2.605951321686748035e-01
5.320000000000002061e+00,2.979663390977696502e-01,3.071572052054954375e-03,-2.981473059665561975e-01,4.054457868178786284e-01,2.066716665985238871e-03,-2.020629986742435158e-01,4.336587073591864350e-01,-2.455282988903757790e-02,-2.710068289546849196e-01
5.330000000000000071e+00,2.894442815857440343e-01,2.876151543581435474e-03,-3.024681050114397252e-01,3.981865978421182950e-01,2.239924003524752447e-03,-2.121327746823229998e-01,4.274938696630414814e-01,-2.512624017711005686e-02,-2.806178339999374494e-01
5.339999999999998082e+00,2.817381032501505844e-01,2.641039854147337034e-03,-3.060407037713863132e-01,3.908984876003280817e-01,2.369090919944696720e-03,-2.214361809124437142e-01,4.222429524308143334e-01,-2.576882909848345060e-02,-2.881570500508126020e-01
5.349999999999999645e+00,2.748582844536264780e-01,2.371270405103073457e-03,-3.089553125719013971e-01,3.836564764564282526e-01,2.454814365259164535e-03,-2.299844595120246471e-01,4.162290487048260212e-01,-2.660983387910979825e-02,-2.965570229720239648e-01
5.360000000000001208e+00,2.688009918222317718e-01,2.071508514399969351e-03,-3.112945403186659354e-01,3.765243505185036921e-01,2.498504560768305405e-03,-2.378017723410744966e-01,4.053235348088798373e-01,-2.793125559267223279e-02,-3.113690117201818874e-01
5.369999999999999218e+00,2.635503838013647515e-01,1.746020392899049053e-03,-3.131328157057738926e-01,3.695614951265578374e-01,2.501665987460675866e-03,-2.449142814637662591e-01,3.986068754454137331e-01,-2.836488680141138752e-02,-3.194910913099744953e-01
5.379999999999997229e+00,2.590807819540551504e-01,1.398666804831572279e-03,-3.145362541992057781e-01,3.628182119425554242e-01,2.466171216137523318e-03,-2.513543451128199546e-01,3.920647126174684471e-01,-2.847285236341443038e-02,-3.268232637242547978e-01
5.389999999999998792e+00,2.553586638694426703e-01,1.032915015537250224e-03,-3.155628739829220430e-01,3.563345575272796051e-01,2.394366567306222167e-03,-2.571599210679219594e-01,3.846403776386280171e-01,-2.811506184954234988e-02,-3.341564784681288480e-01
5.400000000000000355e+00,2.523444519247034501e-01,6.518644520590094124e-04,-3.162630696883812487e-01,3.501443758535257023e-01,2.288620288362684316e-03,-2.623693477745777103e-01,3.784025791073665212e-01,-2.836639227743063818e-02,-3.394802113586181114e-01
5.409999999999998366e+00,2.499940914584877216e-01,2.582804406696557684e-04,-3.166802616093234435e-01,3.442708991896417658e-01,2.151687677481348149e-03,-2.670248968300905079e-01,3.723908222691796333e-01,-2.828932316710612571e-02,-3.442458591777292631e-01
5.419999999999999929e+00,2.482604209698680842e-01,-1.453673824187841183e-04,-3.168516496336248878e-01,3.387434942849356645e-01,1.985092387604451940e-03,-2.711577572651583945e-01,3.661886924412756095e-01,-2.808433751204070239e-02,-3.486435544092053029e-01
5.430000000000001492e+00,2.470943465886105972e-01,-5.568656458102931844e-04,-3.168090132152858729e-01,3.335723418323103817e-01,1.791672630616606690e-03,-2.748102951484754919e-01,3.621280535644590959e-01,-2.766275157648814820e-02,-3.512227409466596173e-01
5.439999999999999503e+00,2.464458368065473304e-01,-9.742191865199148742e-04,-3.165795108963971871e-01,3.287598567761914059e-01,1.574363385325727987e-03,-2.780249587368350261e-01,3.581466320631540023e-01,-2.722301211359723361e-02,-3.538842980097736124e-01
5.449999999999997513e+00,2.462647551185516148e-01,-1.395615687984231440e-03,-3.161864442967538547e-01,3.243202829005693566e-01,1.334426680207334136e-03,-2.808295793234279469e-01,3.545643437825192201e-01,-2.660984826540335746e-02,-3.561927419787164206e-01
5.459999999999999076e+00,2.465015504962496107e-01,-1.819395049468867064e-03,-3.156499616850926282e-01,3.202510413789596000e-01,1.074239281186948128e-03,-2.832602860178365378e-01,3.517440931731254938e-01,-2.586158282010232734e-02,-3.578290038782168114e-01
5.470000000000000639e+00,2.471078221653446316e-01,-2.244023158479363685e-03,-3.149876851107666353e-01,3.165389720824884345e-01,7.966566369878341942e-04,-2.853558084333702727e-01,3.495561898318002569e-01,-2.527346211390711639e-02,-3.590424404582575613e-01
5.479999999999998650e+00,2.480367757914746507e-01,-2.668070802493083520e-03,-3.142152524135839453e-01,3.131727510873102416e-01,5.039582145287012154e-04,-2.871487065514802817e-01,3.482866884333714053e-01,-2.479199988347810524e-02,-3.594841400786743524e-01
5.490000000000000213e+00,2.492592892593442355e-01,-3.087259342853893029e-03,-3.133504072668378271e-01,3.101456189425497167e-01,1.992178616200593853e-04,-2.886675660079501826e-01,3.477138286345212714e-01,-2.314283524426243022e-02,-3.587312603029088054e-01
5.500000000000001776e+00,2.509553962742661071e-01,-3.460521004597489313e-03,-3.124453865002163044e-01,3.075264222729707231e-01,-1.018575350354240707e-04,-2.899263777187463531e-01,3.482630655976374223e-01,-2.202030248046528416e-02,-3.570177112098922856e-01
5.509999999999999787e+00,2.539436342225990795e-01,-3.647851934922760435e-03,-3.115763572601582543e-01,3.056141992141090391e-01,-3.494254673004294678e-04,-2.908884171872314073e-01,3.499251733102596296e-01,-2.082464516846332936e-02,-3.547078911862359130e-01
5.519999999999997797e+00,2.587386636943914686e-01,-3.614178379370861990e-03,-3.105405711105765354e-01,3.046290786058054034e-01,-5.255170177401486276e-04,-2.914821162651847763e-01,3.527866413511080435e-01,-1.937599500777827111e-02,-3.516192858883418482e-01
5.529999999999999361e+00,2.654391387815700498e-01,-3.400863107417159865e-03,-3.090083344665741083e-01,3.046609201420620305e-01,-6.362442652875271911e-04,-2.916384889664859204e-01,3.564392649381782352e-01,-1.841299609435166629e-02,-3.479164721866191967e-01
5.540000000000000924e+00,2.740241054052728886e-01,-3.050242416115437130e-03,-3.066563574221431998e-01,3.057606206319016251e-01,-6.883211627696037699e-04,-2.912936502250125792e-01,3.610282640527677778e-01,-1.723215705272454490e-02,-3.439652518532099745e-01
5.549999999999998934e+00,2.843867009753968111e-01,-2.602071386337721434e-03,-3.031829972987581945e-01,3.079530195507007573e-01,-6.888070716870994467e-04,-2.903816435160277432e-01,3.671239806076799228e-01,-1.597842435528411265e-02,-3.393661438908996408e-01
5.559999999999996945e+00,2.963443592904211332e-01,-2.093503446999919748e-03,-2.983161669127570859e-01,3.112355201311834962e-01,-6.449675382848032122e-04,-2.888367511080067729e-01,3.728552934187545631e-01,-1.513435810728085140e-02,-3.350410194022203081e-01
5.570000000000002061e+00,3.096490065743702225e-01,-1.558682183262022130e-03,-2.918221500741566277e-01,3.155806583493016571e-01,-5.643902600146386266e-04,-2.865921223660454764e-01,3.808135514529562560e-01,-1.391177631356456390e-02,-3.291064354957893845e-01
5.580000000000000071e+00,3.239987522454429447e-01,-1.028227824359702293e-03,-2.835147225724062303e-01,3.209355818641706493e-01,-4.548147200600536830e-04,-2.835826307441465244e-01,3.885506290390443596e-01,-1.322481307031264652e-02,-3.226363148812962933e-01
5.589999999999998082e+00,3.390512457311876671e-01,-5.287584188676159886e-04,-2.732635208764269130e-01,3.272209471020568472e-01,-3.241733721506541259e-04,-2.797492764915239793e-01,3.944146442498303040e-01,-1.277909567549359582e-02,-3.176357250921723052e-01
5.599999999999999645e+00,3.544384472009626252e-01,-8.252059546896926140e-05,-2.610006254327650876e-01,3.343468069820305089e-01,-1.804775521769487641e-04,-2.750294809846857147e-01,4.019357174656880138e-01,-1.205427561104034651e-02,-3.105346506951215946e-01
5.610000000000001208e+00,3.697822742964528286e-01,2.928323922251256737e-04,-2.467245288784763735e-01,3.422009788111547990e-01,-3.154690583656084325e-05,-2.693713852222442418e-01,4.124504766857532978e-01,-1.087166490072768998e-02,-2.991649989796653641e-01
5.619999999999999218e+00,3.847104069296118367e-01,5.843016983403184761e-04,-2.305009553197619188e-01,3.506526322851313271e-01,1.148833768840466264e-04,-2.627366960915131777e-01,4.220335908892719479e-01,-9.721961467327497330e-03,-2.874774332583619474e-01
5.629999999999997229e+00,3.988714462429437391e-01,7.834452532760336277e-04,-2.124603256305681032e-01,3.595657794025005072e-01,2.518652622944077529e-04,-2.550930223520675444e-01,4.312069161277669593e-01,-8.628668108337109177e-03,-2.755688919581561480e-01
5.639999999999998792e+00,4.119486288227806048e-01,8.861338176308639417e-04,-1.927919802976402752e-01,3.687899537463760757e-01,3.728387424867291196e-04,-2.464290293751526806e-01,4.409973613909229373e-01,-7.607534594111273196e-03,-2.621607256332588731e-01
5.650000000000000355e+00,4.236713789464741642e-01,8.921799691541132957e-04,-1.717355517522638764e-01,3.781711529445909714e-01,4.717370335027031751e-04,-2.367495688622714978e-01,4.538354782261572185e-01,-6.533381371368579549e-03,-2.421148236643573537e-01
5.659999999999998366e+00,4.338241323218358647e-01,8.048635432901670404e-04,-1.495700966008995658e-01,3.875574767458132008e-01,5.439610981214082746e-04,-2.260739293618060919e-01,4.625206432924535704e-01,-6.008473333076316814e-03,-2.257126423255323422e-01
5.669999999999999929e+00,4.422520614323234289e-01,6.303811705146831644e-04,-1.266017440369145430e-01,3.967969190713671601e-01,5.851804860229772127e-04,-2.144442279205757140e-01,4.698197986914804947e-01,-5.226741806986581751e-03,-2.082482174954521370e-01
5.680000000000001492e+00,4.488635532239056425e-01,3.772484777897180041e-04,-1.031506900018860917e-01,4.057460612596880400e-01,5.924590056003001043e-04,-2.019189455255428478e-01,4.758297009119111243e-01,-4.189195947993384905e-03,-1.895646385804699852e-01
5.689999999999999503e+00,4.536295153639562372e-01,5.568491941714914881e-05,-7.953835797787303652e-02,4.142714662953485005e-01,5.636607875892979316e-04,-1.885748015512792031e-01,4.796625008705376336e-01,-3.039651330131232232e-03,-1.739383144462224584e-01
5.699999999999997513e+00,4.565797918449699955e-01,-3.229906091551481943e-04,-5.607547535664706567e-02,4.222539271798763649e-01,4.979296553665221552e-04,-1.745034195026163026e-01,4.823502256220665307e-01,-2.207997983002640829e-03,-1.600807116811261976e-01
5.709999999999999076e+00,4.577971374718034503e-01,-7.469270717870559947e-04,-3.305168491995728874e-02,4.295895879091208847e-01,3.950654748523779042e-04,-1.598115377445258611e-01,4.847296649814329950e-01,-1.514295737878229575e-03,-1.448971889827445070e-01
5.720000000000000639e+00,4.574093197674340416e-01,-1.204250791657096456e-03,-1.072714512802628445e-02,4.361940154291942817e-01,2.563360041157169023e-04,-1.446146921924274797e-01,4.865582166571720268e-01,-8.863864904817969625e-04,-1.292504558990859309e-01
5.729999999999998650e+00,4.555799804790360286e-01,-1.683500113799797811e-03,1.067361273107448813e-02,4.420012007749264948e-01,8.330994923018360298e-05,-1.290386194784216289e-01,4.878065887630558262e-01,-3.121314972677757815e-04,-1.137050907471247596e-01
5.740000000000000213e+00,4.524988969030604435e-01,-2.173975222354908223e-03,3.096548715760370774e-02,4.469663771639815208e-01,-1.211942597007689519e-04,-1.132117295545544550e-01,4.886695692735582019e-01,5.908643624042281273e-04,-9.468558588660680453e-02
5.750000000000001776e+00,4.483722417649962377e-01,-2.665998526663972135e-03,5.000435422296677090e-02,4.510643121218588791e-01,-3.541494133513022969e-04,-9.726562834526486512e-02,4.889016492303754902e-01,1.337848437668723300e-03,-8.086432573914145716e-02
5.759999999999999787e+00,4.434133593193111955e-01,-3.151086804584564329e-03,6.768658522909948294e-02,4.542899532955703701e-01,-6.117857437301106984e-04,-8.132877625470914806e-02,4.888858550658047308e-01,1.753145078883300290e-03,-7.198217745338114648e-02
5.769999999999997797e+00,4.378344673970663292e-01,-3.622041338520210017e-03,8.394686098311683609e-02,4.566563645998671372e-01,-8.901997287446799904e-04,-6.552570691328500618e-02,4.878837926253161150e-01,3.143272694006771228e-03,-4.744134929160154224e-02
5.779999999999999361e+00,4.318395737374875476e-01,-4.072965728308224932e-03,9.875467097658471860e-02,4.581934990881140202e-01,-1.185216545803709307e-03,-4.997272836744252184e-02,4.865922094511203611e-01,3.375748750182663849e-03,-3.498614357220741766e-02
5.790000000000000924e+00,4.256187727321433245e-01,-4.499224348537677470e-03,1.121099077791361115e-01,4.589452402533003017e-01,-1.492707159087548491e-03,-3.477969019803090617e-02,4.851495802548374536e-01,3.591509815024707120e-03,-2.425849083643094595e-02
5.799999999999998934e+00,4.193439761616455375e-01,-4.897354611110017221e-03,1.240379546219117224e-01,4.589685199599420340e-01,-1.808539175690310891e-03,-2.004097910448056352e-02,4.823798851474558891e-01,3.863235603639228466e-03,-7.387256181012991085e-03
5.809999999999996945e+00,4.131660363789347312e-01,-5.264947718103862688e-03,1.345846240810664174e-01,4.583292284300080066e-01,-2.128673113999731293e-03,-5.842002190906227244e-03,4.798177959432573525e-01,4.368074848704092683e-03,4.859365458907749513e-03
5.820000000000002061e+00,4.072131470881728554e-01,-5.600510691635477573e-03,1.438112470968843926e-01,4.571004215328546838e-01,-2.449281658993217401e-03,7.744858089392936060e-03,4.775138393937623515e-01,5.578677941017171071e-03,1.587375632704557393e-02
5.830000000000000071e+00,4.015903569611619095e-01,-5.903321427165813574e-03,1.517901423188947885e-01,4.553599758447519630e-01,-2.766990608609732911e-03,2.066449637114156287e-02,4.746272654324027451e-01,6.351906115263927788e-03,2.827081307670537003e-02
5.839999999999998082e+00,3.963800037022514045e-01,-6.173286266272189245e-03,1.586006240527275402e-01,4.531874096520983053e-01,-3.078320545461398980e-03,3.287051266110076891e-02,4.716643024914911608e-01,6.822381030305690874e-03,3.894563446894810932e-02
5.849999999999999645e+00,3.916428678906679339e-01,-6.410807122172733005e-03,1.643256391652373194e-01,4.506623750910951909e-01,-3.380596287692239424e-03,4.433166383312949627e-02,4.682575626878762165e-01,6.821501428309242887e-03,5.085979893960085318e-02
5.860000000000001208e+00,3.874198529481240882e-01,-6.616663464722667524e-03,1.690490637546028796e-01,4.478624263280185369e-01,-3.671480209913411709e-03,5.502891054596632803e-02,4.653966562405499330e-01,7.077911757555899186e-03,5.883165293998915413e-02
5.869999999999999218e+00,3.837340153584323232e-01,-6.791911427463812045e-03,1.728536422158895858e-01,4.448613375261292191e-01,-3.948471180196167288e-03,6.495310535316539680e-02,4.622402997913036549e-01,7.249127814645678347e-03,6.733047696938310178e-02
5.879999999999997229e+00,3.805927935973844045e-01,-6.937801473318376197e-03,1.758195153980742498e-01,4.417282487794976786e-01,-4.210650467961444578e-03,7.410514257842888697e-02,4.587480757776113416e-01,7.527283457498090691e-03,7.624462947952509451e-02
5.889999999999998792e+00,3.779903112929248743e-01,-7.055713613141246024e-03,1.780232610048450292e-01,4.385259215143683664e-01,-4.456327637950997095e-03,8.249518998641058865e-02,4.548769673197238239e-01,7.980206721138360937e-03,8.540831396989506663e-02
5.900000000000000355e+00,3.759096571482867244e-01,-7.147109146483443878e-03,1.795373567168279949e-01,4.353106485283474436e-01,-4.684574471832667064e-03,9.014021852450253280e-02,4.503468193171923373e-01,8.312111259794641160e-03,9.537803382189086188e-02
5.909999999999998366e+00,3.743250690315522711e-01,-7.213496291852726679e-03,1.804299732343710161e-01,4.321321037558944478e-01,-4.895145730582531156e-03,9.706213506251570866e-02,4.443135561232833819e-01,8.073511174829337000e-03,1.069907708010172653e-01
5.919999999999999929e+00,3.732039712768263073e-01,-7.256407164855613844e-03,1.807650082120578761e-01,4.290317907557507637e-01,-5.087492427829500008e-03,1.032905697773050246e-01,4.387792335325181314e-01,7.201129722434876368e-03,1.154622082745948020e-01
5.930000000000001492e+00,3.725088321457973861e-01,-7.277383706327209510e-03,1.806022808962871595e-01,4.260455667549458147e-01,-5.261655052072776277e-03,1.088546615454328848e-01,4.331987013378920670e-01,6.951581167873283063e-03,1.259402333719928935e-01
5.939999999999999503e+00,3.721988225897259195e-01,-7.277969667058605853e-03,1.799978192802553778e-01,4.232013504337613918e-01,-5.417744936857869439e-03,1.137894727286762053e-01,4.280233264606611021e-01,6.515360073658479911e-03,1.337478767024624093e-01
5.949999999999997513e+00,3.722312683374843223e-01,-7.259706767604985102e-03,1.790041849500023929e-01,4.205196031203736196e-01,-5.555981022013024850e-03,1.181341024067900092e-01,4.231160073033622959e-01,6.756775846724141776e-03,1.395696459921170196e-01
5.959999999999999076e+00,3.725628953878274974e-01,-7.224132819356628848e-03,1.776707943799991085e-01,4.180177656473416659e-01,-5.676795226088248054e-03,1.219216639381309475e-01,4.189349103237338667e-01,6.125468891350349665e-03,1.442438539652156071e-01
5.970000000000000639e+00,3.731508748289504296e-01,-7.172780799244536133e-03,1.760442080821340294e-01,4.157052705273979742e-01,-5.780709246996704534e-03,1.251920169094800916e-01,4.158849232637690241e-01,5.242506491119097722e-03,1.468412294821619390e-01
5.979999999999998650e+00,3.739536770171028035e-01,-7.107177290903592126e-03,1.741683702810014611e-01,4.135858139455713678e-01,-5.868342517011842542e-03,1.279866896331958992e-01,4.125483691937464892e-01,4.628822946807734096e-03,1.491197301071093828e-01
5.990000000000000213e+00,3.749335064565917364e-01,-7.028956900303119648e-03,1.720843121848908419e-01,4.116613025247464752e-01,-5.940467079371484702e-03,1.303423840192156902e-01,4.113904877899586809e-01,3.555851114208127828e-03,1.494600247133119897e-01
6.000000000000001776e+00,3.761979102225500027e-01,-6.949102438914262977e-03,1.697902375484495185e-01,4.099769685121296692e-01,-6.001120141083464768e-03,1.322656081704088327e-01,4.108836707971931235e-01,2.492094500456260020e-03,1.490546944040693211e-01
6.009999999999999787e+00,3.786367771174628527e-01,-6.924411391072610167e-03,1.669998030603274397e-01,4.088362814485638763e-01,-6.070382511515632837e-03,1.336041006408538734e-01,4.114198421113340887e-01,1.644951869413602275e-03,1.478960523661795867e-01
6.019999999999997797e+00,3.827163639326136013e-01,-6.977277161037544889e-03,1.632773729879234970e-01,4.084387164580887686e-01,-6.157950597281924149e-03,1.341895478836831468e-01,4.128984422261705589e-01,5.868049052635271323e-04,1.457110624976641899e-01
6.029999999999999361e+00,3.883154390493148145e-01,-7.078729674186334114e-03,1.582555974870488158e-01,4.088143984908564343e-01,-6.256512531283862921e-03,1.339138900501086749e-01,4.154486340115489673e-01,-6.416407210018404417e-04,1.423155879189563766e-01
6.040000000000000924e+00,3.951999984317008940e-01,-7.188140509493809102e-03,1.516401947073904299e-01,4.099582310602458701e-01,-6.354627185975504806e-03,1.326902499263071522e-01,4.181991466742353003e-01,-1.395130946015593620e-03,1.388459444260635722e-01
6.049999999999998934e+00,4.030792373032701104e-01,-7.267586793926562004e-03,1.432087955107710364e-01,4.118407547572387473e-01,-6.441120685190363480e-03,1.304473894415046076e-01,4.220219259822151070e-01,-2.716143076062688122e-03,1.329584796862559037e-01
6.059999999999996945e+00,4.116197497909827030e-01,-7.285950944161552131e-03,1.328119417878581288e-01,4.144093035571972394e-01,-6.505997097258493268e-03,1.271283663617937820e-01,4.266613244145320838e-01,-3.836160291542517475e-03,1.262209167194630610e-01
6.070000000000002061e+00,4.204594629493210167e-01,-7.219995358724355661e-03,1.203744191658207285e-01,4.175896321805460665e-01,-6.540696528786603403e-03,1.226897857957168908e-01,4.316476357299450228e-01,-4.505493930993559326e-03,1.185373803348562238e-01
6.080000000000000071e+00,4.292230649470352710e-01,-7.054467373167966175e-03,1.058956411443924828e-01,4.212877977778211602e-01,-6.538052441944750687e-03,1.171022424440262277e-01,4.367813383386974779e-01,-4.827259871036909677e-03,1.106896756020875894e-01
6.089999999999998082e+00,4.375382865735183979e-01,-6.781767758380053378e-03,8.944807601538394548e-02,4.253921248133086253e-01,-6.492594536415931608e-03,1.103543500280161627e-01,4.422941676336373806e-01,-5.250172762247484748e-03,1.017693867732848978e-01
6.099999999999999645e+00,4.450520347861407489e-01,-6.401322616499748042e-03,7.117306531148885618e-02,4.297800644505067047e-01,-6.399543512929357567e-03,1.024414135073787591e-01,4.474780043972749199e-01,-6.156013763799289551e-03,9.255310726312065972e-02
6.110000000000001208e+00,4.514453200201170024e-01,-5.918718859201714012e-03,5.127379981228315925e-02,4.343182266464900576e-01,-6.255841451759255704e-03,9.337799959158837870e-02,4.528742407528976166e-01,-6.836466273945171479e-03,8.201908863546097939e-02
6.119999999999999218e+00,4.564460276081883650e-01,-5.344662982414598480e-03,3.000562051224410151e-02,4.388667298232249991e-01,-6.060236038825567856e-03,8.319961978059031704e-02,4.587191960490176745e-01,-7.517720473782268931e-03,6.916297438053409241e-02
6.129999999999997229e+00,4.598387958662408792e-01,-4.693832125598039126e-03,7.664141135266642688e-03,4.432850839811765531e-01,-5.812731250862499845e-03,7.195662289612025919e-02,4.644488960040745740e-01,-7.886211777824725377e-03,5.531192720380651018e-02
6.139999999999998792e+00,4.614715311047198343e-01,-3.983688046834113830e-03,-1.542808405094387228e-02,4.474355139593956254e-01,-5.514763974113769465e-03,5.971744691053602894e-02,4.681761498229389806e-01,-8.080726069161076053e-03,4.403630337870412248e-02
6.150000000000000355e+00,4.612583742252557295e-01,-3.233319218905104236e-03,-3.893550641753065755e-02,4.511874293090626376e-01,-5.169285295644055270e-03,4.656875357188475922e-02,4.721791918911529828e-01,-8.286848751177661176e-03,3.039104544784804185e-02
6.159999999999998366e+00,4.591792040337286385e-01,-2.462365719405852377e-03,-6.252328808198578947e-02,4.544217830470753672e-01,-4.780408812722338960e-03,3.260973075505592400e-02,4.754995725220690916e-01,-8.847288300301611730e-03,1.627057860602326711e-02
6.169999999999999929e+00,4.552759962121510906e-01,-1.690069219292196587e-03,-8.586998225984131261e-02,4.570331984249852431e-01,-4.353369782329794858e-03,1.795729058824015872e-02,4.781827875972726183e-01,-9.689398903016954723e-03,2.023105187097806734e-04
6.180000000000001492e+00,4.496465388106663519e-01,-9.344774937842454440e-04,-1.086785404722920567e-01,4.589341878742652647e-01,-3.894271296350618021e-03,2.733546773640705644e-03,4.804318932551358001e-01,-1.063618899491883263e-02,-1.780401462460651230e-02
6.189999999999999503e+00,4.424361270647551581e-01,-2.118202383033002036e-04,-1.306851737449656603e-01,4.600559835596638170e-01,-3.410018773366951111e-03,-1.292558098234080841e-02,4.825121980306078528e-01,-1.196130976239294375e-02,-3.889424794124846096e-02
6.199999999999997513e+00,4.338279200394096202e-01,4.639373491659094968e-04,-1.516657899748785898e-01,4.603504193550495560e-01,-2.907901911197372825e-03,-2.888551771971167512e-02,4.836051488647760133e-01,-1.298846048342218451e-02,-5.464054268294199490e-02
6.209999999999999076e+00,4.240326438761091721e-01,1.081368755300548753e-03,-1.714399197052694224e-01,4.597901778102184145e-01,-2.395552593247830212e-03,-4.500575651868456151e-02,4.844125351481415320e-01,-1.389839420791710856e-02,-7.310714326023803888e-02
6.220000000000000639e+00,4.132782772758830658e-01,1.631699978349393163e-03,-1.898722191111875401e-01,4.583682851924719137e-01,-1.880560411504677643e-03,-6.115141114632638430e-02,4.844857312288100015e-01,-1.470059921136844527e-02,-9.054745957484852670e-02
6.229999999999998650e+00,4.018002681840081580e-01,2.108783395575420869e-03,-2.068717802004808037e-01,4.560976040234228090e-01,-1.370434036143953517e-03,-7.718999225955215648e-02,4.836300285484751438e-01,-1.541032204145031947e-02,-1.061442331419342466e-01
6.240000000000000213e+00,3.898327164701603786e-01,2.508955695583448258e-03,-2.223895862287946779e-01,4.530088554205295437e-01,-8.722750562729839324e-04,-9.299826977675258732e-02,4.824188004526510642e-01,-1.592452491115228796e-02,-1.192654197742500644e-01
6.250000000000001776e+00,3.776008312217791207e-01,2.830806833650005312e-03,-2.364145151610404505e-01,4.491490522997699797e-01,-3.927616219822479757e-04,-1.084619586747810616e-01,4.807545085613494917e-01,-1.631074869036394648e-02,-1.328055996718892073e-01
6.259999999999999787e+00,3.653148429448181966e-01,3.074887525565999681e-03,-2.489683218434727285e-01,4.445788137274047092e-01,6.211714132089637963e-05,-1.234792500978092455e-01,4.786997042650588119e-01,-1.688486226029073389e-02,-1.467660886402264997e-01
6.269999999999997797e+00,3.531654345278457674e-01,3.243381188243487246e-03,-2.601000198818811393e-01,4.393669220000929188e-01,4.870541671730831048e-04,-1.379694260921114912e-01,4.764204888766375712e-01,-1.740871772979921128e-02,-1.596698438235831241e-01
6.279999999999999361e+00,3.413206506151944541e-01,3.339764253412176934e-03,-2.698800512664453199e-01,4.335945894201175821e-01,8.776797378636075862e-04,-1.518524466009407714e-01,4.739071293841010668e-01,-1.780972879487022209e-02,-1.713299264248277221e-01
6.290000000000000924e+00,3.299241696103505372e-01,3.368474086985392621e-03,-2.783945723156961427e-01,4.273527390932501113e-01,1.230358250589974091e-03,-1.650570252739833321e-01,4.686682144826146423e-01,-1.900405957718508121e-02,-1.914999411642387961e-01
6.299999999999998934e+00,3.190947629817824649e-01,3.334600504792932345e-03,-2.857401199141321735e-01,4.207196453176794693e-01,1.542538152621339377e-03,-1.775599060260726891e-01,4.639284694837098044e-01,-1.970692751123992448e-02,-2.071345902496232183e-01
6.309999999999996945e+00,3.089267373502289082e-01,3.243611518177771068e-03,-2.920188474315815186e-01,4.137957614142047102e-01,1.811890038456259039e-03,-1.893073872113480993e-01,4.573275939430423431e-01,-2.051105447585975516e-02,-2.256075116175386419e-01
6.320000000000002061e+00,2.994911413267035694e-01,3.101120267039385141e-03,-2.973344508969917865e-01,4.066671511960121554e-01,2.037458833328447284e-03,-2.002860039297516825e-01,4.531262450193302982e-01,-2.109060576039374635e-02,-2.355870237220629715e-01
6.330000000000000071e+00,2.908375252176637060e-01,2.912696152624720362e-03,-3.017888421343061234e-01,3.994127753773587530e-01,2.218875358047302238e-03,-2.104977972273500142e-01,4.478880977265174979e-01,-2.160955593878594039e-02,-2.468263163696949869e-01
6.339999999999998082e+00,2.829960605073605362e-01,2.683719777116993360e-03,-3.054795721715076184e-01,3.921264953168375755e-01,2.355520707188505508e-03,-2.199269131715943237e-01,4.406518069963646367e-01,-2.209807709265516895e-02,-2.607524510949356666e-01
6.349999999999999645e+00,2.759798520320189685e-01,2.419279021866811187e-03,-3.084979668004208531e-01,3.848646860696925964e-01,2.449319288591613429e-03,-2.286103152054109466e-01,4.330173703235942195e-01,-2.265191368666885641e-02,-2.738418263386295237e-01
6.360000000000001208e+00,2.697873061334821743e-01,2.124102054208812027e-03,-3.109279063468641247e-01,3.777062758675336918e-01,2.500443543509975504e-03,-2.365527494407806131e-01,4.214285700629079034e-01,-2.324519913132988558e-02,-2.915085325143708106e-01
6.369999999999999218e+00,2.644044503504737742e-01,1.802521645420883910e-03,-3.128451628422291297e-01,3.707127322722561513e-01,2.510377433154635692e-03,-2.437796637179809323e-01,4.118511515483338492e-01,-2.374234508964009893e-02,-3.048640866713994702e-01
6.379999999999997229e+00,2.598071292947502497e-01,1.458464968907907276e-03,-3.143171988757392232e-01,3.639229552757627939e-01,2.481972772307282620e-03,-2.503366634474058494e-01,4.022064499425773709e-01,-2.404174037428315203e-02,-3.168249302185968119e-01
6.389999999999998792e+00,2.559630275942512689e-01,1.095463045616518454e-03,-3.154033311007948259e-01,3.573952042591351241e-01,2.416033153158823020e-03,-2.562436248398032856e-01,3.932742007973772935e-01,-2.348898742832379594e-02,-3.267337565442634539e-01
6.400000000000000355e+00,2.528334927055109760e-01,7.166742446534683179e-04,-3.161551659598000885e-01,3.511544482329826966e-01,2.315881991393846026e-03,-2.615493235568834840e-01,3.846988241174994494e-01,-2.319496858958083885e-02,-3.353266840257675407e-01
6.409999999999998366e+00,2.503751471040922549e-01,3.249169857411384182e-04,-3.166172238432591324e-01,3.452316176354765509e-01,2.183586070896661319e-03,-2.662900370539392214e-01,3.746805385752359774e-01,-2.330366919702572814e-02,-3.449872328321142434e-01
6.419999999999999929e+00,2.485412917209154082e-01,-7.729240274317221784e-05,-3.168276789206448396e-01,3.396548199675671342e-01,2.020968248547150032e-03,-2.704994444271256460e-01,3.677384060515951347e-01,-2.274031636993135985e-02,-3.508785708544581716e-01
6.430000000000001492e+00,2.472831115180993689e-01,-4.877003239277155795e-04,-3.168191539906809462e-01,3.344247912191365968e-01,1.831811813620550086e-03,-2.742287321847163284e-01,3.609446198730660305e-01,-2.191851563006659565e-02,-3.557733090755619276e-01
6.439999999999999503e+00,2.465506985698507070e-01,-9.042775534039879885e-04,-3.166195219059360633e-01,3.295618433652227064e-01,1.617408725937282375e-03,-2.775066323271735413e-01,3.531795374006849730e-01,-2.063727328469261435e-02,-3.614547077080116355e-01
6.449999999999997513e+00,2.462939099675204024e-01,-1.325183247343325252e-03,-3.162526766777041809e-01,3.250659179203237437e-01,1.380505583150598743e-03,-2.803732158978428646e-01,3.476927649410966881e-01,-1.981583578284076830e-02,-3.654501640027830178e-01
6.459999999999999076e+00,2.464630807872188745e-01,-1.748733672867329924e-03,-3.157392477773667272e-01,3.209312663039936009e-01,1.123827066003823486e-03,-2.828672628187317573e-01,3.433242057985518292e-01,-1.905081519316755012e-02,-3.681768279480673867e-01
6.470000000000000639e+00,2.470096083105301488e-01,-2.173375094765066413e-03,-3.150972402418412699e-01,3.171601141310328442e-01,8.488213698605984571e-04,-2.850168563465383942e-01,3.382387691181755196e-01,-1.786510111832391445e-02,-3.704704419006853433e-01
6.479999999999998650e+00,2.478864253236159054e-01,-2.597661943804989697e-03,-3.143425907723123025e-01,3.137392741228804405e-01,5.580777669865290063e-04,-2.868569353764874874e-01,3.345082131175967088e-01,-1.664077366793412227e-02,-3.718525786163091040e-01
6.490000000000000213e+00,2.490737664974143617e-01,-3.015488480479076860e-03,-3.134955149666837082e-01,3.106636855803079911e-01,2.559835051205376199e-04,-2.884182346199841707e-01,3.315879017990599475e-01,-1.618671160959174460e-02,-3.730778095087911028e-01
6.500000000000001776e+00,2.508101229897366502e-01,-3.375878946977817468e-03,-3.126146840426630158e-01,3.080243900181130479e-01,-3.861978358711158285e-05,-2.897096794390280339e-01,3.311860642509038000e-01,-1.491677841758669298e-02,-3.726399010413680712e-01
6.509999999999999787e+00,2.539119308901092165e-01,-3.543471205289528726e-03,-3.117578595823556342e-01,3.061221316892286382e-01,-2.772705462665999137e-04,-2.906900797498698785e-01,3.311740453973595066e-01,-1.392343389150479949e-02,-3.720448057253211704e-01
6.519999999999997797e+00,2.588525554227927294e-01,-3.492342253122026653e-03,-3.107051540678844037e-01,3.051655535754300153e-01,-4.449443143002037703e-04,-2.912868113534397563e-01,3.312172730185820591e-01,-1.417069113984639750e-02,-3.717065159339595914e-01
6.529999999999999361e+00,2.657103287388232205e-01,-3.266060947087475602e-03,-3.091247282369202765e-01,3.052363892378517352e-01,-5.485375341544899367e-04,-2.914332776138034986e-01,3.331340748945508246e-01,-1.326675366086926822e-02,-3.699606245901774781e-01
6.540000000000000924e+00,2.744551611147241776e-01,-2.906748159542118463e-03,-3.066954357758172600e-01,3.063847403599930241e-01,-5.949016921783520720e-04,-2.910646212092563578e-01,3.359682835236468268e-01,-1.288016915833462006e-02,-3.682732515991563593e-01
6.549999999999998934e+00,2.849723608655314044e-01,-2.453922172928779677e-03,-3.031181325311531616e-01,3.086318040956253506e-01,-5.910319997639837310e-04,-2.901165712692195253e-01,3.397914110962233503e-01,-1.261998685262404052e-02,-3.663540251036188078e-01
6.559999999999996945e+00,2.970723474868021130e-01,-1.944480216937424788e-03,-2.981236359090502219e-01,3.119715368910700448e-01,-5.441575474203607515e-04,-2.885248026311480474e-01,3.459442780493684477e-01,-1.219715176088534414e-02,-3.625952813958075449e-01
6.570000000000002061e+00,3.105009251328765263e-01,-1.412266576612432626e-03,-2.914817041523470320e-01,3.163742110182654610e-01,-4.618637931900696891e-04,-2.862231654097086020e-01,3.541964110353830186e-01,-1.218480245953361407e-02,-3.576025637610491525e-01
6.580000000000000071e+00,3.249511071352640945e-01,-8.875534588068030063e-04,-2.830102379321868256e-01,3.217850292818915103e-01,-3.518970635105504383e-04,-2.831469727285405580e-01,3.618787631344345668e-01,-1.222922755322944366e-02,-3.528711656091084725e-01
6.589999999999998082e+00,3.400766146278294544e-01,-3.965661313868667701e-04,-2.725836279950012431e-01,3.281263333428229290e-01,-2.221124882028353668e-04,-2.792345321955852500e-01,3.705443668846531979e-01,-1.263506807357001049e-02,-3.467800439665821854e-01
6.599999999999999645e+00,3.555067655227522883e-01,3.887755639513578929e-05,-2.601392213974027534e-01,3.352988213233825121e-01,-8.047110082822698900e-05,-2.744304742812344600e-01,3.798298201897191140e-01,-1.256314766266393435e-02,-3.391519947892530085e-01
6.610000000000001208e+00,3.708621941667595290e-01,4.015776432140681293e-04,-2.456810957803273188e-01,3.431887362918535911e-01,6.522740177012536535e-05,-2.686841766755289074e-01,3.874019456328601230e-01,-1.226316038482326565e-02,-3.322659341140357103e-01
6.619999999999999218e+00,3.857706705200403818e-01,6.790000223492332742e-04,-2.292806328974096863e-01,3.516665661627820239e-01,2.073565823990835069e-04,-2.619561543036739715e-01,3.955293974498436116e-01,-1.201925051628821572e-02,-3.244948452201919520e-01
6.629999999999997229e+00,3.998822070854474164e-01,8.631653270272256597e-04,-2.110737144916670638e-01,3.605948735845722619e-01,3.391209806123461450e-04,-2.542156869545902365e-01,4.075526345281943463e-01,-1.189915342015759880e-02,-3.126115597768841514e-01
6.639999999999998792e+00,4.128826540356366204e-01,9.503917695104656307e-04,-1.912546798045644814e-01,3.698209638667965815e-01,4.537774434082927650e-04,-2.454547965538351750e-01,4.191405192374203503e-01,-1.182554361171041235e-02,-2.999031449120789783e-01
6.650000000000000355e+00,4.245050719477865830e-01,9.409116393400344773e-04,-1.700674608399050936e-01,3.791937140145743013e-01,5.458668793176112317e-04,-2.356760126427307478e-01,4.289835000758926986e-01,-1.185567737261906951e-02,-2.875875767278475159e-01
6.659999999999998366e+00,4.345383277746549533e-01,8.383858400842423815e-04,-1.477945244306416994e-01,3.885577999142642014e-01,6.104942171582806694e-04,-2.249043726933295795e-01,4.415096376287978019e-01,-1.188529205676572276e-02,-2.699295134560489862e-01
6.669999999999999929e+00,4.428325595798642822e-01,6.493442090079276597e-04,-1.247443923835457186e-01,3.977624115034375518e-01,6.434511036937167697e-04,-2.131828337408373797e-01,4.530467477369451990e-01,-1.120216735428331001e-02,-2.501574082783549202e-01
6.680000000000001492e+00,4.493013799235700545e-01,3.825809515604534656e-04,-1.012385746210976989e-01,4.066649395457443417e-01,6.421936797657430392e-04,-2.005711886462294702e-01,4.620760795640410645e-01,-1.043542681107618997e-02,-2.309453156828024101e-01
6.689999999999999503e+00,4.539209125990087967e-01,4.853556394203591400e-05,-7.759873752116784595e-02,4.151328654775178761e-01,6.046189438312725949e-04,-1.871478592733651636e-01,4.682888037029797612e-01,-9.355833722465206614e-03,-2.144094902115227241e-01
6.699999999999997513e+00,4.567259610444565632e-01,-3.413128602022316846e-04,-5.413485084624104771e-02,4.230479928552169366e-01,5.300381057921348549e-04,-1.730061713617717101e-01,4.727864407364436028e-01,-8.529167331994366719e-03,-2.000918406098920188e-01
6.709999999999999076e+00,4.578037724355660254e-01,-7.750116141074038555e-04,-3.113492230162501206e-02,4.303079636407445285e-01,4.185492830278398735e-04,-1.582541242078603916e-01,4.769483629893003229e-01,-7.728149306868478674e-03,-1.847027303288997779e-01
6.720000000000000639e+00,4.572859762971281938e-01,-1.240640012927209102e-03,-8.856759761540955803e-03,4.368301121307944790e-01,2.713670355414376373e-04,-1.430077235925649171e-01,4.812246096577863508e-01,-6.840200878097862924e-03,-1.655679785179278718e-01
6.729999999999998650e+00,4.553393354276271121e-01,-1.726738206812448474e-03,1.247798611656962195e-02,4.425497474170965173e-01,9.035292271025621540e-05,-1.273947590687671272e-01,4.854092963851386333e-01,-5.824048991573335665e-03,-1.410784847552764842e-01
6.740000000000000213e+00,4.521559502942777420e-01,-2.222649807157296882e-03,3.268743100756165559e-02,4.474240989451064854e-01,-1.217212650072591745e-04,-1.115434903657729904e-01,4.881410782177296737e-01,-4.752369700836728272e-03,-1.192109027985011060e-01
6.750000000000001776e+00,4.479435123588944578e-01,-2.718773997844233740e-03,5.163081740518119661e-02,4.514299093491998538e-01,-3.616230687639153960e-04,-9.558547258602369256e-02,4.899594428009903524e-01,-3.347212094305010432e-03,-9.782662812715933742e-02
6.759999999999999787e+00,4.429161173677100827e-01,-3.206729426330766006e-03,6.920786285301853968e-02,4.545634775548814677e-01,-6.257477344053938772e-04,-7.965085603915152135e-02,4.902749390914850069e-01,-2.826415298818829580e-03,-8.154062614666887643e-02
6.769999999999997797e+00,4.372860394075999690e-01,-3.679435817372038973e-03,8.535643144769555768e-02,4.568409188062807491e-01,-9.094930718500011425e-04,-6.385485401107054981e-02,4.898932844055232660e-01,-1.564253502311263588e-03,-6.590960626998909611e-02
6.779999999999999361e+00,4.312567440128980412e-01,-4.131124509789545554e-03,1.000489219889491438e-01,4.582915369821849993e-01,-1.209497373430823723e-03,-4.832592783295503597e-02,4.890592072603745510e-01,-1.281659480150396102e-03,-5.093594256500139084e-02
6.790000000000000924e+00,4.250172962829120160e-01,-4.557290139190360058e-03,1.132877852151110004e-01,4.589620543514564832e-01,-1.521013946137894906e-03,-3.316175552821847006e-02,4.879090582996439274e-01,-1.282673434724199146e-03,-3.873789517110787228e-02
6.799999999999998934e+00,4.187382082476963641e-01,-4.954597596950870500e-03,1.251005670524525382e-01,4.589095024471089301e-01,-1.840194228451701207e-03,-1.846387919105424089e-02,4.858928297787794559e-01,-6.352609466206554645e-04,-2.310392743878447730e-02
6.809999999999996945e+00,4.125686760097197481e-01,-5.320758658324793201e-03,1.355348326230669531e-01,4.582011834783690230e-01,-2.163138753899846410e-03,-4.315766328346874389e-03,4.832546527401956338e-01,-5.075436227617996510e-04,-7.710372781271956910e-03
6.820000000000002061e+00,4.066350857020495924e-01,-5.654391204852111767e-03,1.446532654228273318e-01,4.569105928689641272e-01,-2.485775064116533661e-03,9.218630521600651787e-03,4.807445361472536538e-01,-4.591958520601124860e-04,4.752746378801908644e-03
6.830000000000000071e+00,4.010406193175071743e-01,-5.954872612005197331e-03,1.525291659993223137e-01,4.551166398259746115e-01,-2.805097449491006367e-03,2.207158624122260507e-02,4.778762621080999695e-01,2.861029276455956394e-04,1.732234510057095722e-02
6.839999999999998082e+00,3.958657656653615797e-01,-6.222196565874071710e-03,1.592425025212806655e-01,4.528976489705600628e-01,-3.117532768324967132e-03,3.421563417892124759e-02,4.751819411920709113e-01,7.282248854850736919e-04,2.796103806526484270e-02
6.849999999999999645e+00,3.911695350272916816e-01,-6.456840449728390961e-03,1.648765979864757758e-01,4.503357062678617351e-01,-3.420680139604095806e-03,4.560128868890232778e-02,4.732575721737699581e-01,8.634894772445445010e-04,3.487803119085558512e-02
6.860000000000001208e+00,3.869911843304646992e-01,-6.659647905293528819e-03,1.695154800251546523e-01,4.475047158302527528e-01,-3.712006107190623030e-03,5.623134308388422903e-02,4.661499293919392217e-01,1.190663107466044535e-03,5.671219720858877711e-02
6.869999999999999218e+00,3.833522783467242512e-01,-6.831729218523742431e-03,1.732418719015064446e-01,4.444817112065256870e-01,-3.989539520550183099e-03,6.607917153644531083e-02,4.612902272844514595e-01,1.387250252480098922e-03,6.953917217763078140e-02
6.879999999999997229e+00,3.802589372575564952e-01,-6.974380190717443216e-03,1.761357684966423920e-01,4.413314664274682331e-01,-4.251882610385744783e-03,7.516319139321833709e-02,4.534424802674303923e-01,1.718276546603322852e-03,8.785031497259138122e-02
6.889999999999998792e+00,3.777041482468800893e-01,-7.089018840286581517e-03,1.782735184185402499e-01,4.381179067347806821e-01,-4.497637459385768650e-03,8.348629779856989175e-02,4.465775286779058995e-01,1.946203258287107496e-03,1.018781325295405327e-01
6.900000000000000355e+00,3.756700457729789111e-01,-7.177138400434757842e-03,1.797273216822798669e-01,4.349006258751774157e-01,-4.725695396342205826e-03,9.105411309115948870e-02,4.395405308561596280e-01,1.874306277634157913e-03,1.145879128572531713e-01
6.909999999999998366e+00,3.741300899013864645e-01,-7.240274313379089707e-03,1.805650498201260556e-01,4.317205328999406122e-01,-4.936072734448238887e-03,9.791462659059993467e-02,4.321270233992240417e-01,1.997688933508795506e-03,1.272032667928539862e-01
6.919999999999999929e+00,3.730510934485972707e-01,-7.279982068495242410e-03,1.808502997091901987e-01,4.286265813833575189e-01,-5.127763065232299189e-03,1.040736231625987301e-01,4.239663880050383860e-01,2.154028446125430540e-03,1.394067512082757809e-01
6.930000000000001492e+00,3.723950663276769935e-01,-7.297824093054439652e-03,1.806426015760854709e-01,4.256511934054746371e-01,-5.300936533223978876e-03,1.095694209588831125e-01,4.188389562689160961e-01,2.285096940291914125e-03,1.469222509932579523e-01
6.939999999999999503e+00,3.721208593679878329e-01,-7.295362281159335077e-03,1.799977139792718339e-01,4.228186156738325541e-01,-5.455970638369628950e-03,1.144447149452446355e-01,4.140072938361863963e-01,2.515259807492856159e-03,1.528578858256484652e-01
6.949999999999997513e+00,3.721856005265942735e-01,-7.274154574695461048e-03,1.789679519973166044e-01,4.201566780046191441e-01,-5.592398168308695267e-03,1.187198114683303829e-01,4.128267522055566463e-01,2.230959802571250150e-03,1.524680680055644499e-01
6.959999999999999076e+00,3.725459242403414972e-01,-7.235753514007394957e-03,1.776025084659972053e-01,4.176723187330798059e-01,-5.711651749234104326e-03,1.224510085926249908e-01,4.136923766827717008e-01,1.895441882356116436e-03,1.497533963360942466e-01
6.970000000000000639e+00,3.731590003297348690e-01,-7.181705208179184861e-03,1.759477407309661401e-01,4.153798858992649445e-01,-5.813620688266022546e-03,1.256656599873405555e-01,4.145600943009761785e-01,1.609028502310511088e-03,1.477931445968455049e-01
6.979999999999998650e+00,3.739833728645861055e-01,-7.113548012505367321e-03,1.740474064469342552e-01,4.132867255456124100e-01,-5.898608833393895190e-03,1.283971820979768197e-01,4.184555520492994063e-01,1.011133423321791680e-03,1.426752908931092079e-01
6.990000000000000213e+00,3.749885015322135251e-01,-7.033398947844194359e-03,1.719404211092511736e-01,4.113921639020758914e-01,-5.968336103193056831e-03,1.306920610082265566e-01,4.223187312390593862e-01,6.166179809321409300e-04,1.395591744941679924e-01
7.000000000000001776e+00,3.763266588156285453e-01,-6.954885436860673564e-03,1.696096663708808183e-01,4.097543481943184962e-01,-6.027780239471691552e-03,1.325498630494583996e-01,4.261997824076648733e-01,-8.693418201137503853e-05,1.359360381104821602e-01
7.009999999999999787e+00,3.788787222699035451e-01,-6.933752753529760782e-03,1.667564195638366609e-01,4.086749227955959185e-01,-6.096465986573935091e-03,1.338134997230153445e-01,4.307480603834749067e-01,-5.697929936361867398e-04,1.311496532460542652e-01
7.019999999999997797e+00,3.830723739083553570e-01,-6.989095104359628434e-03,1.629457016411691439e-01,4.083431809955975766e-01,-6.183124612795904210e-03,1.343186107664243734e-01,4.350755509571603286e-01,-1.203106460785807741e-03,1.256934926198104430e-01
7.029999999999999361e+00,3.887707592350974073e-01,-7.090480184601696476e-03,1.578148472753347631e-01,4.087848706858237535e-01,-6.280104001965171844e-03,1.339587042071802014e-01,4.396396689592914075e-01,-8.590849409536166492e-04,1.183669248645561334e-01
7.040000000000000924e+00,3.957350679329135756e-01,-7.197224903237812998e-03,1.510742710335176153e-01,4.099929020284532877e-01,-6.375901293039588913e-03,1.326475317521556563e-01,4.417976547358026806e-01,-1.685832629574335328e-04,1.127928949374781276e-01
7.049999999999998934e+00,4.036712048495154082e-01,-7.271796247945617672e-03,1.425063913538214544e-01,4.119355584982123952e-01,-6.459475448903910684e-03,1.303159256763616047e-01,4.432275580366781265e-01,1.532325661252748050e-04,1.083003252793838800e-01
7.059999999999996945e+00,4.122434230900300367e-01,-7.283592635658335188e-03,1.319666945708479200e-01,4.145588127940003087e-01,-6.520904704639484024e-03,1.269069606741589640e-01,4.441739884004409777e-01,4.712879384525386905e-04,1.047519489303975204e-01
7.070000000000002061e+00,4.210883556975781872e-01,-7.209921328338111252e-03,1.193850245495685636e-01,4.177873122409477280e-01,-6.551580922867995989e-03,1.223766192118550811e-01,4.473282701080480983e-01,-1.846242477271248239e-04,9.275396076972458603e-02
7.080000000000000071e+00,4.298305271126461324e-01,-7.036064968447802714e-03,1.047658440834800531e-01,4.215257445122136959e-01,-6.544424759046028363e-03,1.166963120071371207e-01,4.501620046764772676e-01,-6.168538100507631183e-04,8.479468417546381920e-02
7.089999999999998082e+00,4.380986525085385219e-01,-6.754926672722354891e-03,8.818648294637422558e-02,4.256620219642707204e-01,-6.493853208911001297e-03,1.098528358982059777e-01,4.516272539897437932e-01,-7.296939827376447418e-04,8.135806115751853529e-02
7.099999999999999645e+00,4.455417136493408647e-01,-6.366383034880549602e-03,6.979275045913096998e-02,4.300706548511681326e-01,-6.395851220803347101e-03,1.018500317591581050e-01,4.531840960347424119e-01,-1.256700153013615151e-03,7.745622533035018131e-02
7.110000000000001208e+00,4.518437570293893923e-01,-5.876404716655974150e-03,4.979170829125902087e-02,4.346186575016880993e-01,-6.247244179412168169e-03,9.270087728093817647e-02,4.661412542033624984e-01,-1.485977762634219101e-03,5.386216327329768072e-02
7.119999999999999218e+00,4.567364774835102614e-01,-5.296004765826093502e-03,2.844179671719504476e-02,4.391666354676310724e-01,-6.046572017093852433e-03,8.243863334526330133e-02,4.740384649296821573e-01,-2.219715363889235293e-03,3.474550484571886644e-02
7.129999999999997229e+00,4.600088678235422779e-01,-4.640084612905791273e-03,6.040829781194479060e-03,4.435735316539100026e-01,-5.794290421558986187e-03,7.111874129029863156e-02,4.775422910891888861e-01,-2.667807131384314356e-03,1.973167073277037886e-02
7.139999999999998792e+00,4.615134848899158926e-01,-3.926247630305002533e-03,-1.708740566609724676e-02,4.477025314145339774e-01,-5.491731298529586164e-03,5.880809220380026764e-02,4.802452574966026289e-01,-3.469581943229244070e-03,2.747499020348320720e-03
7.150000000000000355e+00,4.611691665649848004e-01,-3.173645172043822443e-03,-4.060710296345639708e-02,4.514235668107147159e-01,-5.141933677568420215e-03,4.559484290392933764e-02,4.825355840249354600e-01,-4.304901055261226017e-03,-1.287178658655119268e-02
7.159999999999998366e+00,4.589603026271856789e-01,-2.401909240914396320e-03,-6.418408894133854903e-02,4.546184984027467069e-01,-4.749268908059206019e-03,3.158147497531589576e-02,4.839970794531075482e-01,-4.580013210141134494e-03,-2.425617164866450404e-02
7.169999999999999929e+00,4.549329927878785762e-01,-1.630212352059039280e-03,-8.749840190871764622e-02,4.571833679808016693e-01,-4.318761919333411435e-03,1.688190797891369124e-02,4.855662705044062610e-01,-5.077890351780217637e-03,-3.749372495358771484e-02
7.180000000000001492e+00,4.491886029907599109e-01,-8.764838275972448075e-04,-1.102551579611379118e-01,4.590319206107390526e-01,-3.856753624579290288e-03,1.622967520164349427e-03,4.874731359960928767e-01,-6.613312846166105596e-03,-5.966150613396847824e-02
7.189999999999999503e+00,4.418753484993627190e-01,-1.567983305856153996e-04,-1.321932465744030949e-01,4.600970239048138843e-01,-3.370076098260237248e-03,-1.406366233176142497e-02,4.881338878168134388e-01,-8.997422423454887186e-03,-8.326283505714687783e-02
7.199999999999997513e+00,4.331785880555865109e-01,5.150584683537061739e-04,-1.530915906057452036e-01,4.603319892208988517e-01,-2.866112283106487559e-03,-3.003910344932555349e-02,4.872363210592899341e-01,-1.076385231599821801e-02,-1.048482555204732214e-01
7.209999999999999076e+00,4.233105110198522869e-01,1.127851765719576965e-03,-1.727728979200028880e-01,4.597109415211323991e-01,-2.352463666256451435e-03,-4.616608119185049847e-02,4.852312414867957502e-01,-1.182489299338163047e-02,-1.217832665976337214e-01
7.220000000000000639e+00,4.124998486232487882e-01,1.673001154036352816e-03,-1.911050018105276416e-01,4.582285888875442526e-01,-1.836803768597024700e-03,-6.230762947687756848e-02,4.813683463467904877e-01,-1.239290374690685259e-02,-1.424913311660164772e-01
7.229999999999998650e+00,4.009821497089403053e-01,2.144545301844023606e-03,-2.080000316429693186e-01,4.558990462853126924e-01,-1.326613695316491591e-03,-7.833307119989527112e-02,4.753638678190772460e-01,-1.265434841010211475e-02,-1.653580644329667448e-01
7.240000000000000213e+00,3.889910479127294818e-01,2.538992801343711771e-03,-2.234117550404152996e-01,4.527544156796703412e-01,-8.290010407464200185e-04,-9.411916981423552875e-02,4.696487756345621989e-01,-1.224378029658471090e-02,-1.829423363442005124e-01
7.250000000000001776e+00,3.767508189381610917e-01,2.855085956717712259e-03,-2.373314989238337058e-01,4.488427806409536758e-01,-3.506459861841485729e-04,-1.095527054027862629e-01,4.635045339709944479e-01,-1.284047306857639958e-02,-2.001219090590745653e-01
7.259999999999999787e+00,3.644704005226989674e-01,3.093504932169499969e-03,-2.497830789595887058e-01,4.442256357590889104e-01,1.025864413940933643e-04,-1.245329181007022168e-01,4.580425357096268302e-01,-1.345909566842917737e-02,-2.152185033549567639e-01
7.269999999999997797e+00,3.523389296164790574e-01,3.256538350855406154e-03,-2.608171582328161486e-01,4.389755211998931927e-01,5.254535085325360124e-04,-1.389719902727570011e-01,4.526661707598362838e-01,-1.377837099327892945e-02,-2.303947298323305026e-01
7.279999999999999361e+00,3.405227527232780327e-01,3.347743430079254574e-03,-2.705054173098783155e-01,4.331730138485984094e-01,9.137222402815258545e-04,-1.527967371017384113e-01,4.480420139901791776e-01,-1.382090279841896585e-02,-2.427224131271971952e-01
7.290000000000000924e+00,3.291637860873706245e-01,3.371615379389838237e-03,-2.789348621863564359e-01,4.269045609800372620e-01,1.263526441269883106e-03,-1.659475931942669957e-01,4.430708227332740279e-01,-1.336500743006241443e-02,-2.547348292573473616e-01
7.299999999999998934e+00,3.183790503342743827e-01,3.333280955104753196e-03,-2.862025268567196523e-01,4.202590002351677123e-01,1.572562442121981608e-03,-1.783805240868298059e-01,4.380670335858924958e-01,-1.360606876349870764e-02,-2.652146770599788095e-01
7.309999999999996945e+00,3.082611718295500403e-01,3.238227055222111812e-03,-2.924107561896102103e-01,4.133261892458473530e-01,1.838500023606019773e-03,-1.900642036122703882e-01,4.337828724704905214e-01,-1.387078130675256649e-02,-2.732067219031694694e-01
7.320000000000002061e+00,2.988796336624786609e-01,3.092070750048991814e-03,-2.976631843495513574e-01,4.061940307103405479e-01,2.060457814069924232e-03,-2.009809349749183127e-01,4.279679836490002387e-01,-1.418372133425796489e-02,-2.831640097566567316e-01
7.330000000000000071e+00,2.902825651426618747e-01,2.900373597506639579e-03,-3.020614615972948558e-01,3.989469757510311076e-01,2.237910088468678636e-03,-2.111247353588964204e-01,4.218667338292606539e-01,-1.495259782104653434e-02,-2.929458647980680563e-01
7.339999999999998082e+00,2.824988786645860617e-01,2.668499559359578145e-03,-3.057027294771379466e-01,3.916645601150533507e-01,2.370959991460726193e-03,-2.204999658693906905e-01,4.169942442318218534e-01,-1.604182769409784326e-02,-3.010687216626178886e-01
7.349999999999999645e+00,2.755405885178313641e-01,2.401513906788829006e-03,-3.086778039834759402e-01,3.844201627701600010e-01,2.460559046778368255e-03,-2.291201210883822836e-01,4.121835449801501960e-01,-1.707440019503467243e-02,-3.089934375220759755e-01
7.360000000000001208e+00,2.694051775007302862e-01,2.104118694795289318e-03,-3.110699970660603109e-01,3.772797646698701213e-01,2.507707218758474955e-03,-2.370066559530973338e-01,4.077482425043328362e-01,-1.768918518192973133e-02,-3.156711171378386860e-01
7.369999999999999218e+00,2.640779094812302219e-01,1.780618913657079985e-03,-3.129544887969510358e-01,3.703026256632524493e-01,2.514219084981079294e-03,-2.441862035784763962e-01,4.028192625977584651e-01,-1.854213108118620001e-02,-3.224241240470828163e-01
7.379999999999997229e+00,2.595340134478238414e-01,1.434914007993616210e-03,-3.143981543712746629e-01,3.635388278858367461e-01,2.481872386592850165e-03,-2.506916050169067378e-01,3.962785060501426981e-01,-1.969422279928031982e-02,-3.300817577321996099e-01
7.389999999999998792e+00,2.557406927254834428e-01,1.070508383895875555e-03,-3.154597489615842409e-01,3.570320184176351552e-01,2.412875774767558358e-03,-2.565575663187602551e-01,3.892078078612803971e-01,-2.033531170217355022e-02,-3.367282643418185728e-01
7.400000000000000355e+00,2.526589325803660357e-01,6.905358200724690670e-04,-3.161903586349379403e-01,3.508167708296049958e-01,2.309539013269600038e-03,-2.618224736272108943e-01,3.825314871242605497e-01,-2.162629779264256535e-02,-3.419874700920350619e-01
7.409999999999998366e+00,2.502450973854319916e-01,2.977926181421401870e-04,-3.166340342329126978e-01,3.449213526720674716e-01,2.174236799506075457e-03,-2.665248782108580738e-01,3.764322435014015866e-01,-2.238173310725107001e-02,-3.461340039507666555e-01
7.419999999999999929e+00,2.484523197942051509e-01,-1.052244709432558628e-04,-3.168285363346477479e-01,3.393670497113751017e-01,2.009427716526132526e-03,-2.707038237622750865e-01,3.713554985746494452e-01,-2.336446721177308505e-02,-3.491255679570460235e-01
7.430000000000001492e+00,2.472316926030257989e-01,-5.162787250144803154e-04,-3.168061315302051484e-01,3.341659879032409242e-01,1.817637238975605999e-03,-2.744003112332277783e-01,3.670106017633362194e-01,-2.373710443566193207e-02,-3.513035466237107718e-01
7.439999999999999503e+00,2.465332794982747766e-01,-9.333551252942067292e-04,-3.165943923793106407e-01,3.293275688127982881e-01,1.601245391197877749e-03,-2.776517038625239686e-01,3.634104438818921423e-01,-2.405619040407493137e-02,-3.528302189041240822e-01
7.449999999999997513e+00,2.463069627017561714e-01,-1.354625015612328631e-03,-3.162169649490290668e-01,3.248555641173958564e-01,1.362622725602362882e-03,-2.804944545128740807e-01,3.601643597853636525e-01,-2.468248652474563931e-02,-3.542255258288881659e-01
7.459999999999999076e+00,2.465031456849865743e-01,-1.778414637089586461e-03,-3.156942781287672695e-01,3.207451471181253511e-01,1.104220529346001001e-03,-2.829663515040012345e-01,3.578684254074492310e-01,-2.468992523380603155e-02,-3.537836130968587955e-01
7.470000000000000639e+00,2.470733296310232696e-01,-2.203178724192502054e-03,-3.150441778952595140e-01,3.169893253529463828e-01,8.283361966623991940e-04,-2.851017089829422368e-01,3.560545735711875270e-01,-2.488531492776942244e-02,-3.531466970941525840e-01
7.479999999999998650e+00,2.479705794103285454e-01,-2.627478919212174191e-03,-3.142824771926941430e-01,3.135816288608283542e-01,5.370645523304728823e-04,-2.869300878092191365e-01,3.548343736533896564e-01,-2.460276307414208108e-02,-3.516378797625362984e-01
7.490000000000000213e+00,2.491703585161056111e-01,-3.046137902358115289e-03,-3.134281544274884479e-01,3.105179554309406287e-01,2.337710857675877156e-04,-2.884797190950836310e-01,3.542778539928588266e-01,-2.461937234766903293e-02,-3.504829544127914809e-01
7.500000000000001776e+00,2.508832690866277804e-01,-3.412870868552701255e-03,-3.125370337278317590e-01,3.078754423466202872e-01,-6.406543784038989768e-05,-2.897639916397928839e-01,3.545397620452495069e-01,-2.423808245374220460e-02,-3.484083660889720768e-01
7.509999999999999787e+00,2.539373523546115674e-01,-3.588199636116250202e-03,-3.116770384324880072e-01,3.059591916566259395e-01,-3.062282592050903033e-04,-2.907433286125709615e-01,3.556112016945637277e-01,-2.366635105084356760e-02,-3.456136557891009153e-01
7.519999999999997797e+00,2.588225569830556738e-01,-3.543125149510033094e-03,-3.106327862242291293e-01,3.049836167862839953e-01,-4.767706351546071360e-04,-2.913444713152694709e-01,3.575224850205647176e-01,-2.308781382812445659e-02,-3.423018000049214415e-01
7.529999999999999361e+00,2.656212577200799396e-01,-3.321260260103493789e-03,-3.090718792814868832e-01,3.050327791521701970e-01,-5.828777705778271159e-04,-2.914988522467010235e-01,3.603500549885618742e-01,-2.256746269175344266e-02,-3.385277489367373716e-01
7.540000000000000924e+00,2.743064407459434029e-01,-2.964814745832040736e-03,-3.066723849439247918e-01,3.061555459648756528e-01,-6.311787508909124170e-04,-2.911437253217514787e-01,3.630886232955551352e-01,-2.215696564619094866e-02,-3.353931547540017211e-01
7.549999999999998934e+00,2.847661940826402560e-01,-2.513386185922707183e-03,-3.031342949998195868e-01,3.083749673056380147e-01,-6.287223110717093683e-04,-2.902138917329281642e-01,3.659688662576671137e-01,-2.166250131355113018e-02,-3.325394660350914355e-01
7.559999999999996945e+00,2.968134373357007583e-01,-2.003961695878775026e-03,-2.981874107267611929e-01,3.116871443520187190e-01,-5.827707141423657186e-04,-2.886440090715418072e-01,3.737835641070256232e-01,-2.072105781157478066e-02,-3.256924022360873083e-01
7.570000000000002061e+00,3.101961586898682177e-01,-1.470491994533174767e-03,-2.916002611360250518e-01,3.160624105806726369e-01,-5.008775332505956395e-04,-2.863682871500390359e-01,3.771579675249084884e-01,-2.016419331686719607e-02,-3.226952642590906195e-01
7.580000000000000071e+00,3.246091893255773075e-01,-9.433744493585166212e-04,-2.831892752508978761e-01,3.214469691488823777e-01,-3.907985931298533187e-04,-2.833216912527433684e-01,3.946229536150225314e-01,-1.871781189400682777e-02,-3.087165977015454144e-01
7.589999999999998082e+00,3.397076484736543667e-01,-4.489764710421950689e-04,-2.728271383817937878e-01,3.277653084101813108e-01,-2.605023230286363043e-04,-2.794411456345505806e-01,4.035175537619388741e-01,-1.806881449168676324e-02,-3.008114621554738299e-01
7.599999999999999645e+00,3.551217887692022512e-01,-9.271967786892657687e-06,-2.604493018358897127e-01,3.349196384196804210e-01,-1.178183663613275624e-04,-2.746701093655202763e-01,4.141674661924465983e-01,-1.724771667875293901e-02,-2.893700411180843424e-01
7.610000000000001208e+00,3.704726885596646979e-01,3.583733660361750496e-04,-2.460578287956196875e-01,3.427970260419615500e-01,2.932484079919031421e-05,-2.689571799130255902e-01,4.221423617801652872e-01,-1.642515295806359910e-02,-2.803779770703026530e-01
7.619999999999999218e+00,3.853880653599751627e-01,6.412547830950598906e-04,-2.297220582069509631e-01,3.512655353441687667e-01,1.736639196764208550e-04,-2.622649435951886487e-01,4.308174168432206130e-01,-1.551413959712726054e-02,-2.698953168239356382e-01
7.629999999999997229e+00,3.995174018429689666e-01,8.312223376766366030e-04,-2.115758988287854969e-01,3.601871795780827723e-01,3.078502704436337709e-04,-2.545634961925462014e-01,4.390611077597157408e-01,-1.461904126080793009e-02,-2.592789459814173192e-01
7.639999999999998792e+00,4.125455835826911666e-01,9.244286732622519721e-04,-1.918118842309299577e-01,3.694101399367111238e-01,4.255900093975416602e-04,-2.458437201365340496e-01,4.483630672417869834e-01,-1.396844375991496134e-02,-2.461823990862661848e-01
7.650000000000000355e+00,4.242043372710699312e-01,9.209502174854627141e-04,-1.706723941426157576e-01,3.787837480244046762e-01,5.209075508978054875e-04,-2.361076641485461702e-01,4.582223485487770809e-01,-1.330828230857274141e-02,-2.301766048957506472e-01
7.659999999999998366e+00,4.342809092828272544e-01,8.243058452517490215e-04,-1.484386659553956489e-01,3.881530490871290540e-01,5.888862822025681164e-04,-2.253795583306232309e-01,4.658143991192430500e-01,-1.267773562177730573e-02,-2.152040679375074317e-01
7.669999999999999929e+00,4.426236250883117118e-01,6.409006611576459041e-04,-1.254183614871325902e-01,3.973688040674953070e-01,6.254577485515715836e-04,-2.136994814913300844e-01,4.736811988823067532e-01,-1.224419293363912531e-02,-1.947592920400821881e-01
7.680000000000001492e+00,4.491441922774048190e-01,3.794242921493621613e-04,-1.019325220404562332e-01,4.062877172367991285e-01,6.276677478176834754e-04,-2.011272540130121800e-01,4.795765604033372931e-01,-1.136249664316098251e-02,-1.736726472251483300e-01
7.689999999999999503e+00,4.538168350383600669e-01,5.023294274533057508e-05,-7.830273412969766811e-02,4.147770316539952096e-01,5.934823149850616819e-04,-1.877402910281620041e-01,4.829363674777749083e-01,-1.035949456166908311e-02,-1.566915283521064517e-01
7.699999999999997513e+00,4.566745522778518085e-01,-3.352551413729514462e-04,-5.483925028552716352e-02,4.227198742062910908e-01,5.227624278803049383e-04,-1.736280227620283223e-01,4.852085532816751146e-01,-9.207463711134414308e-03,-1.398888330486513232e-01
7.709999999999999076e+00,4.578029578729368443e-01,-7.651266879588544678e-04,-3.183067897160732351e-02,4.300114707800590241e-01,4.150178066886309886e-04,-1.589003616144097908e-01,4.868484539069132255e-01,-8.218728781242662373e-03,-1.205215095832718186e-01
7.720000000000000639e+00,4.573322783684052872e-01,-1.227479843223700570e-03,-9.535687646495896036e-03,4.365668643362383139e-01,2.710465291319271233e-04,-1.436764482814150978e-01,4.873667692787361228e-01,-7.962129120393957038e-03,-1.057596450763934881e-01
7.729999999999998650e+00,4.554281437572045288e-01,-1.710855356169219393e-03,1.182302200619794394e-02,4.423239400325877924e-01,9.374505788359847229e-05,-1.280761156233081732e-01,4.874015289399210582e-01,-7.935062009144136508e-03,-8.841786037857193858e-02
7.740000000000000213e+00,4.522818122511814143e-01,-2.204581795905628458e-03,3.206239353195073499e-02,4.472359019276744840e-01,-1.153117772722440666e-04,-1.122350978116033599e-01,4.871849593171285742e-01,-7.533439926987753332e-03,-7.543600166933334128e-02
7.750000000000001776e+00,4.481004256919727813e-01,-2.699030681772680244e-03,5.104044420065447646e-02,4.512794668999665082e-01,-3.528154203682463182e-04,-9.628364802205645334e-02,4.867987145885224187e-01,-6.713176881346941127e-03,-6.199041527342230573e-02
7.759999999999999787e+00,4.430978090654908996e-01,-3.185783412822690286e-03,6.865567469137517920e-02,4.544515788719577509e-01,-6.145189167891055562e-04,-8.034713689123872127e-02,4.861642655328035634e-01,-5.553627026819440982e-03,-4.879880587140439374e-02
7.769999999999997797e+00,4.374862181802876560e-01,-3.657716059504299150e-03,8.484479231395088139e-02,4.567649237742444912e-01,-8.972386648212677708e-04,-6.455486315095609884e-02,4.850469836764654818e-01,-4.899717257477939625e-03,-3.525296449629916617e-02
7.779999999999999361e+00,4.314693174529136144e-01,-4.109012603104468704e-03,9.957913932012715796e-02,4.582512858259790711e-01,-1.196392472026438234e-03,-4.901994488903629182e-02,4.835373412468022547e-01,-5.083602945529869244e-03,-2.333799022145621738e-02
7.790000000000000924e+00,4.252365474580961924e-01,-4.535119195362384906e-03,1.128602379750839879e-01,4.589557065223507371e-01,-1.507686777629571899e-03,-3.384957402646286695e-02,4.817006592155946842e-01,-3.701913234963521981e-03,-1.216578315044236636e-02
7.799999999999998934e+00,4.189589298668164874e-01,-4.932653012471939664e-03,1.247148497386374177e-01,4.589349244402208261e-01,-1.827076869619485107e-03,-1.914216417081048005e-02,4.799174431103533367e-01,-3.272826286892641101e-03,-2.183215695798990108e-03
7.809999999999996945e+00,4.127862631806864524e-01,-5.299280531291362430e-03,1.351899044232342806e-01,4.582562307266565549e-01,-2.150468132462461570e-03,-4.977117394690629658e-03,4.779720229010478993e-01,-1.761059143336726751e-03,7.888338228729196988e-03
7.820000000000002061e+00,4.068455905049757071e-01,-5.633577800046416124e-03,1.443475955402514499e-01,4.569927003284290357e-01,-2.473854419826402966e-03,8.573001802919200109e-03,4.759931051062583629e-01,2.570475514972331288e-04,1.722406153860944755e-02
7.830000000000000071e+00,4.012407719291319896e-01,-5.934884497509589595e-03,1.522608682065261509e-01,4.552221318700654384e-01,-2.793585519878863388e-03,2.145089899719423987e-02,4.742740434565156926e-01,2.049343701369651938e-03,2.552000606033555385e-02
7.839999999999998082e+00,3.960529676112498620e-01,-6.203160946759668157e-03,1.590094541596074607e-01,4.530244414201978209e-01,-3.106870486205512774e-03,3.361479185015216892e-02,4.722601113352130620e-01,3.084728734619471280e-03,3.443960864904327401e-02
7.849999999999999645e+00,3.913418304172458506e-01,-6.438855647954948649e-03,1.646765406234464990e-01,4.504789995935470359e-01,-3.410361054313138830e-03,4.503225626383296210e-02,4.700637151326747531e-01,4.197322350472348917e-03,4.333047852630694807e-02
7.860000000000001208e+00,3.871472147336890157e-01,-6.642787446438129344e-03,1.693461008072428275e-01,4.476632341241174595e-01,-3.701802107421436026e-03,5.568430812673125230e-02,4.674792764846548154e-01,5.565433578383877089e-03,5.260718549053156057e-02
7.869999999999999218e+00,3.834912264766161538e-01,-6.816045573768169871e-03,1.731008660323681281e-01,4.446508283960683428e-01,-3.979555296358121275e-03,6.556330023782941385e-02,4.642616971380403301e-01,6.677167033799641382e-03,6.336142332218064332e-02
7.879999999999997229e+00,3.803804639363367879e-01,-6.959908027250319082e-03,1.760208843656166089e-01,4.415102634909684465e-01,-4.241480074060725164e-03,7.467057578623571834e-02,4.603433781356101040e-01,8.429852126133993706e-03,7.472966179926043839e-02
7.889999999999998792e+00,3.778083263492737487e-01,-7.075777824096449176e-03,1.781825876015642740e-01,4.383043976791439755e-01,-4.486828864047687562e-03,8.301568281149403206e-02,4.569554271920908128e-01,9.449165421650182473e-03,8.337876964555773762e-02
7.900000000000000355e+00,3.757572940705117270e-01,-7.165135448531640208e-03,1.796582764332627091e-01,4.350890888941810197e-01,-4.714704184608113635e-03,9.061633647980947559e-02,4.525414233295541599e-01,1.090859187820919507e-02,9.428949270919845249e-02
7.909999999999998366e+00,3.742011090189590328e-01,-7.229505381503848263e-03,1.805159307663295187e-01,4.319128374261784198e-01,-4.924316015732434215e-03,9.749684309571540752e-02,4.485271251686836491e-01,1.174448533642345749e-02,1.028707039067374152e-01
7.919999999999999929e+00,3.731068055240261971e-01,-7.270433664699953689e-03,1.808192563554304189e-01,4.288186591357348587e-01,-5.115799121803836849e-03,1.036816451601096090e-01,4.449791981194375357e-01,1.205461209275150714e-02,1.092559122148924478e-01
7.930000000000001492e+00,3.724365594401908286e-01,-7.289474348738172668e-03,1.806278879935961090e-01,4.258401661365817104e-01,-5.288867383652941928e-03,1.092054647715090393e-01,4.404700292299760234e-01,1.205017625208440468e-02,1.155463033295874298e-01
7.939999999999999503e+00,3.721493373985353958e-01,-7.288181933415483274e-03,1.799976816730205487e-01,4.230040941109486918e-01,-5.443575848174336297e-03,1.141051843025393531e-01,4.358435732821299702e-01,1.222758197536225055e-02,1.214771492265572239e-01
7.949999999999997513e+00,3.722023387824393570e-01,-7.268107704765951541e-03,1.789810415885105532e-01,4.203342350792761972e-01,-5.580388629117256916e-03,1.184107739499541539e-01,4.318739283284919184e-01,1.271642229056761664e-02,1.277819259541290164e-01
7.959999999999999076e+00,3.725522309395669640e-01,-7.230798130147402490e-03,1.776272414130035393e-01,4.178441670895790550e-01,-5.699660165078483491e-03,1.221640149014373289e-01,4.281752769166478068e-01,1.299486589609603893e-02,1.336188759233356560e-01
7.970000000000000639e+00,3.731561838633455364e-01,-7.177793902650442259e-03,1.759827119302345977e-01,4.155421969277676708e-01,-5.801915389866527453e-03,1.254062126468596106e-01,4.248048937312344231e-01,1.279609458345229434e-02,1.373554522974335113e-01
7.979999999999998650e+00,3.739727146156895388e-01,-7.110628512110048725e-03,1.740912782501108091e-01,4.134333383015881824e-01,-5.887851570049595570e-03,1.281753276058564539e-01,4.215162367065748983e-01,1.178858905900538601e-02,1.383768905563207419e-01
7.990000000000000213e+00,3.749775922479403056e-01,-7.031836703187466231e-03,1.719901866364079712e-01,4.115253855164119345e-01,-5.958621144006125483e-03,1.305016014699568183e-01,4.193240579982030480e-01,1.039818043525843339e-02,1.376364384137609420e-01
8.000000000000001776e+00,3.763607545967097567e-01,-6.957269424671856141e-03,1.696494600166331412e-01,4.098894736861803945e-01,-6.020009400067556984e-03,1.323783259936580359e-01,4.200302068470459504e-01,1.028004968183959811e-02,1.385636871960143068e-01
8.009999999999999787e+00,3.789828317181171968e-01,-6.941052224113732419e-03,1.667643620542683947e-01,4.088227558553916285e-01,-6.091024556634718791e-03,1.336489653434680958e-01,4.210593496675395508e-01,9.965555665197217694e-03,1.369115883043275361e-01
8.019999999999997797e+00,3.832439330574072267e-01,-6.999890094866263214e-03,1.629035166831744597e-01,4.085066966514527276e-01,-6.179680544666488889e-03,1.341508908154270818e-01,4.230467443444495546e-01,8.892555016444647631e-03,1.334792831506736999e-01
8.029999999999999361e+00,3.890023607582110410e-01,-7.102832765535248803e-03,1.577076241921951116e-01,4.089648180042645409e-01,-6.278018766672679128e-03,1.337796137056944112e-01,4.258899666944342410e-01,7.527094336888653925e-03,1.290507395063630325e-01
8.040000000000000924e+00,3.960166324003680516e-01,-7.209309110962293723e-03,1.508902800481037865e-01,4.101890031527905545e-01,-6.374581439016069849e-03,1.324506905212466945e-01,4.291254390659152707e-01,6.263967514771470735e-03,1.243419380431776133e-01
8.049999999999998934e+00,4.039904659140054477e-01,-7.282074691413389575e-03,1.422370363030603380e-01,4.121470713234405281e-01,-6.458364467315745421e-03,1.300951195591132925e-01,4.326806932172504450e-01,4.416270889348677953e-03,1.171855087077304791e-01
8.059999999999996945e+00,4.125864225759315884e-01,-7.290863926514306974e-03,1.316065281305137113e-01,4.147845053573863128e-01,-6.519436440314094194e-03,1.266559337797099616e-01,4.372800436608094143e-01,3.366718799579518362e-03,1.105804941878937298e-01
8.070000000000002061e+00,4.214400255587038013e-01,-7.213327465105565453e-03,1.189317710661549066e-01,4.180244116390958720e-01,-6.549422750948280178e-03,1.220920860356466547e-01,4.417813276708912884e-01,2.605020225714974047e-03,1.037400742928957231e-01
8.080000000000000071e+00,4.301753406281668135e-01,-7.035081308784141806e-03,1.042203789819594328e-01,4.217702749138929619e-01,-6.541469446040024636e-03,1.163776502802324475e-01,4.471434844675147291e-01,1.945275199239607233e-03,9.475932659368763167e-02
8.089999999999998082e+00,4.384213063701358215e-01,-6.749340014793999733e-03,8.755272857491067096e-02,4.259103830995323858e-01,-6.489799509186832543e-03,1.094973503242515495e-01,4.523384104277534679e-01,1.546277096783482685e-03,8.535263599789827405e-02
8.099999999999999645e+00,4.458277956397762587e-01,-6.356259666384867814e-03,6.907746435933209694e-02,4.303187705855797129e-01,-6.390454506174442911e-03,1.014557559280458571e-01,4.565115236767949281e-01,1.103511763325723538e-03,7.695464168035193175e-02
8.110000000000001208e+00,4.520803550553602612e-01,-5.862050289820484178e-03,4.900415749692039330e-02,4.348626785470020017e-01,-6.240060260042432430e-03,9.226363445222406090e-02,4.627058075787180424e-01,-2.649072005310032507e-04,6.349820782513526662e-02
8.119999999999999218e+00,4.569126921114591844e-01,-5.277918852616232323e-03,2.759332766400247189e-02,4.394013784812050849e-01,-6.037582850486994737e-03,8.195928139464304929e-02,4.672797153608980736e-01,-3.198702188524082946e-04,5.221213319393519514e-02
8.129999999999997229e+00,4.601162001192732331e-01,-4.618912068611322544e-03,5.144356251186346998e-03,4.437938380637304059e-01,-5.783539332007514230e-03,7.059883092076854605e-02,4.702539264363623239e-01,-6.161644246112651935e-04,4.295743110020772138e-02
8.139999999999998792e+00,4.615460826908663328e-01,-3.902730153700388442e-03,-1.801796608573790967e-02,4.479032857170859860e-01,-5.479291162886416010e-03,5.825006095099525411e-02,4.734204056583845022e-01,-1.103448198013945447e-03,3.181034574606894649e-02
8.150000000000000355e+00,4.611239238912344662e-01,-3.148575014753977365e-03,-4.155740929953243706e-02,4.516000010560340394e-01,-5.127958156234836001e-03,4.500205341212910881e-02,4.767022853531339699e-01,-1.568956264684950863e-03,1.801379917842460543e-02
8.159999999999998366e+00,4.588368177399909098e-01,-2.376087063011806961e-03,-6.513993973225871981e-02,4.547663858072216736e-01,-4.733844979556628592e-03,3.095609562051335195e-02,4.795652730353835436e-01,-2.272395386213502122e-03,2.275331069707842158e-03
8.169999999999999929e+00,4.547333995779883620e-01,-1.604410665919251289e-03,-8.844624958535760029e-02,4.572988601635615824e-01,-4.302276393507979517e-03,1.623048416455550799e-02,4.816730847833854412e-01,-3.068174507415949437e-03,-1.349096235985436376e-02
8.180000000000001492e+00,4.489172973830584668e-01,-8.514169740007913921e-04,-1.111825495425297627e-01,4.591120205111804964e-01,-3.839460386929840000e-03,9.483506348054258211e-04,4.833085498104996436e-01,-4.442088965644686027e-03,-3.022943839048597425e-02
8.189999999999999503e+00,4.415386360720996439e-01,-1.330995707411890315e-04,-1.330891729433904269e-01,4.601393819558303733e-01,-3.352368767474721463e-03,-1.475362628684849520e-02,4.845536871316374894e-01,-5.897834396123333156e-03,-4.566529672780439419e-02
8.199999999999997513e+00,4.327842811926955746e-01,5.368528184419014797e-04,-1.539467342471679545e-01,4.603351364005972557e-01,-2.848339609080644073e-03,-3.074053975355654431e-02,4.853196833876645133e-01,-6.937641461695912004e-03,-5.929125461314416201e-02
8.209999999999999076e+00,4.228675033899842450e-01,1.147311173344477044e-03,-1.735797774794384518e-01,4.596743550328184491e-01,-2.335033027254223431e-03,-4.687189567028707954e-02,4.859679370731364578e-01,-8.589420686474169564e-03,-7.834513862010594742e-02
8.220000000000000639e+00,4.120176928027503016e-01,1.689803580417862132e-03,-1.918580177384129892e-01,4.581523603956598745e-01,-1.820055520903371329e-03,-6.301317890671423450e-02,4.858059107231740281e-01,-1.005626638304651932e-02,-9.760503147408930436e-02
8.229999999999998650e+00,4.004706594921933482e-01,2.158474473187978020e-03,-2.086954239507164965e-01,4.557842004210301834e-01,-1.310913459118607637e-03,-7.903258844687388596e-02,4.845205722220577993e-01,-1.126416586595227476e-02,-1.135212840479688512e-01
8.240000000000000213e+00,3.884599428234404850e-01,2.549931096353363295e-03,-2.240474868539948095e-01,4.526025668152967585e-01,-8.146674127410879823e-04,-9.480794867791812741e-02,4.830841723786589714e-01,-1.259222348230100430e-02,-1.282823632195486396e-01
8.250000000000001776e+00,3.762094221711599351e-01,2.863004009883957091e-03,-2.379070836516769261e-01,4.486562059960305660e-01,-3.379380081542163183e-04,-1.102261986616676348e-01,4.807943632905770093e-01,-1.372202778071256180e-02,-1.426164457511793771e-01
8.259999999999999787e+00,3.639273970879586262e-01,3.098449104741594386e-03,-2.502993683435540961e-01,4.440071476965732900e-01,1.134290878267013841e-04,-1.251870583664734249e-01,4.781090927966942239e-01,-1.539317056595490563e-02,-1.568465829134542966e-01
8.269999999999997797e+00,3.518021868217880432e-01,3.258616999915637039e-03,-2.612761082601521290e-01,4.387257796347116545e-01,5.342488492955178902e-04,-1.396099748655347805e-01,4.749508018694508227e-01,-1.717902574769182567e-02,-1.712354440182809190e-01
8.279999999999999361e+00,3.399992002148030656e-01,3.347113050753870375e-03,-2.709098480253160912e-01,4.328936905290380888e-01,9.202978061485342538e-04,-1.534181493148270015e-01,4.723962303947086827e-01,-1.840268255503114958e-02,-1.812854380547642419e-01
8.290000000000000924e+00,3.286593507902912381e-01,3.368467220377355676e-03,-2.792882240146021267e-01,4.266018986117237066e-01,1.268037566095906767e-03,-1.665428731465381229e-01,4.692532532934442502e-01,-1.970286099946930158e-02,-1.922252913838222166e-01
8.299999999999998934e+00,3.178986388674639452e-01,3.327828676565808708e-03,-2.865086838773950872e-01,4.199301838704904699e-01,1.575017316682295575e-03,-1.789595549279666409e-01,4.655954159160048400e-01,-2.121638752912807790e-02,-2.034686449697938326e-01
8.309999999999996945e+00,3.078086912927163188e-01,3.230696045969627325e-03,-2.926737939127000976e-01,4.129784406555385146e-01,1.839017271355792085e-03,-1.906176302043436632e-01,4.611627106282194521e-01,-2.274828068864366559e-02,-2.155831585010705709e-01
8.320000000000002061e+00,2.984580423672252847e-01,3.082689212967718549e-03,-2.978872461756092438e-01,4.058300228290619982e-01,2.059238691826269577e-03,-2.015087636119639869e-01,4.553514271921070833e-01,-2.435108183950816796e-02,-2.294629075881369218e-01
8.330000000000000071e+00,2.898939454516075709e-01,2.889365182130019041e-03,-3.022506157735594945e-01,3.985677977612248069e-01,2.235159232917072799e-03,-2.116292819133411274e-01,4.488050098445031111e-01,-2.595102126164949841e-02,-2.428941930754851264e-01
8.339999999999998082e+00,2.821445227779269538e-01,2.656078105576710653e-03,-3.058608668483577819e-01,3.912807762914696785e-01,2.366499122692521714e-03,-2.209708816889907335e-01,4.417772510658830587e-01,-2.736811451351739422e-02,-2.558237767174373900e-01
8.349999999999999645e+00,2.752210919160854030e-01,2.387879641434363827e-03,-3.088085643589860707e-01,3.840268419098911146e-01,2.455021746369333464e-03,-2.295679965132361444e-01,4.353241430596943573e-01,-2.842427442279292504e-02,-2.666311865176108631e-01
8.360000000000001208e+00,2.691205342862219574e-01,2.089455850990011576e-03,-3.111767214655932201e-01,3.768861493955888431e-01,2.500829827931173692e-03,-2.374240697506554976e-01,4.297689169621664584e-01,-2.925291850504180280e-02,-2.752949282254679164e-01
8.369999999999999218e+00,2.638276051814203438e-01,1.765094747065824605e-03,-3.130401940058962218e-01,3.699110216457821565e-01,2.506127276160972483e-03,-2.445745379335543257e-01,4.256525448208362539e-01,-2.982159771304156159e-02,-2.812972039659815682e-01
8.379999999999997229e+00,2.593171130737750296e-01,1.418678638580675791e-03,-3.144655257917027269e-01,3.631499970049140158e-01,2.472890545788513500e-03,-2.510536244325586863e-01,4.095926865264699623e-01,-3.163002864269418013e-02,-3.025718178751137244e-01
8.389999999999998792e+00,2.555559217525073534e-01,1.053695464782311271e-03,-3.155111479066395885e-01,3.566551922654330187e-01,2.402445731749258857e-03,-2.568875022055940871e-01,4.006770062087051665e-01,-3.218513077370827036e-02,-3.130721697074444476e-01
8.400000000000000355e+00,2.525047501820357754e-01,6.732636265027942043e-04,-3.162278403253190318e-01,3.504468621090300884e-01,2.298438157295643394e-03,-2.621285153567369242e-01,3.916507643279476536e-01,-3.206439649238557177e-02,-3.225296122441950186e-01
8.409999999999998366e+00,2.501197612757062871e-01,2.801655183137102822e-04,-3.166593731714077986e-01,3.445650074480921532e-01,2.162059088814522172e-03,-2.668038538014274597e-01,3.821239787851866687e-01,-3.185479946719059485e-02,-3.318008650974761387e-01
8.419999999999999929e+00,2.483539427492109375e-01,-1.231142870650838491e-04,-3.168432561566255634e-01,3.390236340580412566e-01,1.996414119541011813e-03,-2.709590431859387749e-01,3.744884924594370501e-01,-3.147531585417602529e-02,-3.386143129915449301e-01
8.430000000000001492e+00,2.471582914196366887e-01,-5.343495991157473993e-04,-3.168115369218475474e-01,3.338351732714378572e-01,1.804069519074387798e-03,-2.746343987078507243e-01,3.662384957319059220e-01,-3.079750263710845370e-02,-3.454305775279508106e-01
8.439999999999999503e+00,2.464828168095800354e-01,-9.515343585812074522e-04,-3.165916011594580026e-01,3.290172247603372346e-01,1.586547940759523018e-03,-2.778606381576594342e-01,3.594817504265239716e-01,-2.975427923206469538e-02,-3.509361327376213091e-01
8.449999999999997513e+00,2.462773821637895544e-01,-1.372847311434469749e-03,-3.162069388600959874e-01,3.245581898618317140e-01,1.347668531561674668e-03,-2.806860283438847858e-01,3.542578491201580082e-01,-2.878021729625174219e-02,-3.549335038672972176e-01
8.459999999999999076e+00,2.464924016319045286e-01,-1.796620866447050033e-03,-3.156778512947259752e-01,3.204659618947445776e-01,1.088756054246361061e-03,-2.831383390831601621e-01,3.497707282110719129e-01,-2.767530862164456484e-02,-3.583339397663387049e-01
8.470000000000000639e+00,2.470794115283718728e-01,-2.221314791835829819e-03,-3.150220822685028677e-01,3.167372641904789843e-01,8.117724311040514298e-04,-2.852494018632241723e-01,3.461498165186790432e-01,-2.677542950504033237e-02,-3.608416560151271879e-01
8.479999999999998650e+00,2.479915318282059633e-01,-2.645494791310935151e-03,-3.142553646104515597e-01,3.133547417944272939e-01,5.196473248842074615e-04,-2.870565208026801818e-01,3.438906001661914402e-01,-2.592861368621950102e-02,-3.623510687097341032e-01
8.490000000000000213e+00,2.492005158962171951e-01,-3.064694575857988650e-03,-3.133957414621923454e-01,3.103123401060465247e-01,2.155324312872635480e-04,-2.885882244797217666e-01,3.423393831516332586e-01,-2.506394282489476932e-02,-3.633008878464746849e-01
8.500000000000001776e+00,2.508955061389291918e-01,-3.436228786978346578e-03,-3.124968955398046422e-01,3.076827665194422634e-01,-8.431866913039638353e-05,-2.898576867030908666e-01,3.415221925184013241e-01,-2.416980474322251438e-02,-3.636530292373524875e-01
8.509999999999999787e+00,2.539134059383151842e-01,-3.617456648913403711e-03,-3.116346792013163225e-01,3.057696315460281533e-01,-3.294534940688925197e-04,-2.908270170580559699e-01,3.413439800459302509e-01,-2.306197478689353542e-02,-3.635695916835089969e-01
8.519999999999997797e+00,2.587568874122931906e-01,-3.577014042482759820e-03,-3.105972455292911327e-01,3.047930851077065850e-01,-5.025764616845263509e-04,-2.914228466544611651e-01,3.422303561608663891e-01,-2.218040006579159729e-02,-3.625449296281439970e-01
8.529999999999999361e+00,2.655114267150320284e-01,-3.358546399451777659e-03,-3.090517664790005670e-01,3.048374103785463363e-01,-6.107769928466785098e-04,-2.915768972688260185e-01,3.435634280300725596e-01,-2.155061643332181753e-02,-3.612973008524540397e-01
8.540000000000000924e+00,2.741523611294929275e-01,-3.004332337517171513e-03,-3.066756782766383305e-01,3.059526430235160466e-01,-6.607649513445605204e-04,-2.912253187371523500e-01,3.466038096036259120e-01,-2.082464665110933533e-02,-3.593734482015989995e-01
8.549999999999998934e+00,2.845698934668973723e-01,-2.554031580296640177e-03,-3.031682653021695040e-01,3.081638385710778194e-01,-6.596182615084473285e-04,-2.903016797475277966e-01,3.504046617723353130e-01,-2.017510310355516423e-02,-3.571929880551528713e-01
8.559999999999996945e+00,2.965788339954867348e-01,-2.044701977768903934e-03,-2.982584943173659520e-01,3.114671145182602574e-01,-6.145940634786452913e-04,-2.887405945453292988e-01,3.565855783052158667e-01,-1.940329328815655618e-02,-3.536470941543788937e-01
8.570000000000002061e+00,3.099288098066237396e-01,-1.510378086522107342e-03,-2.917138915875017169e-01,3.158309905185475164e-01,-5.331999066240590730e-04,-2.864781213756942280e-01,3.637631200935155240e-01,-1.902655712481290950e-02,-3.493969618959091861e-01
8.580000000000000071e+00,3.243160000283195621e-01,-9.815550349941159526e-04,-2.833496983789650647e-01,3.212036668628323599e-01,-4.232803627499659698e-04,-2.834480450472566249e-01,3.709683456488039877e-01,-1.908119196510210669e-02,-3.444248364533514795e-01
8.589999999999998082e+00,3.393965417776627636e-01,-4.847106607698404949e-04,-2.730372383696389460e-01,3.275104955455747091e-01,-2.927635227569502785e-04,-2.795868700450208633e-01,3.783372130314203163e-01,-1.881844709372534896e-02,-3.390704470704625773e-01
8.599999999999999645e+00,3.548013435152072015e-01,-4.193917117899367483e-05,-2.607104646641169587e-01,3.346554269815056881e-01,-1.495586428315676467e-04,-2.748367210005452366e-01,3.870108438673389717e-01,-1.842602912389598724e-02,-3.318723712866876729e-01
8.610000000000001208e+00,3.701517589181178014e-01,3.292669888668652792e-04,-2.463698633713402308e-01,3.425239013421402801e-01,-1.503295368418663611e-06,-2.691477921835541687e-01,3.967727883509272191e-01,-1.792346866109441328e-02,-3.228371024899324704e-01
8.619999999999999218e+00,3.850753989455818482e-01,6.160736367662670698e-04,-2.300831883070530992e-01,3.509879467667539332e-01,1.438626980184210848e-04,-2.624789686673842382e-01,4.047910011141059305e-01,-1.739265750726262660e-02,-3.145512242979247586e-01
8.629999999999997229e+00,3.992212751123674352e-01,8.102025461985980616e-04,-2.119828312825169647e-01,3.599079821923606981e-01,2.794690085977538738e-04,-2.548015705781097595e-01,4.162906374635455542e-01,-1.689490129500706428e-02,-3.020295458387763921e-01
8.639999999999998792e+00,4.122734733424820996e-01,9.076829522518831822e-04,-1.922599508078280672e-01,3.691338242735977548e-01,3.987094734411876420e-04,-2.461044705020863921e-01,4.257075335147993966e-01,-1.629100428823700153e-02,-2.901941455425029459e-01
8.650000000000000355e+00,4.239626445981635738e-01,9.084761138742890882e-04,-1.711557586902822947e-01,3.785135031100929082e-01,4.958036403728086636e-04,-2.363905826803687493e-01,4.373009821453789359e-01,-1.553603249471485759e-02,-2.747414519773009323e-01
8.659999999999998366e+00,4.340747492771427907e-01,8.159971558468338652e-04,-1.489505818727553665e-01,3.878917951836048927e-01,5.657740024929918234e-04,-2.256839575961104016e-01,4.476355099011460892e-01,-1.424239699726045916e-02,-2.588380988220559953e-01
8.669999999999999929e+00,4.424566903522464401e-01,6.365611577505718346e-04,-1.259514631300070742e-01,3.971193723663000719e-01,6.046062211070024357e-04,-2.140242457575929069e-01,4.542028554207707680e-01,-1.331958695059465292e-02,-2.468256795383556579e-01
8.680000000000001492e+00,4.490186936648589144e-01,3.787829588970813462e-04,-1.024791300125894589e-01,4.060521399551192956e-01,6.092313236790130714e-04,-2.014717912174406322e-01,4.604243513716327341e-01,-1.222013478956235355e-02,-2.338964128870812675e-01
8.689999999999999503e+00,4.537335175034953871e-01,5.296080543183505872e-05,-7.885515519969985010e-02,4.145577774950465755e-01,5.776615278206677449e-04,-1.881027583189997243e-01,4.664745882299791147e-01,-1.079598210639606815e-02,-2.191626549279596103e-01
8.699999999999997513e+00,4.566327787508469016e-01,-3.295287079744576436e-04,-5.539005531839411023e-02,4.225173567907087868e-01,5.090688168834993192e-04,-1.740093972408883471e-01,4.726398461878541513e-01,-9.027526011553030361e-03,-2.008566405902722507e-01
8.709999999999999076e+00,4.578008504933044898e-01,-7.567973708504414183e-04,-3.237294382148252214e-02,4.298277467764567428e-01,4.034160176103927190e-04,-1.592983501889143338e-01,4.777656066426404502e-01,-7.434018111899490244e-03,-1.826374530671419638e-01
8.720000000000000639e+00,4.573669034024213653e-01,-1.216953641656480772e-03,-1.006318721216871784e-02,4.364046456546355479e-01,2.618921645579197054e-04,-1.440861902556473673e-01,4.814824980330493220e-01,-6.022297783939617455e-03,-1.670112657763507535e-01
8.729999999999998650e+00,4.554957252936426837e-01,-1.698535367038859090e-03,1.131567286027231924e-02,4.421830307152143091e-01,8.634996828859589288e-05,-1.284979859121042900e-01,4.849450733081990261e-01,-4.602812302874473294e-03,-1.491412358241363534e-01
8.740000000000000213e+00,4.523779595926121777e-01,-2.190856741084556275e-03,3.157965382829198975e-02,4.471183324833384876e-01,-1.205332350677171694e-04,-1.126631020886377232e-01,4.876943770581747550e-01,-2.859145196771342712e-03,-1.310363007764888121e-01
8.750000000000001776e+00,4.482203604420016418e-01,-2.684266218859679767e-03,5.058581304847836746e-02,4.511859068514052495e-01,-3.557188910743220613e-04,-9.671330076919523733e-02,4.896093666972195502e-01,-1.201846544623533242e-03,-1.141847295488898351e-01
8.759999999999999787e+00,4.432365798933008416e-01,-3.170315443202116872e-03,6.823170452644113093e-02,4.543813789015498372e-01,-6.154147703690862311e-04,-8.077670942132772480e-02,4.910635701407140008e-01,8.515523106354810912e-04,-9.471269090906353494e-02
8.769999999999997797e+00,4.376388938208857771e-01,-3.641846557735080141e-03,8.445314127415298744e-02,4.567180182303092195e-01,-8.958600523933583741e-04,-6.497910833400380448e-02,4.914596673967397411e-01,2.988137782622593552e-03,-7.564643803298576330e-02
8.779999999999999361e+00,4.316311513626260865e-01,-4.093007451268763745e-03,9.922065366361799976e-02,4.582265540553171479e-01,-1.192725079680336279e-03,-4.943591305998078916e-02,4.909606410688139855e-01,4.543436738322748081e-03,-5.695540283265060344e-02
8.790000000000000924e+00,4.254031103979826201e-01,-4.519207697635201255e-03,1.125350549523624899e-01,4.589514731623240973e-01,-1.501890543893102730e-03,-3.425600794871836580e-02,4.897641800285973401e-01,4.683222696002908858e-03,-4.051639868017681279e-02
8.799999999999998934e+00,4.191262092999001321e-01,-4.917029030516706194e-03,1.244225116577389878e-01,4.589499619854968127e-01,-1.819155669735105950e-03,-1.953410391460761245e-02,4.879768097061055743e-01,5.510747461614992626e-03,-2.621020722897271504e-02
8.809999999999996945e+00,4.129507305338224188e-01,-5.284104574763070009e-03,1.349294757059238403e-01,4.582882482469833318e-01,-2.140409117212354641e-03,-5.355081384060388777e-03,4.858034854991363227e-01,6.322308907188517457e-03,-1.154990089226493044e-02
8.820000000000002061e+00,4.070042390189778092e-01,-5.618979941987187546e-03,1.441177759078880460e-01,4.570398183489828847e-01,-2.462001517221449817e-03,8.211535065680513820e-03,4.830847777222017081e-01,7.164118017286891238e-03,2.318089623342900474e-03
8.830000000000000071e+00,4.013911289245758462e-01,-5.920967631310719917e-03,1.520600968061161518e-01,4.552822987729105431e-01,-2.780233753884789674e-03,2.110780908005571027e-02,4.799659094784533009e-01,8.545977412700939135e-03,1.713809456922937846e-02
8.839999999999998082e+00,3.961930856073966889e-01,-6.190004289952762140e-03,1.588360010731553751e-01,4.530954525621856410e-01,-3.092131919488957763e-03,3.329027777156026019e-02,4.766955752437125327e-01,9.481747888265446012e-03,2.963180823411781795e-02
8.849999999999999645e+00,3.914702616907805854e-01,-6.426518041647804116e-03,1.645285838082045093e-01,4.505587659081572438e-01,-3.394753617530828042e-03,4.472747030524303058e-02,4.739016263753045299e-01,9.814980697403177801e-03,3.950668903085208239e-02
8.860000000000001208e+00,3.872629737355734458e-01,-6.631310513305925178e-03,1.692217878308687751e-01,4.477497439045938221e-01,-3.685970374465765038e-03,5.540004706798074691e-02,4.698277573173584853e-01,9.910585537720881244e-03,5.211562136491326713e-02
8.869999999999999218e+00,3.835937440976413537e-01,-6.805456554846897252e-03,1.729983610878181033e-01,4.447421098499198533e-01,-3.963703038036853026e-03,6.529956339318336578e-02,4.654593492460903370e-01,1.004015617165056329e-02,6.410455504949047478e-02
8.879999999999997229e+00,3.804695370523074605e-01,-6.950222098876788525e-03,1.759384018566782226e-01,4.416044748403186726e-01,-4.225990239033423045e-03,7.442744539410267590e-02,4.601611819186689489e-01,1.009315766400005476e-02,7.711476624813384806e-02
8.889999999999998792e+00,3.778840654735965976e-01,-7.067000182849358415e-03,1.781184140777688774e-01,4.383995433158144883e-01,-4.471704743490953655e-03,8.279385682303067040e-02,4.548329851980765781e-01,1.005493792647002560e-02,8.912469763784924837e-02
8.900000000000000355e+00,3.758200713216925393e-01,-7.157262962844362572e-03,1.796107829641781506e-01,4.351834408131703968e-01,-4.700230077677797907e-03,9.041603077635876340e-02,4.502125348256305060e-01,1.017034789358761682e-02,9.867439695109447850e-02
8.909999999999998366e+00,3.742515080591160559e-01,-7.222527779795812411e-03,1.804835778927127710e-01,4.320052559760002020e-01,-4.910961761334969172e-03,9.731693869812296782e-02,4.424131823270531783e-01,1.018202843488758003e-02,1.123189421413113287e-01
8.919999999999999929e+00,3.731455746518417826e-01,-7.264334677932960532e-03,1.808005936266523228e-01,4.289068898936180263e-01,-5.103449982385341831e-03,1.035243937520257951e-01,4.361692464076626363e-01,9.294200331428595363e-03,1.219971058207059422e-01
8.930000000000001492e+00,3.724645686060479299e-01,-7.284232385507519864e-03,1.806215499481015341e-01,4.259230840597443835e-01,-5.277592911483516488e-03,1.090701336159811408e-01,4.302629724986163362e-01,9.542019840426074762e-03,1.319253178971545037e-01
8.939999999999999503e+00,3.721675396113388046e-01,-7.283770716564324545e-03,1.800023817809927873e-01,4.230813832549333853e-01,-5.433589251117380316e-03,1.139894133958141986e-01,4.231589068366996553e-01,9.661140753041697060e-03,1.417629264852412474e-01
8.949999999999997513e+00,3.722117361233949762e-01,-7.264496780480645018e-03,1.789955654020626841e-01,4.204036047902398598e-01,-5.571668587773233837e-03,1.183175317714580121e-01,4.155456060069823154e-01,9.709441504184887495e-03,1.518414385711788772e-01
8.959999999999999076e+00,3.725538452183251859e-01,-7.227953263005465999e-03,1.776504398509037019e-01,4.179053593514869824e-01,-5.692212525625112325e-03,1.220915725049820100e-01,4.134517178687459049e-01,9.761104273779297458e-03,1.543111975973356920e-01
8.970000000000000639e+00,3.731510318199602882e-01,-7.175677522901416708e-03,1.760134953247543266e-01,4.155964683421053407e-01,-5.795757010349358862e-03,1.253499169343239572e-01,4.144187719403000791e-01,9.039537896507687798e-03,1.514556452578634249e-01
8.979999999999998650e+00,3.739617874692315325e-01,-7.109200048668165399e-03,1.741286115490895958e-01,4.134824698903276641e-01,-5.882852381558289351e-03,1.281298084320336428e-01,4.161357286978035752e-01,8.538482791769594349e-03,1.485580396389136748e-01
8.990000000000000213e+00,3.749711817366341848e-01,-7.031673031455501835e-03,1.720305406940011994e-01,4.115715132081316785e-01,-5.954911205040174307e-03,1.304654526724684516e-01,4.178047431580945714e-01,7.370224751626908155e-03,1.438839833152696923e-01
9.000000000000001776e+00,3.764245195418468026e-01,-6.962218347703354009e-03,1.696703323801038166e-01,4.099558808127999332e-01,-6.018969213105554786e-03,1.323360001312826328e-01,4.211566481194621847e-01,7.034796180970540047e-03,1.399906492652424062e-01
9.009999999999999787e+00,3.791526515066129255e-01,-6.952572917010428274e-03,1.667342042233915800e-01,4.089197044714578677e-01,-6.093074441782190230e-03,1.335867182329979752e-01,4.254806656574776635e-01,6.659749161124453587e-03,1.380265974071778201e-01
9.019999999999997797e+00,3.835151371130064435e-01,-7.015918871158502435e-03,1.627959404747709171e-01,4.086352227665588921e-01,-6.183966933091610864e-03,1.340593186589402186e-01,4.289634801206626546e-01,6.588186009788998820e-03,1.351834009071390952e-01
9.029999999999999361e+00,3.893631201813173570e-01,-7.120543293313044003e-03,1.575011357805284340e-01,4.091253444183791110e-01,-6.283804049305248725e-03,1.336517446890321814e-01,4.337017179253516153e-01,4.859737634987315591e-03,1.274549506649528263e-01
9.040000000000000924e+00,3.964511729117317640e-01,-7.226043982310628375e-03,1.505680540988580118e-01,4.103811049279770806e-01,-6.381124636911407466e-03,1.322797695209752822e-01,4.374019279218899214e-01,4.211256915360589437e-03,1.218146826805749927e-01
9.049999999999998934e+00,4.044798184203174385e-01,-7.295607112314376509e-03,1.417868835543786843e-01,4.123686231271537217e-01,-6.464982040313802837e-03,1.298762570682513162e-01,4.403465489708014990e-01,4.556965919209857163e-03,1.166096301811662128e-01
9.059999999999996945e+00,4.131091916569160638e-01,-7.299468225054418606e-03,1.310209434224253733e-01,4.150318491444874303e-01,-6.525648139026886570e-03,1.263864089186762241e-01,4.429974150295834523e-01,5.027720115502412601e-03,1.107075349668010245e-01
9.070000000000002061e+00,4.219732838188001156e-01,-7.215789969092126221e-03,1.182079790902881844e-01,4.182938000578758642e-01,-6.554623957546723209e-03,1.217674522227836786e-01,4.457263042861755453e-01,4.988222431821953684e-03,1.030421543100520920e-01
9.080000000000000071e+00,4.306956194380380798e-01,-7.030685186803936094e-03,1.033603026633003463e-01,4.220576893067094493e-01,-6.544917316559234477e-03,1.159919239832450655e-01,4.492157849632910649e-01,4.518968759865488183e-03,9.278721340971712861e-02
9.089999999999998082e+00,4.389056240129532438e-01,-6.737831859418281014e-03,8.656282270918000399e-02,4.262100665977825442e-01,-6.491039106432482282e-03,1.090478565602863437e-01,4.531206512534572406e-01,3.352202690180591804e-03,8.287586490521542393e-02
9.099999999999999645e+00,4.462546545874883641e-01,-6.337800926342482960e-03,6.796838192665979883e-02,4.306243697367582723e-01,-6.389039909501668425e-03,1.009399308577702270e-01,4.564854886131372025e-01,2.323182730328762768e-03,7.531941852523599268e-02
9.110000000000001208e+00,4.524306425922602903e-01,-5.837156508963661609e-03,4.779024260189074919e-02,4.351655518207684370e-01,-6.236281458010156480e-03,9.168762125269797059e-02,4.612785755417514455e-01,6.656527080390606255e-04,6.509460792498361625e-02
9.119999999999999218e+00,4.571704288119167181e-01,-5.247390609778273228e-03,2.629195280447419250e-02,4.396938528729164020e-01,-6.031594624924346143e-03,8.132733507564289532e-02,4.675214385944567175e-01,1.795481656094444212e-05,5.295473991825078164e-02
9.129999999999997229e+00,4.602690957121214899e-01,-4.583761779402319159e-03,3.775139974247193608e-03,4.440691530275446830e-01,-5.774977245741568302e-03,6.991015675550862896e-02,4.716494795964266684e-01,-7.085243346530573083e-04,4.361779968016749054e-02
9.139999999999998792e+00,4.615858761249219122e-01,-3.864108894805653831e-03,-1.943401341029499588e-02,4.481542178990716163e-01,-5.468330481901706452e-03,5.750985963274777429e-02,4.787693177120622146e-01,-2.434599562030986819e-03,1.902280322789390299e-02
9.150000000000000355e+00,4.610465019021087740e-01,-3.107702992447103178e-03,-4.299875884782899255e-02,4.518202791991934308e-01,-5.114874769568233080e-03,4.421512018522130022e-02,4.814745499539273554e-01,-3.887147934837270613e-03,2.764071924014677162e-03
9.159999999999998366e+00,4.586421223152143956e-01,-2.334190395621673318e-03,-6.658538485916337679e-02,4.549498627786437988e-01,-4.718709286620938539e-03,3.012844547181890709e-02,4.835095012905378242e-01,-5.419551103890848931e-03,-1.601261213541133044e-02
9.169999999999999929e+00,4.544251481828308070e-01,-1.562666939285393053e-03,-8.987566783971406847e-02,4.574406520152854982e-01,-4.285312250721491634e-03,1.536707746732015809e-02,4.849557946613396453e-01,-6.495358436636095023e-03,-3.301451969769420014e-02
9.180000000000001492e+00,4.485025499255314574e-01,-8.109107283090845634e-04,-1.125775492574355441e-01,4.592080187723144302e-01,-3.820982470539369732e-03,5.637825294294929526e-05,4.858554301314726986e-01,-7.727337422087185437e-03,-4.572522344876134293e-02
9.189999999999999503e+00,4.410272489372566440e-01,-9.478849462098409145e-05,-1.344335989465229031e-01,4.601864427348690834e-01,-3.332619135629775846e-03,-1.566796261605404167e-02,4.867286254720391003e-01,-9.718190215656993813e-03,-6.122378164260272593e-02
9.199999999999997513e+00,4.321882910306727998e-01,5.721606030864487789e-04,-1.552270198987308891e-01,4.603311853240567575e-01,-2.827631088878165833e-03,-3.166955196056907978e-02,4.872545330314971279e-01,-1.203311715270626026e-02,-8.381464723071685441e-02
9.209999999999999076e+00,4.222004828654368769e-01,1.178969830407116098e-03,-1.747851403567672324e-01,4.596184199748802879e-01,-2.313680603913988512e-03,-4.780828606566785155e-02,4.863722896023779940e-01,-1.398468728815405182e-02,-1.047516786155212043e-01
9.220000000000000639e+00,4.112941159843628292e-01,1.717332611384889346e-03,-1.929805087164800370e-01,4.580446707889542779e-01,-1.798422578478935151e-03,-6.394910920152203915e-02,4.846104402983475445e-01,-1.529828318516096575e-02,-1.200219355048480763e-01
9.229999999999998650e+00,3.997053091927093571e-01,2.181553847681039215e-03,-2.097298455779677828e-01,4.556260224839717154e-01,-1.289337038460793569e-03,-7.996082042250227118e-02,4.826283394067313326e-01,-1.562783759730770883e-02,-1.326332938501638692e-01
9.240000000000000213e+00,3.876673843902040950e-01,2.568389860126759228e-03,-2.249912039790788743e-01,4.523962200774646614e-01,-7.935138164433186902e-04,-9.572133173779158455e-02,4.805601300124501263e-01,-1.559077683633064426e-02,-1.435508461773547517e-01
9.250000000000001776e+00,3.754035602057712584e-01,2.876804139097755182e-03,-2.387597522525791160e-01,4.484047665336869937e-01,-3.174602568402768972e-04,-1.111185954945446558e-01,4.763393117373107000e-01,-1.591693995081784607e-02,-1.608685355625626145e-01
9.259999999999999787e+00,3.631211245639510699e-01,3.107666135094600685e-03,-2.510626087315409594e-01,4.437145272938181062e-01,1.328631976974424468e-04,-1.260526257572508746e-01,4.653731977999341352e-01,-1.750746592257765299e-02,-1.961189855945776883e-01
9.269999999999997797e+00,3.510071272527627295e-01,3.263419263174210331e-03,-2.619531494363953050e-01,4.383988995120524090e-01,5.524613085816263650e-04,-1.404373152799658075e-01,4.599524144176443397e-01,-1.806414361022125326e-02,-2.122194577294893025e-01
9.279999999999999361e+00,3.392255404284316711e-01,3.347740470287838277e-03,-2.715051647937323787e-01,4.325384172355363765e-01,9.369180027528692389e-04,-1.542025635666153527e-01,4.547427484290446076e-01,-1.921152716972088226e-02,-2.269790883787331237e-01
9.290000000000000924e+00,3.279157542742072717e-01,3.365211196712617880e-03,-2.798071873265064458e-01,4.262166944175440064e-01,1.283025110498817699e-03,-1.672962267330324604e-01,4.497475265122590216e-01,-1.939334820539467819e-02,-2.402240829638517816e-01
9.299999999999998934e+00,3.171922289443954157e-01,3.321013728922754017e-03,-2.869572386322469804e-01,4.195294835213861928e-01,1.587830727832906502e-03,-1.796611438014219797e-01,4.462396788832418970e-01,-1.968491091378364588e-02,-2.485603927942941216e-01
9.309999999999996945e+00,3.071450911868753852e-01,3.220663732035665503e-03,-2.930581746471514482e-01,4.125597702034481395e-01,1.849920480588662305e-03,-1.912804822739111454e-01,4.421962092924172083e-01,-1.990208488950391541e-02,-2.574123460233229688e-01
9.320000000000002061e+00,2.978414588029147381e-01,3.069784615173315814e-03,-2.982137368733663307e-01,4.053994885371666190e-01,2.067915864886159250e-03,-2.021297489885507670e-01,4.368040719409530537e-01,-2.021033412505884863e-02,-2.679023800982679449e-01
9.330000000000000071e+00,2.893272820932600298e-01,2.873926458557230987e-03,-3.025253564780748805e-01,3.981360219845050397e-01,2.241375787278778071e-03,-2.121998484331663049e-01,4.284803333945919057e-01,-2.095847000380331171e-02,-2.821092322737244751e-01
9.339999999999998082e+00,2.816295137561051209e-01,2.638428333690889978e-03,-3.060897059155067712e-01,3.908398130740682319e-01,2.370982436922020042e-03,-2.215085090230125009e-01,4.204481966551550931e-01,-2.186011787023652009e-02,-2.943312516351521135e-01
9.349999999999999645e+00,2.747584440898873659e-01,2.368321438302751353e-03,-3.089969538515265346e-01,3.835968784902585860e-01,2.456618408422535198e-03,-2.300527158497981950e-01,4.154674694794866507e-01,-2.246908063605340677e-02,-3.017350868026636435e-01
9.360000000000001208e+00,2.687100716001423750e-01,2.068267980341119416e-03,-3.113296507867400753e-01,3.764578107924124728e-01,2.500719761686999269e-03,-2.378733408765011381e-01,4.106022891496553529e-01,-2.316843830673318005e-02,-3.089235913780241094e-01
9.369999999999999218e+00,2.634684087103859040e-01,1.742530600369870735e-03,-3.131621563467600899e-01,3.694917849417120870e-01,2.503920381009088186e-03,-2.449848022951831572e-01,4.009993449918558550e-01,-2.456884555945540449e-02,-3.220563864507516305e-01
9.379999999999997229e+00,2.590076527848952925e-01,1.394966164044409655e-03,-3.145605114005008973e-01,3.627472899914268023e-01,2.468361390336292448e-03,-2.514220186556445080e-01,3.954555330691912340e-01,-2.518254719783495632e-02,-3.287470169245484408e-01
9.389999999999998792e+00,2.552941775435889071e-01,1.029038096126414469e-03,-3.155826582607512143e-01,3.562606627514554036e-01,2.396649552047022506e-03,-2.572267981435814033e-01,3.898246232848614490e-01,-2.525728755907523382e-02,-3.346813819565854220e-01
9.400000000000000355e+00,2.522883203723555456e-01,6.478421474851419736e-04,-3.162789176864242990e-01,3.500771588927334976e-01,2.290109505664100244e-03,-2.624267766886633213e-01,3.839640912024527841e-01,-2.555153711083674173e-02,-3.401366544678731674e-01
9.409999999999998366e+00,2.499459588494340190e-01,2.541401617094049027e-04,-3.166926405159634084e-01,3.442136822573266808e-01,2.152111776606024235e-03,-2.670709123171597921e-01,3.783468840107644393e-01,-2.621241686598829723e-02,-3.447590350570954865e-01
9.419999999999999929e+00,2.482198787829700548e-01,-1.496012532090299895e-04,-3.168609632516573016e-01,3.386938454237392038e-01,1.984710963760542499e-03,-2.711954188051906023e-01,3.709113507812121791e-01,-2.687980400858080987e-02,-3.502219383947393072e-01
9.430000000000001492e+00,2.470609472747571644e-01,-5.611715300141430999e-04,-3.168156089989640489e-01,3.335312296779798236e-01,1.790403580845050316e-03,-2.748395517909285601e-01,3.631568933819591116e-01,-2.739023667369501480e-02,-3.549991223746060132e-01
9.439999999999999503e+00,2.464191052232213852e-01,-9.785777524932454553e-04,-3.165836874210380403e-01,3.287329713468531978e-01,1.571718369207314404e-03,-2.780420953783958593e-01,3.582455458692805905e-01,-2.752723530777750893e-02,-3.579706509870430042e-01
9.449999999999997513e+00,2.462441988349497179e-01,-1.400009621504271894e-03,-3.161884587140227909e-01,3.242999240015494444e-01,1.331131105481403063e-03,-2.808412090195213096e-01,3.540784476984354390e-01,-2.732576416665316588e-02,-3.595955215114464698e-01
9.459999999999999076e+00,2.464866683487764165e-01,-1.823808651244824674e-03,-3.156500368412860635e-01,3.202314182078070948e-01,1.070873411275352280e-03,-2.832709454496897261e-01,3.505014180365814136e-01,-2.723802257276065897e-02,-3.612415284522300096e-01
9.470000000000000639e+00,2.470981116613730766e-01,-2.248442084377131819e-03,-3.149860160914689788e-01,3.165186262858841748e-01,7.933684481107639063e-04,-2.853666194086743046e-01,3.486423122900268456e-01,-2.710681371591465438e-02,-3.613229403594279132e-01
9.479999999999998650e+00,2.480317392863246040e-01,-2.672481796367178353e-03,-3.142120123643331597e-01,3.131513279525728333e-01,5.007983100374532827e-04,-2.871599488723646787e-01,3.472842503007156356e-01,-2.656897115780512686e-02,-3.603384860967406844e-01
9.490000000000000213e+00,2.492578510281563131e-01,-3.091760100746708539e-03,-3.133456172398442208e-01,3.101244695212497238e-01,1.959534583541014310e-04,-2.886780433442133198e-01,3.466797411415726282e-01,-2.594979505625466532e-02,-3.592344041396029475e-01
9.500000000000001776e+00,2.509567959350069710e-01,-3.465087466890297632e-03,-3.124395651117232720e-01,3.075040041276737024e-01,-1.053552724354744723e-04,-2.899366738823769829e-01,3.465525096334823862e-01,-2.520216180209522427e-02,-3.574804983575998740e-01
9.509999999999999787e+00,2.539692743473198067e-01,-3.648511220018196052e-03,-3.115728374207821227e-01,3.055994645522286945e-01,-3.514415546396424533e-04,-2.908977342079120953e-01,3.471781743867189407e-01,-2.442539286001001175e-02,-3.552935705553737500e-01
9.519999999999997797e+00,2.588032892665689810e-01,-3.609682531365255957e-03,-3.105347890229168684e-01,3.046291645484073274e-01,-5.255108125023391467e-04,-2.914877505570707128e-01,3.487910241656229093e-01,-2.341570162192152527e-02,-3.525834060314594898e-01
9.529999999999999361e+00,2.655456046610196186e-01,-3.392262080824525079e-03,-3.089922081823485711e-01,3.046785996077709391e-01,-6.344093158318516151e-04,-2.916380735043704875e-01,3.521719742860348612e-01,-2.226676927593518318e-02,-3.485870150295781733e-01
9.540000000000000924e+00,2.741725326829992926e-01,-3.038557928598956299e-03,-3.066221583527760086e-01,3.057982384874147197e-01,-6.849123268581253955e-04,-2.912844297324175824e-01,3.553804061407209725e-01,-2.155180596342536059e-02,-3.458125295113318454e-01
9.549999999999998934e+00,2.845751655169699856e-01,-2.588255285631309213e-03,-3.031236088149695251e-01,3.080116288142069059e-01,-6.840264450434453605e-04,-2.903616243536100150e-01,3.602058024404755088e-01,-2.055484836569035356e-02,-3.420571697313613546e-01
9.559999999999996945e+00,2.965691300784940587e-01,-2.078439325774357211e-03,-2.982252363284666474e-01,3.113157673972933859e-01,-6.390430820527256712e-04,-2.888037292114960519e-01,3.659771358958845422e-01,-1.947387024904351227e-02,-3.376386007188310057e-01
9.570000000000002061e+00,3.099047943512904801e-01,-1.543176474004408260e-03,-2.916942692118122404e-01,3.156825254393237357e-01,-5.575458353450344663e-04,-2.865440060631372909e-01,3.704285118364382123e-01,-1.874924227279289868e-02,-3.342822240953194912e-01
9.580000000000000071e+00,3.242789922475579067e-01,-1.012999166385452829e-03,-2.833456171936035717e-01,3.210584567937617151e-01,-4.472792972377613932e-04,-2.835174015390582447e-01,3.747745561664561631e-01,-1.806680824826251142e-02,-3.310368364529270857e-01
9.589999999999998082e+00,3.393484161947927236e-01,-5.144280961262130431e-04,-2.730502237876541449e-01,3.273688690248707234e-01,-3.162705381009075882e-04,-2.796604000538139290e-01,3.923218218584424433e-01,-1.619533381946353101e-02,-3.174728578268087853e-01
9.599999999999999645e+00,3.547444171772357047e-01,-6.960554253508861346e-05,-2.607416094440114795e-01,3.345165170799466181e-01,-1.722884339740323161e-04,-2.749161810273004769e-01,4.022972358973534446e-01,-1.493263569112035505e-02,-3.086703519345784241e-01
9.610000000000001208e+00,3.700886671722475874e-01,3.039235364656887092e-04,-2.464197816726725332e-01,3.423889173468632752e-01,-2.329909218904422166e-05,-2.692330544803768211e-01,4.126046791520414647e-01,-1.370231735781733684e-02,-2.985910013370033922e-01
9.619999999999999218e+00,3.850089638349956656e-01,5.932690364605364142e-04,-2.301519846258545665e-01,3.508557453894555200e-01,1.233371645574538739e-04,-2.625721144977747890e-01,4.236477061282152290e-01,-1.230365447256548395e-02,-2.857794966802004177e-01
9.629999999999997229e+00,3.991543717752489284e-01,7.900946897741079229e-04,-2.120700900219401885e-01,3.597773269437520294e-01,2.603631479017464063e-04,-2.549050139861598896e-01,4.331813941705106030e-01,-1.147996089043695767e-02,-2.744520257776407735e-01
9.639999999999998792e+00,4.122089004162141079e-01,8.903710812905801060e-04,-1.923647496941337243e-01,3.690057188831337154e-01,3.812188062360770402e-04,-2.462184123606825925e-01,4.435612575071088415e-01,-1.029723229751446090e-02,-2.609280458711734640e-01
9.650000000000000355e+00,4.239030048784979687e-01,8.940017660815279205e-04,-1.712767066982060216e-01,3.783871504599483626e-01,4.800039012309718000e-04,-2.365172459436823971e-01,4.543451774333042703e-01,-9.105546315008095082e-03,-2.446240115748360977e-01
9.659999999999998366e+00,4.340223467229036292e-01,8.043467432663583454e-04,-1.490858791930880778e-01,3.877697388797508027e-01,5.517216731505491080e-04,-2.258216441788629125e-01,4.626925046664599472e-01,-8.154885090196628550e-03,-2.293433109334185316e-01
9.669999999999999929e+00,4.424134480000199154e-01,6.276700563304086393e-04,-1.260989795202892561e-01,3.970020148739885624e-01,5.922219320721656315e-04,-2.141736135123127882e-01,4.715050378552856358e-01,-7.085645089897410487e-03,-2.089165431973046827e-01
9.680000000000001492e+00,4.489860958414976233e-01,3.725410572609878313e-04,-1.026364959779753755e-01,4.059416015101393604e-01,5.985674661953015912e-04,-2.016309288056378490e-01,4.768756983001711802e-01,-6.017291174656269614e-03,-1.916968001698866331e-01
9.689999999999999503e+00,4.537125778653072761e-01,4.921896485224406918e-05,-7.901985994771204558e-02,4.144556273939035140e-01,5.688561618025053841e-04,-1.882699845961650353e-01,4.810862106409472538e-01,-5.182758039252916005e-03,-1.743291572852198046e-01
9.699999999999997513e+00,4.566240339538769621e-01,-3.309513075209094633e-04,-5.555954489543382668e-02,4.224248597504806635e-01,5.022154361040266721e-04,-1.741829422488213319e-01,4.844573980465394225e-01,-4.230812827599808590e-03,-1.562731478402617780e-01
9.709999999999999076e+00,4.578043775280947192e-01,-7.561057089394488924e-04,-3.254471368893618877e-02,4.297451880884204933e-01,3.984504602874049876e-04,-1.594777628067810815e-01,4.868855200839610209e-01,-3.074595688612249966e-03,-1.380290013796194870e-01
9.720000000000000639e+00,4.573823572940095561e-01,-1.214369091984347521e-03,-1.023486411597579818e-02,4.363331288820405107e-01,2.590017876358399816e-04,-1.442689677564482353e-01,4.884531449309329476e-01,-3.080440183912722119e-03,-1.204900883640992459e-01
9.729999999999998650e+00,4.555223928174058079e-01,-1.694288204187502584e-03,1.114626338583532550e-02,4.421218144628433766e-01,8.507313627691441213e-05,-1.286852685789628692e-01,4.892588713964067804e-01,-2.389731852639687126e-03,-1.018397949685350412e-01
9.740000000000000213e+00,4.524148241282482941e-01,-2.185179715305854680e-03,3.141443654483562498e-02,4.470681117818183781e-01,-1.201030600967274925e-04,-1.128524268555004123e-01,4.894318090863576387e-01,-1.689077193685592504e-03,-8.573130101865228392e-02
9.750000000000001776e+00,4.482661729811017182e-01,-2.677388386684985411e-03,5.042642974950442558e-02,4.511463670434120443e-01,-3.538981704197213633e-04,-9.690433024484181035e-02,4.891318363688209603e-01,-8.733011675877283553e-04,-7.016176519878525308e-02
9.759999999999999787e+00,4.432899314986469830e-01,-3.162457433128727791e-03,6.807949774984098368e-02,4.543522975192381685e-01,-6.124571869156504459e-04,-8.096862920440041356e-02,4.884449627707001529e-01,2.553860380859196422e-05,-5.535855940848610768e-02
9.769999999999997797e+00,4.376982854470448658e-01,-3.633216651484328166e-03,8.430915355402583689e-02,4.566994223947792308e-01,-8.917700553355892550e-04,-6.516956295664824705e-02,4.877307697043354873e-01,5.192128409395313504e-04,-4.595192395986213985e-02
9.779999999999999361e+00,4.316950577676030854e-01,-4.083798774431436109e-03,9.908563989312950404e-02,4.582177553973191264e-01,-1.187775560862993707e-03,-4.962472260258102286e-02,4.865824191001688614e-01,7.843071746460594795e-04,-3.438411250939388264e-02
9.790000000000000924e+00,4.254700357983451364e-01,-4.509596407891541120e-03,1.124095050051205358e-01,4.589522310713562425e-01,-1.496060577782020590e-03,-3.444033114304088927e-02,4.846821309136498668e-01,1.523532317565273742e-03,-2.036352102399674457e-02
9.799999999999998934e+00,4.191947333503271977e-01,-4.907173422201195796e-03,1.243066802186940656e-01,4.589593332189762509e-01,-1.812438686045200016e-03,-1.971400922264526789e-02,4.826279506532470398e-01,1.885307180087836265e-03,-8.451946102285778917e-03
9.809999999999996945e+00,4.130195440629196302e-01,-5.274144953854142080e-03,1.348234163493338411e-01,4.583056129632682163e-01,-2.132976101721687466e-03,-5.528159339710413817e-03,4.806248344259322902e-01,2.155017747179022169e-03,1.695529594155364972e-03
9.820000000000002061e+00,4.070721696687235602e-01,-5.609039010870272256e-03,1.440213767588947591e-01,4.570641404888660109e-01,-2.453665216321464487e-03,8.045092244774362453e-03,4.790236482272002272e-01,3.104182599260998932e-03,9.402963118345653015e-03
9.830000000000000071e+00,4.014571574000747045e-01,-5.911151318894165320e-03,1.519731155331761063e-01,4.553127135252239555e-01,-2.771291479886493769e-03,2.094949947909177310e-02,4.779065830204511922e-01,4.176838389793463557e-03,1.473140549469792449e-02
9.839999999999998082e+00,3.962563536234754991e-01,-6.180402972386775037e-03,1.587580974717396343e-01,4.531309634085501359e-01,-3.082530082402298085e-03,3.314028668113677689e-02,4.759515116950610025e-01,5.624004425121065243e-03,2.356519255350664199e-02
9.849999999999999645e+00,3.915300729094695620e-01,-6.417207821028718395e-03,1.644593487898790285e-01,4.505984378056788753e-01,-3.384578789984669760e-03,4.458578056000987028e-02,4.698305122066015471e-01,7.323162985306039263e-03,4.679393372913404070e-02
9.860000000000001208e+00,3.873187890768916564e-01,-6.622354687916512384e-03,1.691607680891909216e-01,4.477926370397755651e-01,-3.675309083097818424e-03,5.526709641201149603e-02,4.667488375698441994e-01,7.890350034994941808e-03,5.700612110492830897e-02
9.869999999999999218e+00,3.836451727562634195e-01,-6.796906830785778841e-03,1.729450792003257853e-01,4.447872645324382201e-01,-3.952399462442582161e-03,6.517530701002821614e-02,4.630083710803071240e-01,8.750388153603419483e-03,6.854446329959984485e-02
9.879999999999997229e+00,3.805163244676476042e-01,-6.942120058586175382e-03,1.758923718589592566e-01,4.416512867143637666e-01,-4.214646886199483432e-03,7.431155646160450545e-02,4.590233675292348936e-01,9.902111711107511316e-03,7.967375453463221291e-02
9.889999999999998792e+00,3.779260793141027697e-01,-7.059378356805902366e-03,1.780791529043765364e-01,4.384473649096929937e-01,-4.460537551404151167e-03,8.268604219624436924e-02,4.546001083278303767e-01,1.082982111375013767e-02,9.041743295334886410e-02
9.900000000000000355e+00,3.758572863943230313e-01,-7.150145862355987078e-03,1.795778182471539641e-01,4.352317511528931426e-01,-4.689193882435495689e-03,9.031558418915681952e-02,4.493608502538664062e-01,1.189698812531798933e-02,1.015231227966092997e-01
9.909999999999998366e+00,3.742839908676575678e-01,-7.215932854362646157e-03,1.804564527381756212e-01,4.320537346747738705e-01,-4.900118456920355033e-03,9.722296009067629696e-02,4.466587801031753902e-01,1.204767526949289402e-02,1.066397805927667419e-01
9.919999999999999929e+00,3.731734681611005300e-01,-7.258272987928723712e-03,1.807788690306982859e-01,4.289548385103209016e-01,-5.092797140165339007e-03,1.034373417788465171e-01,4.446505908311167987e-01,1.196794188535540981e-02,1.101106122317759839e-01
9.930000000000001492e+00,3.724880776378155511e-01,-7.278709374360791025e-03,1.806048054513043066e-01,4.259706448893769704e-01,-5.267285480639859532e-03,1.089883090504549235e-01,4.358406202711371247e-01,1.193641038873811955e-02,1.247255802425776272e-01
9.939999999999999503e+00,3.721869171622874117e-01,-7.278786710465813548e-03,1.799902149540445195e-01,4.231283718128461269e-01,-5.423561037167577530e-03,1.139123528713909123e-01,4.295913858330684398e-01,1.221242762265613291e-02,1.353975445765704388e-01
9.949999999999997513e+00,3.722272708102828398e-01,-7.260047471939391588e-03,1.789875906311559350e-01,4.204498610057071373e-01,-5.561907004228962281e-03,1.182447931698598215e-01,4.249592143864184823e-01,1.172797942901768198e-02,1.398544930997205893e-01
9.959999999999999076e+00,3.725658499739447627e-01,-7.224030234106601500e-03,1.776462868132116790e-01,4.179506706543861250e-01,-5.682756597211487473e-03,1.220229136956792193e-01,4.198608719118899213e-01,1.096659923888598787e-02,1.437828034152642820e-01
9.970000000000000639e+00,3.731598338978401874e-01,-7.172268497977344129e-03,1.760128074719714830e-01,4.156397920841028992e-01,-5.786628916027373136e-03,1.252870476830958424e-01,4.149441589779395700e-01,1.049139598480315627e-02,1.497520854614680097e-01
9.979999999999998650e+00,3.739677197815328147e-01,-7.106289408451952824e-03,1.741310447753773860e-01,4.135229295991523779e-01,-5.874190763916768872e-03,1.280739196995515916e-01,4.123279762492112477e-01,9.733364098875735282e-03,1.522670227609846383e-01
9.990000000000000213e+00,3.749772425859059233e-01,-7.029419206629652916e-03,1.720350342920917985e-01,4.116102271751033714e-01,-5.946777862537325730e-03,1.304149694091625011e-01,4.107440644059693335e-01,8.825675959588455410e-03,1.530467104249766397e-01
1.000000000000000178e+01,3.764495146851610796e-01,-6.961712148234091777e-03,1.696703864823102259e-01,4.099965766746517248e-01,-6.011579648183784826e-03,1.322882813029622739e-01,4.102132901551326372e-01,8.222173626004761204e-03,1.526549545475412994e-01
1.000999999999999979e+01,3.792068608284082654e-01,-6.954221239294963199e-03,1.667206899372239981e-01,4.089702070377613796e-01,-6.086905154455253368e-03,1.335358290201286713e-01,4.109549816341029338e-01,6.879362186828552606e-03,1.509449015017852447e-01
1.001999999999999780e+01,3.835972576691288882e-01,-7.019121330603514744e-03,1.627612110015405067e-01,4.086979496855010496e-01,-6.179128571877244222e-03,1.340007771156714600e-01,4.125538461067032037e-01,5.467235881871673753e-03,1.483427953416057710e-01
1.002999999999999936e+01,3.894698174091793530e-01,-7.124481729729083800e-03,1.574389724234148968e-01,4.092008416578779006e-01,-6.279891095750401650e-03,1.335807320787625041e-01,4.150439525564130205e-01,4.210368596478969438e-03,1.449276079522442973e-01
1.004000000000000092e+01,3.965780004874452924e-01,-7.229949158850041031e-03,1.504735975417515748e-01,4.104688922840103449e-01,-6.377775983727771575e-03,1.321932892233727286e-01,4.179363747924940142e-01,2.975902607161157176e-03,1.408518164474238943e-01
1.004999999999999893e+01,4.046214331750601634e-01,-7.298833435320864656e-03,1.416566185943447242e-01,4.124686786820205842e-01,-6.461790335630224376e-03,1.297697457296175250e-01,4.214571586073382337e-01,1.750475055755554288e-03,1.358169836050385770e-01
1.005999999999999694e+01,4.132595727159834031e-01,-7.301513558813349687e-03,1.308527061870725650e-01,4.151433128565091835e-01,-6.522244248318027557e-03,1.262564837420505626e-01,4.258430617430534193e-01,1.958157155099587987e-04,1.292063957782944583e-01
1.007000000000000206e+01,4.221259865285097446e-01,-7.216298316298093950e-03,1.180009635369602405e-01,4.184132929642102594e-01,-6.551199030663541756e-03,1.216172089101237863e-01,4.309657687746336618e-01,-1.306648297666565539e-03,1.215285801280962530e-01
1.008000000000000007e+01,4.308440556353341222e-01,-7.029441721439414273e-03,1.031150454222695273e-01,4.221826963867125748e-01,-6.541411100418700712e-03,1.158216340954666690e-01,4.363522600845393118e-01,-2.092528066194199177e-03,1.136266365811984258e-01
1.008999999999999808e+01,4.390433519827848241e-01,-6.734752998297946144e-03,8.628115029917697576e-02,4.263388582651170267e-01,-6.487125472619079125e-03,1.088547114598715365e-01,4.419404492858004518e-01,-2.368256738565971409e-03,1.047541777860358514e-01
1.009999999999999964e+01,4.463756595166111785e-01,-6.332920118597465745e-03,6.765331141725053343e-02,4.307550294342977204e-01,-6.384350558641273439e-03,1.007206544504839624e-01,4.466235499795565556e-01,-3.009707469815409153e-03,9.677622378894978894e-02
1.011000000000000121e+01,4.525295891118106262e-01,-5.830606664408897154e-03,4.744583420288448622e-02,4.352952968237840392e-01,-6.230670616400188488e-03,9.144143696284495748e-02,4.501381084598067295e-01,-3.553067319503749877e-03,9.030759731573639870e-02
1.011999999999999922e+01,4.572428701696524267e-01,-5.239384413455273198e-03,2.592311946452594690e-02,4.398197005519631775e-01,-6.024897239516217168e-03,8.105345299820612692e-02,4.596139056024756142e-01,-4.925431174300762271e-03,6.976186472825202101e-02
1.012999999999999723e+01,4.603116283637420647e-01,-4.574570965015232679e-03,3.387424207257620778e-03,4.441876835710498184e-01,-5.767275617982360256e-03,6.961048900311704590e-02,4.660749365079420725e-01,-5.499525061713361751e-03,5.439783526422647952e-02
1.013999999999999879e+01,4.615962334034345305e-01,-3.854043635543831677e-03,-1.983468204096357212e-02,4.482621457702246626e-01,-5.459774997108960207e-03,5.718716060504554222e-02,4.705387816524622124e-01,-5.994410390770532615e-03,4.132438511425218230e-02
1.015000000000000036e+01,4.610235853281929863e-01,-3.097092471384434165e-03,-4.340631082541472618e-02,4.519145494279787623e-01,-5.105443558149113173e-03,4.387129283923138501e-02,4.743766951942989252e-01,-6.348504780186531304e-03,2.602614884794990369e-02
1.015999999999999837e+01,4.585859736295400113e-01,-2.323365064321108748e-03,-6.699384779580667970e-02,4.550277999040730492e-01,-4.708666282050517730e-03,2.976836714563890762e-02,4.777136876804845000e-01,-6.976067225841361963e-03,1.017381540985218269e-02
1.016999999999999993e+01,4.543368688992480697e-01,-1.551943597095968661e-03,-9.027938095774772076e-02,4.575003165326767540e-01,-4.274792257307827303e-03,1.499294977272473857e-02,4.798366094833093065e-01,-7.612152095726187895e-03,-3.928286877823095047e-03
1.018000000000000149e+01,4.483841780893049744e-01,-8.005801049428145928e-04,-1.129713447498916362e-01,4.592477016148886482e-01,-3.810134170638024287e-03,-3.264077401068606922e-04,4.818759952487043918e-01,-8.299549022456095826e-03,-2.083254825062236248e-02
1.018999999999999950e+01,4.408816043975244958e-01,-8.510613650611765623e-05,-1.348129435913682506e-01,4.602052126633657814e-01,-3.321631160899222134e-03,-1.605742561261869206e-02,4.837216097045511365e-01,-9.609130280356426024e-03,-4.027112870399052191e-02
1.019999999999999751e+01,4.320188014197949289e-01,5.809806634771074937e-04,-1.555881128129297242e-01,4.603285009750603396e-01,-2.816706238551295455e-03,-3.206192080748605094e-02,4.846929008501790204e-01,-1.042816866348325600e-02,-5.399860139186940522e-02
1.020999999999999908e+01,4.220110019105278720e-01,1.186758299758699630e-03,-1.751249671140965303e-01,4.595940854571998746e-01,-2.303045750005583772e-03,-4.820150281680377069e-02,4.856223008807281083e-01,-1.157432424940323112e-02,-7.039662166512933306e-02
1.022000000000000064e+01,4.110887448412069989e-01,1.723965677251075362e-03,-1.932968540624746545e-01,4.579988672082073164e-01,-1.788264762335446201e-03,-6.434060023241143511e-02,4.859076746714027228e-01,-1.308521167661984286e-02,-8.876097641592045617e-02
1.022999999999999865e+01,3.994882301097940069e-01,2.186951681607024207e-03,-2.100212690491098100e-01,4.555592779439899820e-01,-1.279852077632074973e-03,-8.034818891092992965e-02,4.854267270934861100e-01,-1.349849419798719585e-02,-1.026163434652859752e-01
1.024000000000000021e+01,3.874427127633981449e-01,2.572513344323441517e-03,-2.252569861423867614e-01,4.523093273640952927e-01,-7.847354258267233299e-04,-9.610254282694989658e-02,4.843797582291986537e-01,-1.423765092093869089e-02,-1.159437985055004894e-01
1.025000000000000178e+01,3.751752207399323136e-01,2.879650252837858380e-03,-2.389998172060244785e-01,4.482991613015253618e-01,-3.096124496295512727e-04,-1.114906019406836230e-01,4.822368438241018129e-01,-1.547098109012322309e-02,-1.338443488678664473e-01
1.025999999999999979e+01,3.628927528792886825e-01,3.109262576044622816e-03,-2.512774319027012981e-01,4.435916004654524847e-01,1.398892422175099129e-04,-1.264138007250610596e-01,4.796501878942649455e-01,-1.640139725580826158e-02,-1.504497130435308305e-01
1.026999999999999780e+01,3.507819985404003194e-01,3.263818511838403186e-03,-2.621436566859329242e-01,4.382608245860919460e-01,5.583543004637181971e-04,-1.407847707705029150e-01,4.770149383712369850e-01,-1.717238537306725599e-02,-1.639015927211767421e-01
1.027999999999999936e+01,3.390065225200294963e-01,3.347014050173942844e-03,-2.716726305146434650e-01,4.323880751161665037e-01,9.418206866619164598e-04,-1.545327861366124211e-01,4.733032350394047461e-01,-1.858165109301786189e-02,-1.796558172832264377e-01
1.029000000000000092e+01,3.277052843068252175e-01,3.363443986234417732e-03,-2.799531356859671360e-01,4.260604472548178978e-01,1.286466971575377875e-03,-1.675998902420230696e-01,4.672114042561640312e-01,-2.038914060832419661e-02,-2.011830919604930268e-01
1.029999999999999893e+01,3.169923089175478714e-01,3.318298997283859568e-03,-2.870833531062114141e-01,4.193671292963753183e-01,1.589983602814898584e-03,-1.799436452846826795e-01,4.630383989777281384e-01,-2.161685381380214210e-02,-2.135071826383359017e-01
1.030999999999999694e+01,3.069573000596184653e-01,3.217098606763149540e-03,-2.931662180062369893e-01,4.123977331316120432e-01,1.850341511031387484e-03,-1.915348677530943344e-01,4.568425246264651296e-01,-2.288645346691861593e-02,-2.295599158543761287e-01
1.032000000000000206e+01,2.976669760625433869e-01,3.065466533566501076e-03,-2.983054839367826894e-01,4.052399718623476144e-01,2.066616309888526584e-03,-2.023572316627439971e-01,4.508603373141997217e-01,-2.381450757003013285e-02,-2.425349603206266025e-01
1.033000000000000007e+01,2.891669203605862215e-01,2.868950191952206186e-03,-3.026025398154710833e-01,3.979777891778600862e-01,2.238447262268557746e-03,-2.124062044959065532e-01,4.456132790505185071e-01,-2.455694908816503930e-02,-2.526875998410889612e-01
1.033999999999999808e+01,2.814837562419028050e-01,2.632883952123070415e-03,-3.061539746270495743e-01,3.906900774484198813e-01,2.366081944549197451e-03,-2.216873876136323807e-01,4.395627868025370200e-01,-2.525638844053772203e-02,-2.636894413221285149e-01
1.034999999999999964e+01,2.746274850887677754e-01,2.362292766221818410e-03,-3.090498443191714850e-01,3.834494219777346835e-01,2.450413952512528297e-03,-2.302153170546085981e-01,4.312264375687435702e-01,-2.604210197166628715e-02,-2.774106649136501845e-01
1.036000000000000121e+01,2.685938570637727563e-01,2.061831803908442499e-03,-3.113725682778576420e-01,3.763215257970697336e-01,2.492695538979997419e-03,-2.380116675529524994e-01,4.231704153125027679e-01,-2.655587838398473788e-02,-2.893343427913440125e-01
1.036999999999999922e+01,2.633666757842924033e-01,1.735756289225568166e-03,-3.131963657832956271e-01,3.693647356322476427e-01,2.494681157254911245e-03,-2.451038769357397062e-01,4.143749172516701940e-01,-2.698839219437022818e-02,-3.013845731132212546e-01
1.037999999999999723e+01,2.589199669725488206e-01,1.387915687231855606e-03,-3.145871356576608324e-01,3.626280003552164732e-01,2.458101338185407492e-03,-2.515255645543403862e-01,4.004647626889050738e-01,-2.752111957155972677e-02,-3.186822697388754233e-01
1.038999999999999879e+01,2.552199666116652388e-01,1.021766431902359704e-03,-3.156026823314865282e-01,3.561534041476094314e-01,2.385077848790363719e-03,-2.573124430727117828e-01,3.948792501524301946e-01,-2.747339425258595036e-02,-3.248481091295862266e-01
1.040000000000000036e+01,2.522269050994212503e-01,6.403977261536925297e-04,-3.162931971193137515e-01,3.499768730993600419e-01,2.278131480606909384e-03,-2.625010334815254809e-01,3.901688862847181305e-01,-2.713342796594722661e-02,-3.299083011974152102e-01
1.040999999999999837e+01,2.498965797973872749e-01,2.465656735444244664e-04,-3.167019127696267811e-01,3.441228952479346570e-01,2.139476190546324777e-03,-2.671327609808294978e-01,3.757175362635664095e-01,-2.631382150419209198e-02,-3.432774917627151590e-01
1.041999999999999993e+01,2.481817201309055032e-01,-1.572683320986319189e-04,-3.168658607306667485e-01,3.386106632294928476e-01,1.971523337497360986e-03,-2.712476158398180459e-01,3.686274016260197017e-01,-2.592047178893142068e-02,-3.494457596931417886e-01
1.043000000000000149e+01,2.470331567698657860e-01,-5.688980360184019928e-04,-3.168166728162759016e-01,3.334570639269118786e-01,1.776863266299008072e-03,-2.748818643924524907e-01,3.637153411260284352e-01,-2.560949081689278817e-02,-3.536001317695452451e-01
1.043999999999999950e+01,2.464008114650008963e-01,-9.863341828170123487e-04,-3.165813810835942932e-01,3.286659889745371932e-01,1.557938064308274015e-03,-2.780768064417051266e-01,3.485840021853578996e-01,-2.354726947709687157e-02,-3.651955166778453332e-01
1.044999999999999751e+01,2.462345259367375583e-01,-1.407769618355641118e-03,-3.161831811569465467e-01,3.242382005842076031e-01,1.317182171442814664e-03,-2.808703980011286738e-01,3.430350649916347194e-01,-2.228274155543182034e-02,-3.688718455751455738e-01
1.045999999999999908e+01,2.464847477857687874e-01,-1.831548274376385661e-03,-3.156421343959554537e-01,3.201766988308650252e-01,1.056728610715197865e-03,-2.832937912488859844e-01,3.384962397597122141e-01,-2.079496234500423368e-02,-3.712483444061184246e-01
1.047000000000000064e+01,2.471030924294264353e-01,-2.256139471495294951e-03,-3.149757931214465789e-01,3.164708362204026737e-01,7.790365196526973781e-04,-2.853836480166153100e-01,3.344740100230760849e-01,-1.941894177240617581e-02,-3.733050671300838785e-01
1.047999999999999865e+01,2.480427960461949188e-01,-2.680116796641564963e-03,-3.141997404297424135e-01,3.131083472366546494e-01,4.864238463375709226e-04,-2.871730621328958399e-01,3.312202205508458785e-01,-1.805351614832335916e-02,-3.749468485572524656e-01
1.049000000000000021e+01,2.492671826043244276e-01,-3.100625072016585052e-03,-3.133299202175876541e-01,3.100824697151080001e-01,1.813852780206304423e-04,-2.886889935901195692e-01,3.287891045090820530e-01,-1.665949101995538306e-02,-3.759984102552222374e-01
1.050000000000000178e+01,2.509167045335066182e-01,-3.483142595968321403e-03,-3.124151382754431494e-01,3.074475359753531811e-01,-1.226252289877926074e-04,-2.899485420007986702e-01,3.278560521456261867e-01,-1.474677423310082058e-02,-3.759641422993161286e-01
1.050999999999999979e+01,2.538483248355061783e-01,-3.677865739293881102e-03,-3.115491933014717940e-01,3.055155940216646715e-01,-3.723193866203345671e-04,-2.909159921099636059e-01,3.283308031413662009e-01,-1.366743536693762473e-02,-3.752085855698347738e-01
1.051999999999999780e+01,2.585935449374207051e-01,-3.648070581122389577e-03,-3.105283549749989769e-01,3.045127610475353297e-01,-5.495305019063761662e-04,-2.915171109640675162e-01,3.295379689829549541e-01,-1.285298923489144873e-02,-3.740471852172221334e-01
1.052999999999999936e+01,2.652448620103224908e-01,-3.437475368716500640e-03,-3.090189215040528015e-01,3.045246870923124516e-01,-6.609805830209249718e-04,-2.916843460220517326e-01,3.318628033638075792e-01,-1.211411481510721311e-02,-3.721686404081003263e-01
1.054000000000000092e+01,2.737829328222131653e-01,-3.088512213117233351e-03,-3.066969678980330238e-01,3.056046005008113964e-01,-7.135740789130662082e-04,-2.913517787812494042e-01,3.348984467794176023e-01,-1.173358025557277862e-02,-3.709584786745098728e-01
1.054999999999999893e+01,2.841027462313953089e-01,-2.640979906406086368e-03,-3.032602151988094685e-01,3.077783496578869182e-01,-7.143897082158095178e-04,-2.904529913296760024e-01,3.393921816265789149e-01,-1.109277986267706573e-02,-3.690449816645532399e-01
1.055999999999999694e+01,2.960233886313961005e-01,-2.132094061439738890e-03,-2.984357530412964365e-01,3.110415374742008798e-01,-6.705949569812523232e-04,-2.889239377938436770e-01,3.456044198303923620e-01,-1.036442675845111738e-02,-3.661153351250187038e-01
1.057000000000000206e+01,3.092981900282005814e-01,-1.596077275123707019e-03,-2.919888270139358033e-01,3.153675827048921243e-01,-5.897937830458802218e-04,-2.866976191710935429e-01,3.521971965384083081e-01,-9.838804554876387498e-03,-3.619685428054771337e-01
1.058000000000000007e+01,3.236263680909484131e-01,-1.063644839112758101e-03,-2.837319601331278474e-01,3.207055329397674459e-01,-4.797978104387414129e-04,-2.837077483012539481e-01,3.586468445718702380e-01,-9.997253703212291565e-03,-3.579254361689839237e-01
1.058999999999999808e+01,3.386663426366851581e-01,-5.615236513902535555e-04,-2.735333503596400484e-01,3.269808122947964746e-01,-3.485064172121003171e-04,-2.798912941258520082e-01,3.658119536394000004e-01,-1.011714740458193040e-02,-3.530726914397018246e-01
1.059999999999999964e+01,3.540504754061824522e-01,-1.120795525515509098e-04,-2.613235070084150014e-01,3.340981192855940751e-01,-2.038392525121742946e-04,-2.751901810140033322e-01,3.741056176965962266e-01,-1.010666358748538163e-02,-3.468928686262658379e-01
1.061000000000000121e+01,3.694007014372392983e-01,2.669087870882987795e-04,-2.470992901321946988e-01,3.419426244231155154e-01,-5.375518290417049053e-05,-2.695552647726053297e-01,3.843063816593946802e-01,-9.725890596077466088e-03,-3.384690514277193807e-01
1.061999999999999922e+01,3.843443384922755612e-01,5.623150455468311441e-04,-2.309248102452867990e-01,3.503893395538627553e-01,9.426776425470540302e-05,-2.629427053878135023e-01,3.943443080364726905e-01,-9.478850585757578329e-03,-3.294472142577752338e-01
1.062999999999999723e+01,3.985292706069752944e-01,7.655717882411768038e-04,-2.129289755344264679e-01,3.592963684745017483e-01,2.327778414770501330e-04,-2.553262424067050396e-01,4.015452701028078275e-01,-9.503581147510570259e-03,-3.226634286441087962e-01
1.063999999999999879e+01,4.116377057218215119e-01,8.724304032879288701e-04,-1.932997909753007282e-01,3.685203532475841981e-01,3.556320123845311577e-04,-2.466868285403955863e-01,4.199809464861411490e-01,-9.460342506059010725e-03,-3.032882690354122834e-01
1.065000000000000036e+01,4.233977879689993506e-01,8.825935555997828537e-04,-1.722757942033504019e-01,3.779051296396926940e-01,4.566243850047080029e-04,-2.370310550460870691e-01,4.281776958520554510e-01,-9.481123116193104772e-03,-2.935716650437381614e-01
1.065999999999999837e+01,4.335924931574274277e-01,7.992435937852342435e-04,-1.501352347107907659e-01,3.872983977708611691e-01,5.309273340236626186e-04,-2.263782101643345146e-01,4.354248696862522694e-01,-9.533812256617008041e-03,-2.841677673551659677e-01
1.066999999999999993e+01,4.420654327038021081e-01,6.284942384081889733e-04,-1.271837496904962006e-01,3.965485063004827171e-01,5.744620310998679912e-04,-2.147690889225390698e-01,4.529546356260553130e-01,-7.568516864034549596e-03,-2.546696110668719704e-01
1.068000000000000149e+01,4.487234112379077100e-01,3.787942040751146686e-04,-1.037413646804737077e-01,4.055113546873602703e-01,5.838509713493886342e-04,-2.022624298365347517e-01,4.634154116633552034e-01,-6.263128871819123589e-03,-2.323402504570520888e-01
1.068999999999999950e+01,4.535358085299159292e-01,6.031292625113956422e-05,-8.012964120987418892e-02,4.140535229062152212e-01,5.574251198312307233e-04,-1.889337922360637689e-01,4.710986092329653152e-01,-4.687813616642014236e-03,-2.114704602520862120e-01
1.069999999999999751e+01,4.565310617957251127e-01,-3.156640970661330229e-04,-5.665972301713645409e-02,4.220550317016514841e-01,4.939686628904575976e-04,-1.748750585081130515e-01,4.760848106682880054e-01,-3.776003591549809135e-03,-1.946094091402919557e-01
1.070999999999999908e+01,4.577906943268705842e-01,-7.373033925311491031e-04,-3.362190362165907997e-02,4.294115227628494957e-01,3.934149994441356584e-04,-1.601928080158068479e-01,4.812384544984986690e-01,-2.496938771215553854e-03,-1.738375392268233788e-01
1.072000000000000064e+01,4.574414565584008496e-01,-1.192734452621063007e-03,-1.127717355936308161e-02,4.360378914448748700e-01,2.568393040020626439e-04,-1.450028371678553640e-01,4.850131880713726140e-01,-1.408485769121572972e-03,-1.548091658170375751e-01
1.072999999999999865e+01,4.556462108031387181e-01,-1.670486131532153765e-03,1.014898009666113932e-02,4.418677561057956504e-01,8.586150151701081893e-05,-1.294307050569047102e-01,4.881710875527065507e-01,-1.880892344775925151e-04,-1.346704324035492562e-01
1.074000000000000021e+01,4.525942002337143277e-01,-2.159839126629080688e-03,3.047043393289505103e-02,4.468557788746246873e-01,-1.168278887061014511e-04,-1.136051149146156541e-01,4.901827798419320370e-01,6.789372721450886994e-04,-1.162121490488938480e-01
1.075000000000000178e+01,4.484913023630697215e-01,-2.651088147589423984e-03,4.954202994643537583e-02,4.509764454299471370e-01,-3.481789522645635212e-04,-9.765738759113952450e-02,4.914743716834581999e-01,1.863474454755348342e-03,-9.919487485480898981e-02
1.075999999999999979e+01,4.435507870387827567e-01,-3.135717071461784078e-03,6.725914004656644019e-02,4.542242108282723012e-01,-6.044481412855393088e-04,-8.171637181047305964e-02,4.919588067044018409e-01,3.016655352074112950e-03,-8.069575219406210920e-02
1.076999999999999780e+01,4.379849915540006133e-01,-3.606490872902769554e-03,8.355551839019254023e-02,4.566117987704397807e-01,-8.817141929867203763e-04,-6.590675683122182438e-02,4.917603134785236696e-01,3.769766399725038575e-03,-6.949566127648382219e-02
1.077999999999999936e+01,4.319982042913803610e-01,-4.057475731090786492e-03,9.839982844092193259e-02,4.581687075481031268e-01,-1.175762142436618390e-03,-5.034588100491978885e-02,4.912515525253937643e-01,4.217007108158712936e-03,-5.710050040006431349e-02
1.079000000000000092e+01,4.257809259791516809e-01,-4.483998970296059101e-03,1.117912551249361647e-01,4.589390475631905941e-01,-1.482387803389831815e-03,-3.514158692373538923e-02,4.900474095196030166e-01,4.144518650603279397e-03,-4.170310176134683910e-02
1.079999999999999893e+01,4.195055647783267339e-01,-4.882562689939713013e-03,1.237546005970618229e-01,4.589790924972130259e-01,-1.797369453889471631e-03,-2.039089588672290954e-02,4.881851114281012816e-01,4.530183844182161801e-03,-2.599130271049332475e-02
1.080999999999999694e+01,4.133235257863454026e-01,-5.250725571710537776e-03,1.343352228029918438e-01,4.583549379344865615e-01,-2.116862980321180306e-03,-6.177213132613211186e-03,4.865925721953665573e-01,4.889145758210422521e-03,-1.527984910625990178e-02
1.082000000000000206e+01,4.073635816585560177e-01,-5.586965397719721033e-03,1.435941177157515625e-01,4.571394809744250831e-01,-2.436974611223788334e-03,7.427368982729117865e-03,4.854170375829002237e-01,5.007933708000095185e-03,-8.975026479908332355e-03
1.083000000000000007e+01,4.017313605826336453e-01,-5.890534457115905245e-03,1.516033769735732895e-01,4.554102166446081790e-01,-2.754065016210459176e-03,2.036387329627048146e-02,4.842414692104181073e-01,5.127784742620031255e-03,-2.670232940471306549e-03
1.083999999999999808e+01,3.965097596616610209e-01,-6.161317035368565204e-03,1.584421810000938569e-01,4.532469657349664782e-01,-3.065388738913699812e-03,3.258940789472294930e-02,4.751080064951298532e-01,6.391741750230550689e-03,3.500568601084630416e-02
1.084999999999999964e+01,3.917600830637731901e-01,-6.399696568278494431e-03,1.641934195306247180e-01,4.507292318327490999e-01,-3.367769224737447893e-03,4.407042030894127438e-02,4.706271889127130459e-01,6.142845762091037054e-03,4.907633629971647204e-02
1.086000000000000121e+01,3.875237109504535704e-01,-6.606437102146712689e-03,1.689409717811395373e-01,4.479346888999022336e-01,-3.658812984134103205e-03,5.478678949806574383e-02,4.639901599645445129e-01,6.341891203607369354e-03,6.691304751767551684e-02
1.086999999999999922e+01,3.838241227977651771e-01,-6.782582159458491224e-03,1.727676298849866732e-01,4.449374110026467211e-01,-3.936832382903081122e-03,6.473033903752205276e-02,4.588450840179311152e-01,5.842938059678060014e-03,7.953525370679659368e-02
1.087999999999999723e+01,3.806691228999943277e-01,-6.929371858345679397e-03,1.757536131006380287e-01,4.418063320246781167e-01,-4.199716023775701933e-03,7.390153809753773062e-02,4.524523689644889268e-01,5.857921309186400749e-03,9.385676384611196799e-02
1.088999999999999879e+01,3.780531429046219971e-01,-7.048177825004454597e-03,1.779755963585111789e-01,4.386047977776320606e-01,-4.446471263905581867e-03,8.230944753507705991e-02,4.453943921759008218e-01,5.327592466100761204e-03,1.071598935861258761e-01
1.090000000000000036e+01,3.759595232442296542e-01,-7.140454457744931441e-03,1.795061638593463405e-01,4.353892930956084206e-01,-4.676153649545983573e-03,8.997119206603332309e-02,4.380216815064270630e-01,4.684783012236612421e-03,1.192110691641561915e-01
1.090999999999999837e+01,3.743627002897663703e-01,-7.207704254943654402e-03,1.804135948906983589e-01,4.322088547288244209e-01,-4.887803859073247895e-03,9.691084112364962977e-02,4.305356911505517914e-01,4.550134512580863988e-03,1.311596231687555680e-01
1.091999999999999993e+01,3.732302477672576613e-01,-7.251454465762045311e-03,1.807618926865809106e-01,4.291067089993195749e-01,-5.081483889221238663e-03,1.031534353700601647e-01,4.250293952952171050e-01,4.602195759914703976e-03,1.405552653720413270e-01
1.093000000000000149e+01,3.725247389870549597e-01,-7.273242862813123974e-03,1.806109758633236417e-01,4.261172409437453124e-01,-5.256819556020987314e-03,1.087328743978447781e-01,4.184422997510874875e-01,4.267572220672088967e-03,1.496326854398160600e-01
1.093999999999999950e+01,3.722054107060917549e-01,-7.274609508003879003e-03,1.800169639396645149e-01,4.232684712756585310e-01,-5.413856593443192033e-03,1.136840239190485824e-01,4.149749357345174916e-01,3.882011509864669030e-03,1.524723950396927319e-01
1.094999999999999751e+01,3.722296204155810528e-01,-7.257092823508500684e-03,1.790325017593020762e-01,4.205832903970229131e-01,-5.553018356604523531e-03,1.180402204680957162e-01,4.141340021390265136e-01,3.081183268517417861e-03,1.506619181509067373e-01
1.095999999999999908e+01,3.725540969577977313e-01,-7.222227737554208146e-03,1.777070812429678570e-01,4.180760637105817579e-01,-5.674634869066668905e-03,1.218422953850144680e-01,4.155428650902256438e-01,2.816837136704192224e-03,1.469905002718073228e-01
1.097000000000000064e+01,3.731359902657541694e-01,-7.171544567026038285e-03,1.760873315907191539e-01,4.157564175665634520e-01,-5.779262721002700540e-03,1.251294654576372567e-01,4.171551465629705913e-01,2.675796490791901294e-03,1.447335142533510144e-01
1.097999999999999865e+01,3.739337301798741908e-01,-7.106567650860561892e-03,1.742172603090701710e-01,4.136306468072055709e-01,-5.867610266196247870e-03,1.279375177250065554e-01,4.185676638893655044e-01,2.456228474493074576e-03,1.430549015518627898e-01
1.099000000000000021e+01,3.749077071801156236e-01,-7.028812930723651528e-03,1.721384368487476335e-01,4.117002933003268139e-01,-5.940390277428877000e-03,1.303032400395980894e-01,4.218454576243180210e-01,2.004780755275048509e-03,1.401258890518330968e-01
1.100000000000000178e+01,3.761415617004300604e-01,-6.947761907716724916e-03,1.698564506365798088e-01,4.100019517131175961e-01,-6.001046497385959140e-03,1.322412878408991410e-01,4.279147639935474423e-01,6.350690860276592131e-04,1.348405379634730616e-01
1.100999999999999979e+01,3.784516797851000258e-01,-6.915980434314040852e-03,1.671155050455103985e-01,4.088138262989203242e-01,-6.068138832990896576e-03,1.336152963115465886e-01,4.325474424858208877e-01,-3.112924577796105652e-04,1.302156893643825475e-01
1.101999999999999780e+01,3.823563037663112452e-01,-6.960010344577078657e-03,1.634938256688191482e-01,4.083488478139369882e-01,-6.152739453880420178e-03,1.342576162896008674e-01,4.372630126109219306e-01,-7.155321615023302328e-04,1.242220635140612872e-01
1.102999999999999936e+01,3.877941816586809032e-01,-7.056183334007472448e-03,1.586151394978720652e-01,4.086544820156057800e-01,-6.249298582647147896e-03,1.340537469779651547e-01,4.410183422819420329e-01,-7.425576243640374940e-04,1.172102127676646344e-01
1.104000000000000092e+01,3.945422401053033101e-01,-7.164936644530089244e-03,1.521764892760685550e-01,4.097287540879970269e-01,-6.346781076436352163e-03,1.329143242114332879e-01,4.431836810025199247e-01,-4.544694037270508025e-04,1.117743608050025816e-01
1.104999999999999893e+01,4.023157480845849787e-01,-7.247952956872297757e-03,1.439471405526061842e-01,4.115442974745911475e-01,-6.433997565961670217e-03,1.307671103787488576e-01,4.451306853707783784e-01,-1.539494263149837616e-04,1.052321802810543550e-01
1.105999999999999694e+01,4.107859336608321588e-01,-7.273312274246535730e-03,1.337692811043460217e-01,4.140511770089783661e-01,-6.500778041366602443e-03,1.275525554677160445e-01,4.474081201285714515e-01,-3.598089817466315621e-04,9.544447376492715129e-02
1.107000000000000206e+01,4.195938429906840295e-01,-7.216878126872792142e-03,1.215593069011735999e-01,4.171777205566147284e-01,-6.538277131011500584e-03,1.232243810611778623e-01,4.501791138868551645e-01,-1.294786840415618201e-03,8.674566034112046742e-02
1.108000000000000007e+01,4.283656003001745649e-01,-7.062503610498508874e-03,1.073083020036820906e-01,4.208318723166397657e-01,-6.539180584484256473e-03,1.177517189170228795e-01,4.545914603915812702e-01,-2.302945610523146613e-03,7.665437174387346175e-02
1.108999999999999808e+01,4.367286049291992378e-01,-6.801745189049511822e-03,9.108066903972329709e-02,4.249033150638398260e-01,-6.497984225732139629e-03,1.111225941408895690e-01,4.602524644922030284e-01,-3.538235910526946193e-03,6.542179473994547134e-02
1.109999999999999964e+01,4.443276927355993555e-01,-6.433264717763253517e-03,7.301021792163067681e-02,4.292713825606063738e-01,-6.409612052656846193e-03,1.033287844691490737e-01,4.646674087068597414e-01,-3.716828528072410598e-03,5.744252152302931069e-02
1.111000000000000121e+01,4.508402048966699271e-01,-5.961987244352022312e-03,5.329343368169257161e-02,4.338035086800503537e-01,-6.270880593355215166e-03,9.438328910225438073e-02,4.708516518664973560e-01,-3.359193552088191037e-03,4.522163636758935734e-02
1.111999999999999922e+01,4.559890001813335370e-01,-5.398075915291245148e-03,3.218004853458770326e-02,4.383600468681974061e-01,-6.080539974797571044e-03,8.432134183075346012e-02,4.749193681806815892e-01,-4.032778484903437599e-03,3.319734954705039209e-02
1.112999999999999723e+01,4.595526492942575980e-01,-4.755791679065256815e-03,9.961381109553664806e-03,4.428011852484948219e-01,-5.838103143739714444e-03,7.318769088543609913e-02,4.786273992543534916e-01,-4.670271506727288746e-03,1.698728233207608129e-02
1.113999999999999879e+01,4.613723126746297476e-01,-4.052308576552264389e-03,-1.304285610138796250e-02,4.469882849150515480e-01,-5.545072336809215782e-03,6.105139177966119324e-02,4.808953540058336085e-01,-5.460422585843144327e-03,2.981606360166699776e-03
1.115000000000000036e+01,4.613550863508775746e-01,-3.306551275633771905e-03,-3.649845179923352084e-02,4.507901751727214079e-01,-5.204361196909385728e-03,4.799744577735498563e-02,4.830259915541760263e-01,-6.197078240638781432e-03,-1.158147965731798346e-02
1.115999999999999837e+01,4.594738727516234356e-01,-2.538109617258161883e-03,-6.007043873325197680e-02,4.540863121017300053e-01,-4.819647483372884074e-03,3.412240103265559710e-02,4.846090448756625868e-01,-6.618420724007090250e-03,-2.386518405587662039e-02
1.116999999999999993e+01,4.557640712054257803e-01,-1.766274788413393568e-03,-8.343589290557219817e-02,4.567701415373658369e-01,-4.396234445702080010e-03,1.954120976960981373e-02,4.857988501053536190e-01,-6.862372016807866126e-03,-3.420214689140455011e-02
1.118000000000000149e+01,4.503175704041951222e-01,-1.009226780760038439e-03,-1.062951257304220604e-01,4.587520732411758395e-01,-3.940094034227044698e-03,4.376899155224748053e-03,4.881821984642624734e-01,-8.642571211927421726e-03,-5.905514584574017567e-02
1.118999999999999950e+01,4.432746532389939542e-01,-2.833921356002181606e-04,-1.283807782219478222e-01,4.599614697496801075e-01,-3.458027608211968005e-03,-1.123783222548730733e-02,4.887890545828229572e-01,-1.153908896543644202e-02,-9.189762602286360993e-02
1.119999999999999751e+01,4.348144910261622642e-01,3.970217285098466380e-04,-1.494645177821361803e-01,4.603479940048353924e-01,-2.957320954694415797e-03,-2.716696023382091443e-02,4.875299890953823656e-01,-1.303044036030846786e-02,-1.094035016788564574e-01
1.120999999999999908e+01,4.251449118102273994e-01,1.020318454482518336e-03,-1.693612314245753203e-01,4.598821466930063107e-01,-2.445613821831190034e-03,-4.327131284896457153e-02,4.844928060957026661e-01,-1.440201195734054640e-02,-1.314003790790556625e-01
1.122000000000000064e+01,4.144920841739697104e-01,1.577443466819907804e-03,-1.879307848647793211e-01,4.585548584288435814e-01,-1.930497531373377793e-03,-5.941517616280862779e-02,4.814738626411719791e-01,-1.435284144725333666e-02,-1.456772995934685622e-01
1.122999999999999865e+01,4.030906751912214370e-01,2.061972448486854882e-03,-2.050775627879458385e-01,4.563769685753726879e-01,-1.419573013864135029e-03,-7.546568320606111824e-02,4.765495850045012860e-01,-1.424546786774004425e-02,-1.643270109936445511e-01
1.124000000000000021e+01,3.911749292505863340e-01,2.469981177827644536e-03,-2.207481181320976038e-01,4.533772770513466721e-01,-9.198754638124145930e-04,-9.129902047013584154e-02,4.703822234557492044e-01,-1.424541406019276535e-02,-1.832331581957030719e-01
1.125000000000000178e+01,3.789709895470120271e-01,2.799823678596254604e-03,-2.349273266107080316e-01,4.496012270586299819e-01,-4.382376491553153976e-04,-1.067995084483503720e-01,4.653800830862793170e-01,-1.469058023935876367e-02,-1.972837028825533134e-01
1.125999999999999979e+01,3.666906572068316938e-01,3.051845859815219969e-03,-2.476334733663326237e-01,4.451078997742636267e-01,1.946036298902480404e-05,-1.218645150088127627e-01,4.600802595452289090e-01,-1.531671302706336113e-02,-2.116344839488326079e-01
1.126999999999999780e+01,3.545266623274799800e-01,3.228061058016915008e-03,-2.589126961098717206e-01,4.399675700706510151e-01,4.476895422392462094e-04,-1.364048993853968494e-01,4.539818829915408527e-01,-1.571868807665580126e-02,-2.281541386149904538e-01
1.127999999999999936e+01,3.426494190572657583e-01,3.331811307073468276e-03,-2.688331746813418799e-01,4.342556491303127264e-01,8.421093689659950830e-04,-1.503533411983475621e-01,4.496236455063942206e-01,-1.581214677509766575e-02,-2.396649486408060081e-01
1.129000000000000092e+01,3.312051554329473180e-01,3.367434356576031167e-03,-2.774794032129485610e-01,4.280631167501336432e-01,1.198869546085365272e-03,-1.636330398804058117e-01,4.454084123872223966e-01,-1.558918393444211348e-02,-2.501910260327438462e-01
1.129999999999999893e+01,3.203152495582779480e-01,3.339952530164845383e-03,-2.849468150954630463e-01,4.214759541412447796e-01,1.515290357718636696e-03,-1.762034873524970235e-01,4.390396985071520763e-01,-1.549058275020338826e-02,-2.641113421597981459e-01
1.130999999999999694e+01,3.100765698195064868e-01,3.254794823772110511e-03,-2.913369584047216798e-01,4.145816579599386209e-01,1.789251010220946868e-03,-1.880346062735911983e-01,4.331562974819580525e-01,-1.589472601316695155e-02,-2.752036771195233711e-01
1.132000000000000206e+01,3.005626023100358424e-01,3.117559640534615147e-03,-2.967533494422437412e-01,4.074788244546980187e-01,2.019127656020085378e-03,-1.990892317638890963e-01,4.260422884185905978e-01,-1.647919883381192274e-02,-2.874182874164605273e-01
1.133000000000000007e+01,2.918251541984595576e-01,2.933821012965734908e-03,-3.012980673003671228e-01,4.002370049647062111e-01,2.205165024464671858e-03,-2.093844599683816754e-01,4.209658848601409709e-01,-1.706710390645858888e-02,-2.957234161657045224e-01
1.133999999999999808e+01,2.838964357217020340e-01,2.708979117424506998e-03,-3.050690990661782953e-01,3.929503409922571189e-01,2.346571222800814677e-03,-2.189020195659673595e-01,4.157824557625606765e-01,-1.800500881315418578e-02,-3.044019298074250313e-01
1.134999999999999964e+01,2.767913524472777609e-01,2.448152084166039036e-03,-3.081584011756964281e-01,3.856911624331904043e-01,2.444264730125092142e-03,-2.276581665855392511e-01,4.110442213783814802e-01,-1.878002712021485665e-02,-3.119628923798950515e-01
1.136000000000000121e+01,2.705098675308109657e-01,2.156105180938984022e-03,-3.106506121958796940e-01,3.785198199880835390e-01,2.499769417542847295e-03,-2.356817659963284239e-01,4.063166773239802465e-01,-1.967405712964181985e-02,-3.189241832603132987e-01
1.136999999999999922e+01,2.650393262558389806e-01,1.837211854881626695e-03,-3.126223321123968169e-01,3.715107206442314070e-01,2.513505230832002030e-03,-2.429825302293654454e-01,4.027559106325625526e-01,-2.027594132108768987e-02,-3.235129880515241196e-01
1.137999999999999723e+01,2.603566643703462691e-01,1.495440883541341659e-03,-3.141418732996853480e-01,3.646983205231713043e-01,2.488889985183062939e-03,-2.496118274611900945e-01,3.990690789985664733e-01,-2.090977826788117944e-02,-3.278634082781580750e-01
1.138999999999999879e+01,2.564304481235016309e-01,1.134363983976361540e-03,-3.152693862402235481e-01,3.581394980126256788e-01,2.426838781296709359e-03,-2.555909565884376122e-01,3.944880065177959194e-01,-2.167157075646089504e-02,-3.326660360836068420e-01
1.140000000000000036e+01,2.532227176716102535e-01,7.571776535146151899e-04,-3.160572669784757482e-01,3.518731896722661068e-01,2.329469109160500762e-03,-2.609558143950742037e-01,3.875983409180302486e-01,-2.233309424549827227e-02,-3.384860708873602131e-01
1.140999999999999837e+01,2.506906203024366619e-01,3.667350565395124159e-04,-3.165507617322130818e-01,3.459193611322065043e-01,2.199987755615268742e-03,-2.657541570651785756e-01,3.822024773992490632e-01,-2.293595091195797797e-02,-3.426117316479732056e-01
1.141999999999999993e+01,2.487878349226425589e-01,-3.441660543453497513e-05,-3.167886946719164487e-01,3.403035965351458580e-01,2.040404468070615256e-03,-2.700220163260347861e-01,3.762428326362581288e-01,-2.388798241529864474e-02,-3.465807422147459960e-01
1.143000000000000149e+01,2.474657978912719603e-01,-4.439970296085625750e-04,-3.168042569870336278e-01,3.350417410388736306e-01,1.853235593874035837e-03,-2.737983528587037418e-01,3.720825878925145824e-01,-2.430253808484995892e-02,-3.488263028836571245e-01
1.143999999999999950e+01,2.466747441974727340e-01,-8.599540733779079300e-04,-3.166258075464274957e-01,3.301421158030020675e-01,1.641017102011365757e-03,-2.771226054512843096e-01,3.680592662317931918e-01,-2.479053707633312176e-02,-3.510321085685066955e-01
1.144999999999999751e+01,2.463645826728910748e-01,-1.280427850176073202e-03,-3.162776470485255120e-01,3.256065681898280273e-01,1.406244795067923894e-03,-2.800336641027092455e-01,3.642620262557678679e-01,-2.529122719159428156e-02,-3.523364899830522812e-01
1.145999999999999908e+01,2.464856233550000719e-01,-1.703718698377589599e-03,-3.157807381263905699e-01,3.214367878800495348e-01,1.151117806665534395e-03,-2.825651806671068966e-01,3.615061824525059864e-01,-2.527688723831700290e-02,-3.523226023817294106e-01
1.147000000000000064e+01,2.469891751179930373e-01,-2.128259778005351516e-03,-3.151533530644828884e-01,3.176245048492860046e-01,8.780971759727371337e-04,-2.847534387358771069e-01,3.593011182362564337e-01,-2.505499825949442094e-02,-3.514703936439346199e-01
1.147999999999999865e+01,2.478280302713298244e-01,-2.552594586219288000e-03,-3.144116385432358940e-01,3.141593419282780464e-01,5.894692831211650929e-04,-2.866314874635063070e-01,3.581939600007576496e-01,-2.472638736041053720e-02,-3.499400255858881037e-01
1.149000000000000021e+01,2.489819207184748584e-01,-2.970667800394311345e-03,-3.135758944957053873e-01,3.110420310511874398e-01,2.887135871416230933e-04,-2.882256700031264884e-01,3.577531916851180993e-01,-2.416447164491948574e-02,-3.476624778426674056e-01
1.150000000000000178e+01,2.506872852208651969e-01,-3.331800421876737750e-03,-3.127047582334506193e-01,3.083604213647402337e-01,-5.172324870009918987e-06,-2.895472417345849592e-01,3.584430404808027770e-01,-2.354151793728855024e-02,-3.448239878634226097e-01
1.150999999999999979e+01,2.537610306216305234e-01,-3.500368537092821836e-03,-3.118570378081260142e-01,3.064169224307850548e-01,-2.431193313140493032e-04,-2.905547555597727261e-01,3.599284754725355917e-01,-2.298671498328166973e-02,-3.418224625710116205e-01
1.151999999999999780e+01,2.586774695733513596e-01,-3.450259082642967781e-03,-3.108137937442581045e-01,3.054200712035464171e-01,-4.102299486057222038e-04,-2.911757863785086053e-01,3.621367110040472070e-01,-2.237088026113610850e-02,-3.385107740971890489e-01
1.152999999999999936e+01,2.655151912087045929e-01,-3.225038515756056302e-03,-3.092436696330932433e-01,3.054539849559348985e-01,-5.136498503885379360e-04,-2.913419037734785166e-01,3.655382001401067393e-01,-2.161539583448120194e-02,-3.343730216671273459e-01
1.154000000000000092e+01,2.742443054136748382e-01,-2.866829776478944068e-03,-3.068257546188138396e-01,3.065658850992565299e-01,-5.599536428701013067e-04,-2.909919401765266866e-01,3.695184028332209047e-01,-2.107338036408645809e-02,-3.307976646949588595e-01
1.154999999999999893e+01,2.847502736682648306e-01,-2.415156259700141500e-03,-3.032609131936341296e-01,3.087782414083919957e-01,-5.561902010870522009e-04,-2.900611553582748692e-01,3.739537136064861045e-01,-2.049285097817211965e-02,-3.271005996054950904e-01
1.155999999999999694e+01,2.968436018590577263e-01,-1.906924828723302167e-03,-2.982797675665547765e-01,3.120861160948323332e-01,-5.095950257210882933e-04,-2.884850081119216814e-01,3.805980839058137333e-01,-1.960387982397510109e-02,-3.215642492834485111e-01
1.157000000000000206e+01,3.102700904556761063e-01,-1.375992838227354641e-03,-2.916517118634159300e-01,3.164594373974431440e-01,-4.277215219220683283e-04,-2.861979583434261509e-01,3.853173099150739578e-01,-1.896714444027648716e-02,-3.174960506836502772e-01
1.158000000000000007e+01,3.247226410686590570e-01,-8.526480288189172089e-04,-2.831941573794904410e-01,3.218431235957880387e-01,-3.182934811538815859e-04,-2.831358712497715757e-01,3.881770000182838132e-01,-1.867994758459938509e-02,-3.150160460262397266e-01
1.158999999999999808e+01,3.398547435156800134e-01,-3.631317552845096750e-04,-2.727809291163720840e-01,3.281608502807994987e-01,-1.892384964409371800e-04,-2.792362199172755410e-01,3.999512365384388923e-01,-1.751657058692367153e-02,-3.045783155477626569e-01
1.159999999999999964e+01,3.552953609044993133e-01,7.072386611713956349e-05,-2.603487829178309232e-01,3.353148653451919481e-01,-4.844096301819672545e-05,-2.744422923347231702e-01,4.155814817352208035e-01,-1.631430235897443626e-02,-2.888598032507291302e-01
1.161000000000000121e+01,3.706646568337360614e-01,4.317081693166135124e-04,-2.459012273477705901e-01,3.431902701533475764e-01,9.634126931699839476e-05,-2.687043604939509667e-01,4.261353899528268485e-01,-1.521120663011386875e-02,-2.766637986826845363e-01
1.161999999999999922e+01,3.855898302532430599e-01,7.072816286714934779e-04,-2.295091394828836229e-01,3.516559014259170168e-01,2.377298332040742035e-04,-2.619842866784805602e-01,4.371434804403161456e-01,-1.428504035638725189e-02,-2.628849729537883761e-01
1.162999999999999723e+01,3.997202461352859504e-01,8.894658422709868792e-04,-2.113079946438500278e-01,3.605721967782766768e-01,3.685450799786088756e-04,-2.542537514521018283e-01,4.452660857637824598e-01,-1.353784578255416704e-02,-2.517826621637939688e-01
1.163999999999999879e+01,4.127410600449250011e-01,9.745868342588606117e-04,-1.914918477185193202e-01,3.697872955435515530e-01,4.824764532944926737e-04,-2.455038892603161049e-01,4.544783024132701410e-01,-1.289668431718267450e-02,-2.377633772945600132e-01
1.165000000000000036e+01,4.243846234928368988e-01,9.628914616499722719e-04,-1.703044810962218159e-01,3.791504146817894494e-01,5.736459800702146689e-04,-2.357371509846740432e-01,4.620268502594152560e-01,-1.241917275817078226e-02,-2.244618471401266802e-01
1.165999999999999837e+01,4.344391125456339431e-01,8.580613212268758516e-04,-1.480283490257344736e-01,3.885057891105994643e-01,6.371627984873220888e-04,-2.249791456515299881e-01,4.683459428507137368e-01,-1.195868000360894579e-02,-2.113319168035610041e-01
1.166999999999999993e+01,4.427540229389501647e-01,6.666519857413691569e-04,-1.249720903089022866e-01,3.977047991112614422e-01,6.690911889782063691e-04,-2.132697584431892113e-01,4.744476288942666153e-01,-1.160523531198875968e-02,-1.955815739025665301e-01
1.168000000000000149e+01,4.492423993707182484e-01,3.974872598746323092e-04,-1.014574458770114707e-01,4.066035104133389755e-01,6.664231342067630792e-04,-2.006703690408963847e-01,4.801344510043493718e-01,-1.089269864115599562e-02,-1.755711564337018027e-01
1.168999999999999950e+01,4.538798920149452187e-01,6.103821039334046596e-05,-7.780640589689405417e-02,4.150700749143108603e-01,6.273477520803748611e-04,-1.872579189391657961e-01,4.830657148329995376e-01,-1.036302123598331626e-02,-1.614695117054648632e-01
1.169999999999999751e+01,4.567009378421047483e-01,-3.311836649301942151e-04,-5.432933133300459072e-02,4.229870954007497463e-01,5.515557324376480896e-04,-1.731236507213145259e-01,4.847750088152286141e-01,-1.008902952308668444e-02,-1.510442751089776103e-01
1.170999999999999908e+01,4.577925303232273091e-01,-7.671944099597774024e-04,-3.131466218709816340e-02,4.302516182689241075e-01,4.391195121606994520e-04,-1.583752785009457653e-01,4.874949801555059636e-01,-9.032780487867861363e-03,-1.228022990107149881e-01
1.172000000000000064e+01,4.572861569002354409e-01,-1.235044091692242586e-03,-9.020653752197882111e-03,4.367776901103488929e-01,2.903957504239815138e-04,-1.431348719479851872e-01,4.881798510215712428e-01,-8.650409604842770883e-03,-1.071631260014924147e-01
1.172999999999999865e+01,4.553485427893118609e-01,-1.723247012090005663e-03,1.233060406409219531e-02,4.425010218678495644e-01,1.070897574364467787e-04,-1.275295695343365010e-01,4.883053405788313484e-01,-8.425843354274764607e-03,-9.205493969389036413e-02
1.174000000000000021e+01,4.521718435662504532e-01,-2.221124983075134420e-03,3.255681555512435904e-02,4.473800036946811165e-01,-1.073360768190569515e-04,-1.116850963107559741e-01,4.879503425348078460e-01,-8.000611212420363771e-03,-7.488086949646993729e-02
1.175000000000000178e+01,4.479638833885114524e-01,-2.719060070464623426e-03,5.151685481337993366e-02,4.513916033080244139e-01,-3.493927360509827690e-04,-9.573141861432574173e-02,4.871814990257131717e-01,-7.111082584275854601e-03,-5.814062462447994184e-02
1.175999999999999979e+01,4.429389513425178726e-01,-3.208658459812005828e-03,6.911012429509663657e-02,4.545317905820490667e-01,-6.154531695809694562e-04,-7.979815034421056108e-02,4.863469577770201946e-01,-6.218766645340406685e-03,-4.566982608957115275e-02
1.176999999999999780e+01,4.373095580810675287e-01,-3.682832307450898974e-03,8.527423183664592510e-02,4.568149828432012671e-01,-9.015689337762609022e-04,-6.400994669809811910e-02,4.850356953988574915e-01,-5.595400590506699467e-03,-3.104185539850728981e-02
1.177999999999999936e+01,4.312794321810772824e-01,-4.135809820045386470e-03,9.998138011671375835e-02,4.582725513084955349e-01,-1.203401728792721694e-03,-4.848118633603651362e-02,4.836894154029365289e-01,-4.962063381024894859e-03,-2.060269848795909242e-02
1.179000000000000092e+01,4.250379130818667806e-01,-4.563086395866361444e-03,1.132338815989329256e-01,4.589498326379736759e-01,-1.516648532405299966e-03,-3.331721888305628348e-02,4.818943899927210506e-01,-4.026381994574182444e-03,-9.807241652413756228e-03
1.179999999999999893e+01,4.187557854604591068e-01,-4.961331161672874121e-03,1.250591967113144631e-01,4.589038786412770188e-01,-1.837372804967313169e-03,-1.861776854470124573e-02,4.801692319088887162e-01,-3.383458919142046106e-03,-6.501582258896521083e-04
1.180999999999999694e+01,4.125825058954664115e-01,-5.328263016144568071e-03,1.355048509286641278e-01,4.582014985994158351e-01,-2.161397152393095770e-03,-4.461039338561175599e-03,4.787098508866296509e-01,-2.595622361760349661e-03,6.611968623263075884e-03
1.182000000000000206e+01,4.066447009419020264e-01,-5.662509090679088836e-03,1.446335260039999793e-01,4.569165484388012510e-01,-2.485315983576253957e-03,9.074812576998117497e-03,4.767015708091890680e-01,-6.214097922068589908e-04,1.637445673197340801e-02
1.183000000000000007e+01,4.010457675663690602e-01,-5.963457511960498433e-03,1.525185503827958811e-01,4.551264647152341025e-01,-2.805393187118141937e-03,2.194196976990368114e-02,4.750907922412088702e-01,1.252762529798168156e-03,2.437213889655714949e-02
1.183999999999999808e+01,3.958663809435437608e-01,-6.231113731155746120e-03,1.592399417954306895e-01,4.529121082162600453e-01,-3.118816472946161784e-03,3.408679109675392255e-02,4.736213065982104453e-01,2.449047870550641326e-03,3.146301972756254672e-02
1.184999999999999964e+01,3.911657078391904130e-01,-6.465967426012168666e-03,1.648810872303622110e-01,4.503516642249197899e-01,-3.422636179240125948e-03,4.548942479787093651e-02,4.716059503055878288e-01,3.631566582325690407e-03,4.027742339736933852e-02
1.186000000000000121e+01,3.869831320201607694e-01,-6.668874632872533008e-03,1.695260865253278570e-01,4.475243163915991751e-01,-3.714633113722318192e-03,5.612004626900179288e-02,4.693820024697883397e-01,4.817691820845640405e-03,4.905885987277092131e-02
1.186999999999999922e+01,3.833403168244401971e-01,-6.840957742853819197e-03,1.732577383256887760e-01,4.445014754503839871e-01,-3.992818635381153482e-03,6.598207926612172092e-02,4.679045118762223954e-01,5.469167458535470483e-03,5.467958069723360959e-02
1.187999999999999723e+01,3.802434548915789025e-01,-6.983524213522836199e-03,1.761561122067534235e-01,4.413537486854347547e-01,-4.255577444217653084e-03,7.506777390974991859e-02,4.636611385744712210e-01,7.070666495468280743e-03,6.800992516858872516e-02
1.188999999999999879e+01,3.776855824139476736e-01,-7.098003119239555160e-03,1.782976280611948960e-01,4.381395218317558071e-01,-4.501927717881698716e-03,8.340240641370143260e-02,4.588555493953263564e-01,8.854644457018320813e-03,8.173663445873197153e-02
1.190000000000000036e+01,3.756488623233375512e-01,-7.185898111709389594e-03,1.797545520603256175e-01,4.349199475989087849e-01,-4.730568840776938622e-03,9.098433993694290955e-02,4.547389311382948884e-01,1.007066831624284231e-02,9.175728912763581047e-02
1.190999999999999837e+01,3.741067656032764366e-01,-7.248754113442683680e-03,1.805948159114350582e-01,4.317403074683694442e-01,-4.941237152434690104e-03,9.784875620957865505e-02,4.510526642838241784e-01,1.050014202600406399e-02,9.916452219182758654e-02
1.191999999999999993e+01,3.730261013639052381e-01,-7.288135513681608807e-03,1.808820704557278503e-01,4.286428469630635396e-01,-5.133469396734087302e-03,1.040213706328441262e-01,4.480312263453204435e-01,1.087326359747869953e-02,1.048734699551535088e-01
1.193000000000000149e+01,3.723688639520493227e-01,-7.305612757001401190e-03,1.806758939804549713e-01,4.256662561115570620e-01,-5.306806747486843105e-03,1.095232785764719413e-01,4.446828816367782711e-01,1.099377026277745251e-02,1.105178565088852372e-01
1.193999999999999950e+01,3.720938793381237675e-01,-7.302755159987179071e-03,1.800320877960641108e-01,4.228307267726378882e-01,-5.462082119278224498e-03,1.144080207373420754e-01,4.369050666591154375e-01,1.181446455423493247e-02,1.221888297163749582e-01
1.194999999999999751e+01,3.721582436466300825e-01,-7.281127420578552105e-03,1.790030052287559792e-01,4.201641347518400016e-01,-5.598798023459517631e-03,1.186954480034103226e-01,4.332855589960716847e-01,1.244207008047247542e-02,1.281892961026150357e-01
1.195999999999999908e+01,3.725185545735530956e-01,-7.242288133268224085e-03,1.776378737277623243e-01,4.176785454985223467e-01,-5.717799237743101219e-03,1.224305287453922725e-01,4.296221735030862909e-01,1.168522575666468277e-02,1.320952292027336994e-01
1.197000000000000064e+01,3.731319421028190808e-01,-7.187789038454197275e-03,1.759830824485157097e-01,4.153827075441677286e-01,-5.819693263202917709e-03,1.256532714003340823e-01,4.265907511237436722e-01,1.091726745719306946e-02,1.345189791830372905e-01
1.197999999999999865e+01,3.739569089252423040e-01,-7.119173551708945363e-03,1.740824188253380644e-01,4.132857156125724907e-01,-5.904523587967003273e-03,1.283930539950827454e-01,4.244954304489650943e-01,1.048046676056102466e-02,1.359212087138763070e-01
1.199000000000000021e+01,3.749794064558286677e-01,-7.039660135119176800e-03,1.719703229672992217e-01,4.113922957816533166e-01,-5.974362094375599772e-03,1.306923885475625713e-01,4.232587733490195125e-01,9.576929405688119901e-03,1.359654299869316740e-01
1.200000000000000178e+01,3.764497563722731255e-01,-6.968666607964347365e-03,1.695960431916949118e-01,4.097939358471056615e-01,-6.036190818060577917e-03,1.325296379589664120e-01,4.232916769522400147e-01,8.927342123505682681e-03,1.346665718017630020e-01
1.200999999999999979e+01,3.791962318776566088e-01,-6.957705463499459959e-03,1.666447304229541904e-01,4.087805853448961413e-01,-6.108440387662569283e-03,1.337467933120022046e-01,4.243693255192175773e-01,8.617992299951415802e-03,1.325893345412524904e-01
1.201999999999999780e+01,3.835747257208105832e-01,-7.019632847039282073e-03,1.626902973900444527e-01,4.085209109613534562e-01,-6.197722000590652654e-03,1.341862495847583325e-01,4.263807607300890146e-01,7.575218865081403963e-03,1.294706516902934257e-01
1.202999999999999936e+01,3.894356341567674629e-01,-7.122667017599617137e-03,1.573785561289530732e-01,4.090359978429727317e-01,-6.295757249516239183e-03,1.337450832824995939e-01,4.290335556166611219e-01,6.275130441961304650e-03,1.253830385066742048e-01
1.204000000000000092e+01,3.965331200321737803e-01,-7.226424890398852260e-03,1.504280784971596674e-01,4.103157848127101937e-01,-6.391130366154313541e-03,1.323403261251239194e-01,4.318986372592260592e-01,4.214965421617436481e-03,1.185395002622608440e-01
1.204999999999999893e+01,4.045674379395352571e-01,-7.294137982089778441e-03,1.416294500257513911e-01,4.123267297558354527e-01,-6.472844175250671780e-03,1.299029766277983722e-01,4.356250649801083341e-01,3.098970830084785133e-03,1.123920326879470077e-01
1.205999999999999694e+01,4.131986008620913697e-01,-7.296096192671884702e-03,1.308464614019602124e-01,4.150117710568455576e-01,-6.531246308348584613e-03,1.263794535601036328e-01,4.400193789762595342e-01,2.257282967411053387e-03,1.060918009102599924e-01
1.207000000000000206e+01,4.220606337738784242e-01,-7.210519890337179286e-03,1.180173768568642811e-01,4.182919853500038920e-01,-6.558241531331002877e-03,1.217314183379951537e-01,4.445549991403191514e-01,1.758107565341698875e-03,9.883699940026696718e-02
1.208000000000000007e+01,4.307772518859109279e-01,-7.023579546659588536e-03,1.031550406884526594e-01,4.220707673075127508e-01,-6.546766086382696005e-03,1.159303998286368709e-01,4.496949697687706582e-01,1.256633215384994617e-03,8.989940083578928931e-02
1.208999999999999808e+01,4.389782193119887710e-01,-6.729007689385273216e-03,8.634486975129106179e-02,4.262359199964965706e-01,-6.490941717948176676e-03,1.089598356498217013e-01,4.546680773148252808e-01,8.233415608527305807e-04,8.056801764016763290e-02
1.209999999999999964e+01,4.463153607217174024e-01,-6.327423955936046888e-03,6.774015519002130059e-02,4.306607666127806322e-01,-6.386749710123429402e-03,1.008235578863923010e-01,4.592476135593994702e-01,3.162940528950719532e-04,7.144326766992081801e-02
1.211000000000000121e+01,4.524771769128672627e-01,-5.825432823492205162e-03,4.755451722179622476e-02,4.352095972478737251e-01,-6.231700659241001805e-03,9.154264451986700302e-02,4.635103821607817753e-01,-4.820215187039678106e-04,6.226804749227587976e-02
1.211999999999999922e+01,4.572011467195161716e-01,-5.234556751679502080e-03,2.605174869358285045e-02,4.397420940124966982e-01,-6.024800717543539637e-03,8.115561964621907654e-02,4.685167474231604068e-01,-5.604382420642400886e-04,5.013378799337780967e-02
1.212999999999999723e+01,4.602830234526912312e-01,-4.570074071067801308e-03,3.533595673453660511e-03,4.441181994902603236e-01,-5.766116453674729678e-03,6.971413520097953509e-02,4.725790979739079578e-01,-8.335388140403021673e-04,3.806127183891389043e-02
1.213999999999999879e+01,4.615827078578039200e-01,-3.849832493799837906e-03,-1.967376979661882713e-02,4.482006815016816303e-01,-5.457646454540159009e-03,5.729347321775596358e-02,4.756500458876361526e-01,-9.981440317361062187e-04,2.640637463954870201e-02
1.215000000000000036e+01,4.610265638783255793e-01,-3.093101494104944470e-03,-4.323373231300409875e-02,4.518612535584930479e-01,-5.102426225890526086e-03,4.398053311695197115e-02,4.784134428436773723e-01,-1.275090299428793816e-03,1.341058006987394524e-02
1.215999999999999837e+01,4.586063091120683444e-01,-2.319516752292899615e-03,-6.681282199867552563e-02,4.549828388613482155e-01,-4.704860327772603275e-03,2.988049214739930959e-02,4.806988206672752062e-01,-1.996043516104537008e-03,-1.280023332857926910e-03
1.216999999999999993e+01,4.543748374333096973e-01,-1.548155639192313939e-03,-9.009314515844095428e-02,4.574637810314405306e-01,-4.270335411091332085e-03,1.510905128273359530e-02,4.826209326204651262e-01,-2.891406576841115683e-03,-1.680935536317818002e-02
1.218000000000000149e+01,4.484395026877390777e-01,-7.967719381354110893e-04,-1.127830378459373784e-01,4.592198544305077235e-01,-3.805085894887734813e-03,-2.080957054149670457e-04,4.841082107654958167e-01,-4.172120123346362286e-03,-3.126137048350535741e-02
1.218999999999999950e+01,4.409535030390852040e-01,-8.120380315513350648e-05,-1.346255037731676207e-01,4.601861482113052126e-01,-3.316035674731905927e-03,-1.593652825075873164e-02,4.853080056553525923e-01,-5.354103518881825341e-03,-4.550141460065698640e-02
1.219999999999999751e+01,4.321060540634978908e-01,5.850404311982650239e-04,-1.554041947150515690e-01,4.603182684578109862e-01,-2.810552649485996684e-03,-3.193923587759817800e-02,4.862075523435005486e-01,-6.709461385433004854e-03,-6.208132933581744783e-02
1.220999999999999908e+01,4.221120309806593585e-01,1.191025702207153605e-03,-1.749468795617223627e-01,4.595926382754539352e-01,-2.296283077490837623e-03,-4.807770188551851315e-02,4.865438690045917891e-01,-7.751410345940012991e-03,-7.340788571316972377e-02
1.222000000000000064e+01,4.112017027025451354e-01,1.728476295316238968e-03,-1.931265208077996010e-01,4.580061693078884000e-01,-1.780931974627685769e-03,-6.421578216283520268e-02,4.867190001040325731e-01,-8.337355848161281946e-03,-8.201469645658199248e-02
1.222999999999999865e+01,3.996110881950323268e-01,2.191726138077124998e-03,-2.098602108522589771e-01,4.555750790358096824e-01,-1.271928622590417016e-03,-8.022345560730831382e-02,4.859450887573858457e-01,-9.820851350648876488e-03,-1.028804718475380131e-01
1.224000000000000021e+01,3.875733473369286086e-01,2.577557838536470580e-03,-2.251063225985280858e-01,4.523336302530418518e-01,-7.764737927222537970e-04,-9.597750318766992694e-02,4.850272835593889553e-01,-1.071681219394673978e-02,-1.148251586824333981e-01
1.225000000000000178e+01,3.753114913008937514e-01,2.884957814256123958e-03,-2.388602854639634010e-01,4.483314530219101313e-01,-3.009097502633230684e-04,-1.113667365794003827e-01,4.833110455055176224e-01,-1.184384165584867477e-02,-1.296097911355124088e-01
1.225999999999999979e+01,3.630325702887370332e-01,3.114814861641244936e-03,-2.511494187988637661e-01,4.436318162241985608e-01,1.487773871255365990e-04,-1.262907675651646633e-01,4.801046365164443053e-01,-1.358455958938716013e-02,-1.489131290901246352e-01
1.226999999999999780e+01,3.509233812075853165e-01,3.269587930925250529e-03,-2.620272404493141916e-01,4.383081825432299516e-01,5.676694978722586406e-04,-1.406641149708807159e-01,4.776114662987817061e-01,-1.500375924315058840e-02,-1.613995638136869748e-01
1.227999999999999936e+01,3.391476398726935848e-01,3.352966043748569630e-03,-2.715676284090273729e-01,4.324422464090531548e-01,9.513657091353361957e-04,-1.544145525343695036e-01,4.740306093561389433e-01,-1.672024894328150157e-02,-1.767602488312885745e-01
1.229000000000000092e+01,3.278444875023233673e-01,3.369539381496594686e-03,-2.798591542731377890e-01,4.261205786802820250e-01,1.296522250316836308e-03,-1.674851654906520937e-01,4.700348364324312689e-01,-1.846314026648984696e-02,-1.911927279621485620e-01
1.229999999999999893e+01,3.171281505669412693e-01,3.324495991993687508e-03,-2.869998377526750688e-01,4.194325660724156912e-01,1.600400765907706267e-03,-1.798328451823193175e-01,4.668436062313819912e-01,-1.984377056250945237e-02,-2.012771686561261597e-01
1.230999999999999694e+01,3.070885426129893458e-01,3.223354894294298660e-03,-2.930925001239629846e-01,4.124676992690638477e-01,1.861257505764557247e-03,-1.914285090173054871e-01,4.629956367602580114e-01,-2.106079234498144104e-02,-2.121415924289495880e-01
1.232000000000000206e+01,2.977925922894614774e-01,3.071740884295512137e-03,-2.982408233438837986e-01,4.053136861532716795e-01,2.077932272134293615e-03,-2.022557021369359997e-01,4.579663374252996855e-01,-2.256312206355190475e-02,-2.245412041238606105e-01
1.233000000000000007e+01,2.892860868681724762e-01,2.875203734962729352e-03,-3.025461615487053946e-01,3.980545367526553968e-01,2.250136632686446439e-03,-2.123097005780759106e-01,4.525882897862050225e-01,-2.387394680929007251e-02,-2.362245441148640435e-01
1.233999999999999808e+01,2.815958416655344188e-01,2.639081214958104854e-03,-3.061050995982636524e-01,3.907692588222556052e-01,2.378149257535089149e-03,-2.215959115490812870e-01,4.452500593141243135e-01,-2.539792108274803450e-02,-2.502781137612123397e-01
1.234999999999999964e+01,2.747320349489759117e-01,2.368402320796628331e-03,-3.090077135877652981e-01,3.835305140119861789e-01,2.462830032635145508e-03,-2.301287673983811732e-01,4.356912912066823740e-01,-2.686101743260127517e-02,-2.667223518494434287e-01
1.236000000000000121e+01,2.686905763365015631e-01,2.067826703304534441e-03,-3.113364612673584775e-01,3.764034306161244681e-01,2.505223410870633955e-03,-2.379305755280966828e-01,4.288352868487881331e-01,-2.778570596943291671e-02,-2.774866861606992141e-01
1.236999999999999922e+01,2.634554106662527762e-01,1.741614176008286123e-03,-3.131656128926781357e-01,3.694466606833451960e-01,2.507257220080241072e-03,-2.450283524843450411e-01,4.203531466636716285e-01,-2.876551844608293829e-02,-2.895411441917508100e-01
1.237999999999999723e+01,2.590006865430566907e-01,1.393618705105630247e-03,-3.145611259901443524e-01,3.627093292604199881e-01,2.470665689944893245e-03,-2.514555058463655013e-01,4.130058674469733182e-01,-2.959623827483788550e-02,-2.993708480406079286e-01
1.238999999999999879e+01,2.552927450011717725e-01,1.027301018856925999e-03,-3.155808673070704673e-01,3.562335828226426138e-01,2.397610937773633592e-03,-2.572477025245705762e-01,4.043995597803714537e-01,-3.002199168587108002e-02,-3.097441468890246297e-01
1.240000000000000036e+01,2.522919047986723617e-01,6.457542295593282633e-04,-3.162750907529174316e-01,3.500541939199564578e-01,2.290512117222402548e-03,-2.624425179870402136e-01,3.969026954857480805e-01,-2.984282947106170480e-02,-3.177794611219152965e-01
1.240999999999999837e+01,2.499540361338397354e-01,2.517379699847087978e-04,-3.166870893987687730e-01,3.441963768531729473e-01,2.151728510699159498e-03,-2.670806447558688457e-01,3.880532903576328074e-01,-2.952987220462185980e-02,-3.269371944840755995e-01
1.241999999999999993e+01,2.482319272682157463e-01,-1.522833034226513896e-04,-3.168539508897547097e-01,3.386821062817078620e-01,1.983712157607271306e-03,-2.711997388785135632e-01,3.804440341014992955e-01,-2.920397054551296390e-02,-3.340981647849550207e-01
1.243000000000000149e+01,2.470764552821507198e-01,-5.641008207372621118e-04,-3.168073578895524434e-01,3.335229797068764435e-01,1.788987257597415316e-03,-2.748405905373961233e-01,3.748346873279820857e-01,-2.872008911780850327e-02,-3.387327031552236356e-01
1.243999999999999950e+01,2.464375771842072516e-01,-9.817232418543417761e-04,-3.165743872701645700e-01,3.287263390785487016e-01,1.569999282860360008e-03,-2.780415803957608234e-01,3.687749529507998725e-01,-2.804889691834083765e-02,-3.439810275546448803e-01
1.244999999999999751e+01,2.462651601548631330e-01,-1.403341719273333826e-03,-3.161782731786065281e-01,3.242959162990933786e-01,1.329076609969006076e-03,-2.808384906068916997e-01,3.628579129455944408e-01,-2.724501352383129626e-02,-3.491608309992796921e-01
1.245999999999999908e+01,2.465096690529165191e-01,-1.827299091743567281e-03,-3.156391092899700768e-01,3.202271617948433402e-01,1.068669743606636292e-03,-2.832683043034092685e-01,3.589721230940841057e-01,-2.649259892598003485e-02,-3.522520191992911109e-01
1.247000000000000064e+01,2.471227288821891965e-01,-2.252063696061568088e-03,-3.149744743756272558e-01,3.165159033271702227e-01,7.908788404188729073e-04,-2.853627989299766243e-01,3.564339303628989430e-01,-2.585863703588003881e-02,-3.541638319324078576e-01
1.247999999999999865e+01,2.480575793124249750e-01,-2.676208592805028388e-03,-3.141999726347075028e-01,3.131513323417964290e-01,4.979281762207696596e-04,-2.871542008211488417e-01,3.508645667234883136e-01,-2.430134780651269089e-02,-3.581319045983736848e-01
1.249000000000000021e+01,2.492694346180754639e-01,-3.098395230661690584e-03,-3.133296861250586263e-01,3.101195637577580655e-01,1.919626911884822658e-04,-2.886727920221940358e-01,3.492020531309629749e-01,-2.345814128478458660e-02,-3.590878458260425288e-01
1.250000000000000178e+01,2.508423828556082258e-01,-3.493712486705768949e-03,-3.124055396217662040e-01,3.074536210998083385e-01,-1.170100928334987748e-04,-2.899394484392572857e-01,3.483559558606473816e-01,-2.262448851128349980e-02,-3.593788298031327377e-01
1.250999999999999979e+01,2.535943214551541480e-01,-3.715218650465253441e-03,-3.115338279183536008e-01,3.054492312600316506e-01,-3.768623597862391563e-04,-2.909248498120914905e-01,3.474515852868748089e-01,-2.103435121279673137e-02,-3.596247304511940301e-01
1.251999999999999780e+01,2.581078432654869137e-01,-3.712553554897490317e-03,-3.105422692867899070e-01,3.043481882194907784e-01,-5.647875124087228457e-04,-2.915583495236883094e-01,3.481699503577242449e-01,-2.022839010093799295e-02,-3.587929275507117932e-01
1.252999999999999936e+01,2.645164212400253900e-01,-3.523125549782637166e-03,-3.091064130525145726e-01,3.042511093981936643e-01,-6.858561534350039474e-04,-2.917690521917867263e-01,3.495174400484668542e-01,-1.980948257090410503e-02,-3.576151243617713416e-01
1.254000000000000092e+01,2.728142927313245703e-01,-3.189611919981258023e-03,-3.069000813074206357e-01,3.052134639730881283e-01,-7.468453652386532280e-04,-2.914918904650063980e-01,3.520620568162523556e-01,-1.930723311692658650e-02,-3.561456131246353851e-01
1.254999999999999893e+01,2.829074936266074980e-01,-2.752156108450553619e-03,-3.036176523407201899e-01,3.072627401402073244e-01,-7.546533836674464320e-04,-2.906622097243040659e-01,3.552769243465945248e-01,-1.864291690382145761e-02,-3.542742356264915737e-01
1.256000000000000050e+01,2.946249044755389068e-01,-2.248335508597479847e-03,-2.989819808897949960e-01,3.104024445888524664e-01,-7.166456962325712908e-04,-2.892122418701696951e-01,3.613009647159173277e-01,-1.768181140976853027e-02,-3.503468075963872552e-01
1.257000000000000206e+01,3.077282896657335676e-01,-1.712794531273429668e-03,-2.927530261247526244e-01,3.146091107281066557e-01,-6.403845464070419269e-04,-2.870747027972131438e-01,3.667413653550704034e-01,-1.731437921605558095e-02,-3.473599206984228638e-01
1.258000000000000007e+01,3.219237361346657389e-01,-1.176737661983647551e-03,-2.847369318159102547e-01,3.198335922721117219e-01,-5.335972668598666906e-04,-2.841839010960353074e-01,3.728541619926718509e-01,-1.727418978829829699e-02,-3.430776152118562017e-01
1.258999999999999808e+01,3.368747582744318070e-01,-6.674413169626843521e-04,-2.747945258281716541e-01,3.260045689193228347e-01,-4.042080682816475649e-04,-2.804759191391922868e-01,3.801154778232808118e-01,-1.708831984079088595e-02,-3.378129078752805103e-01
1.259999999999999964e+01,3.522168690576065742e-01,-2.078660168989608734e-04,-2.628481917792798717e-01,3.330301824113448550e-01,-2.602551861165371475e-04,-2.758910745059601211e-01,3.883645315345729543e-01,-1.701555601321365352e-02,-3.311292004950869838e-01
1.261000000000000121e+01,3.675731188919409420e-01,1.835882505048271052e-04,-2.488862453868033731e-01,3.407989173186602438e-01,-1.094663768998196344e-04,-2.703778502172699549e-01,3.962929070869986026e-01,-1.674970518757058768e-02,-3.238133005516905527e-01
1.261999999999999922e+01,3.825699049951299946e-01,4.931675345935214450e-04,-2.329642352140054717e-01,3.491847431250915679e-01,4.049380861252563184e-05,-2.638936167563541990e-01,4.068640950955092483e-01,-1.618744364708936401e-02,-3.130158038057411773e-01
1.262999999999999723e+01,3.968522587918568711e-01,7.116902365909075212e-04,-2.152029110164250525e-01,3.580497707359954762e-01,1.823812089800410773e-04,-2.564076271728304990e-01,4.151906298847813925e-01,-1.548244700040996014e-02,-3.040467706883189236e-01
1.263999999999999879e+01,4.100978072814478459e-01,8.343255637818013191e-04,-1.957829249093295809e-01,3.672456277970492788e-01,3.095446296882780040e-04,-2.479054864966537541e-01,4.238387462958028706e-01,-1.509480739480011102e-02,-2.935108286962086477e-01
1.265000000000000036e+01,4.220286771266738568e-01,8.602422696620630731e-04,-1.749366155637685216e-01,3.766221586885639683e-01,4.158501497086915678e-04,-2.383858336685594492e-01,4.335226381220990133e-01,-1.421126540699475804e-02,-2.808360560027258757e-01
1.265999999999999837e+01,4.324207500467698306e-01,7.921506591424334887e-04,-1.529374546649945876e-01,3.860245083595623128e-01,4.960882281672662200e-04,-2.278688384644032838e-01,4.404470168768853666e-01,-1.362300216591991187e-02,-2.711193637282616198e-01
1.266999999999999993e+01,4.411098684776444401e-01,6.357644075309393673e-04,-1.300878927215561587e-01,3.953029670242104721e-01,5.459603101116826005e-04,-2.163902146234329416e-01,4.446484633822600507e-01,-1.330529211980419069e-02,-2.646553458909826628e-01
1.268000000000000149e+01,4.479948087248931676e-01,3.992108145392709879e-04,-1.067064239058068686e-01,4.043125377645004348e-01,5.621914564025304317e-04,-2.040060408112220891e-01,4.584428403155590415e-01,-1.142212279556086008e-02,-2.396416304791050833e-01
1.268999999999999950e+01,4.530370636509450932e-01,9.241920741978962035e-05,-8.311469499397056149e-02,4.129183991994079816e-01,5.425304914167534791e-04,-1.907897527989647901e-01,4.655955424193507497e-01,-9.961944005761821930e-03,-2.231091542835518526e-01
1.269999999999999751e+01,4.562576856304474959e-01,-2.734846119099678449e-04,-5.962542027706040082e-02,4.209996122659588891e-01,4.861077879609835162e-04,-1.768295591639983400e-01,4.743357576152614774e-01,-7.387396086747433088e-03,-1.976085898842275257e-01
1.270999999999999908e+01,4.577316152711974340e-01,-6.867510040751579475e-04,-3.653174276980302587e-02,4.284488858416237722e-01,3.924299493115843314e-04,-1.622313310248619800e-01,4.786154945504621505e-01,-5.957157591415698783e-03,-1.820847269115144496e-01
1.272000000000000064e+01,4.575800481670058151e-01,-1.135524474589057024e-03,-1.409852156284739123e-02,4.351791828944530649e-01,2.626660395685699329e-04,-1.471083340343565804e-01,4.833124695193101727e-01,-4.686509262151500321e-03,-1.620056815729473965e-01
1.272999999999999865e+01,4.559614641394924561e-01,-1.608289917570058722e-03,7.444158089040153053e-03,4.411208331201563193e-01,9.811905514819398155e-05,-1.315863253693968782e-01,4.866795565211422536e-01,-3.292274278677134736e-03,-1.437184090495215449e-01
1.274000000000000021e+01,4.530619598351470212e-01,-2.094235738348486798e-03,2.790514099237753967e-02,4.462261709749010818e-01,-9.848340398597619453e-05,-1.157925495035019015e-01,4.886448351513351662e-01,-2.094577272104797272e-03,-1.299265412438421197e-01
1.275000000000000178e+01,4.490854912611566552e-01,-2.583527947602301707e-03,4.713408527031732326e-02,4.504666027873562850e-01,-3.243226596242759253e-04,-9.985912607963857990e-02,4.902497313860413319e-01,-8.243389071477258412e-04,-1.158410069992034386e-01
1.275999999999999979e+01,4.442445573790307356e-01,-3.067496670765063136e-03,6.502127722765925488e-02,4.538342239624069685e-01,-5.756921369081192171e-04,-8.391453882292337907e-02,4.914377350637121333e-01,5.734468730058950303e-04,-1.009884214575610950e-01
1.276999999999999780e+01,4.387517515277171709e-01,-3.538738994432736283e-03,8.149569078216599427e-02,4.563391374371982834e-01,-8.487643523245302348e-04,-6.808477430572532074e-02,4.921004524230543353e-01,2.616584389536227850e-03,-8.296751492819684493e-02
1.277999999999999936e+01,4.328124876327975601e-01,-3.991148665849814439e-03,9.652167161982488919e-02,4.580088078247063765e-01,-1.139382958262904989e-03,-5.248761928097556845e-02,4.919373723957590760e-01,4.226160697975517300e-03,-6.435136929632873093e-02
1.279000000000000092e+01,4.266190856247389918e-01,-4.419883935998985235e-03,1.100946545527193010e-01,4.588853109013245613e-01,-1.443311859248207381e-03,-3.723277128951749115e-02,4.910174058071982151e-01,4.492267542700253968e-03,-4.996180535829930491e-02
1.279999999999999893e+01,4.203462861785534632e-01,-4.821287590755321886e-03,1.222363148850931086e-01,4.590234471761849289e-01,-1.756393511562035327e-03,-2.241824399161380585e-02,4.894448884580679948e-01,4.645585349249789497e-03,-3.476784438430868818e-02
1.281000000000000050e+01,4.141481668721133658e-01,-5.192772887327381723e-03,1.329895186661400330e-01,4.584879096415354072e-01,-2.074506024585356587e-03,-8.130459012184851689e-03,4.875980365582206488e-01,5.451578754247954350e-03,-2.104299896205297227e-02
1.282000000000000206e+01,4.081563551814684776e-01,-5.532688983566334297e-03,1.424133803709749513e-01,4.573509206889573298e-01,-2.393951686753980138e-03,5.558038682049339270e-03,4.850822422652341093e-01,6.299859202019364446e-03,-4.786889689436468753e-03
1.283000000000000007e+01,4.024793802656295161e-01,-5.840177342007844136e-03,1.505786687152290138e-01,4.556894446992660885e-01,-2.711103174021678441e-03,1.858719686428603884e-02,4.824251154132679353e-01,7.650379328037179572e-03,8.262037599697902301e-03
1.283999999999999808e+01,3.972029746045812049e-01,-6.115029341248516548e-03,1.575637296185707359e-01,4.535828930921679270e-01,-3.022546959653329979e-03,3.090961229794938342e-02,4.796337276376375636e-01,8.100489749977846099e-03,2.070292135238877007e-02
1.284999999999999964e+01,3.923911254707473373e-01,-6.357552206597371844e-03,1.634510267147052942e-01,4.511110400966071854e-01,-3.325842403090441095e-03,4.249286216093786650e-02,4.753427972009791613e-01,8.774795429832157878e-03,3.605282413107530060e-02
1.286000000000000121e+01,3.880876811015266381e-01,-6.568448924142857026e-03,1.683243388180113154e-01,4.483517571795098688e-01,-3.618110157745857945e-03,5.331431562173980648e-02,4.711096927535917134e-01,8.779819645080844115e-03,4.898228616683247827e-02
1.286999999999999922e+01,3.843183327654989268e-01,-6.748715057690296733e-03,1.722666037945388418e-01,4.453796417872447067e-01,-3.897390497801617344e-03,6.336351786596386426e-02,4.668948393296924460e-01,8.596310866859260824e-03,6.071072377476743887e-02
1.287999999999999723e+01,3.810928173894623794e-01,-6.899553517981884057e-03,1.753583605476597140e-01,4.422645006345218843e-01,-4.162159384581612560e-03,7.264033340722830800e-02,4.625443790347950612e-01,8.890813640244632499e-03,7.170708104687278928e-02
1.288999999999999879e+01,3.784072122177169484e-01,-7.022307484040418192e-03,1.776767153408023991e-01,4.390701114049711529e-01,-4.410699675779961200e-03,8.115327098430205610e-02,4.575221909574042067e-01,8.676812223880017716e-03,8.328067223824686671e-02
1.290000000000000036e+01,3.762462200341996632e-01,-7.118409583583869618e-03,1.792947445600438505e-01,4.358543340310664371e-01,-4.642492676782870864e-03,8.891707211411727096e-02,4.524951836732971078e-01,8.700162350058118776e-03,9.423244409635073149e-02
1.290999999999999837e+01,3.745853687572468504e-01,-7.189345454532875511e-03,1.802812412883974813e-01,4.326672427358748130e-01,-4.856564340078559777e-03,9.595497390338836308e-02,4.472578468030324883e-01,8.847567895613472899e-03,1.046499915872620701e-01
1.291999999999999993e+01,3.733930713490091757e-01,-7.236629118329243604e-03,1.807007158955123149e-01,4.295520663972310915e-01,-5.052493312983516623e-03,1.022941432335049416e-01,4.409620731481865841e-01,8.568478999534445695e-03,1.153306293815918315e-01
1.293000000000000149e+01,3.726325104409898836e-01,-7.261787504021126501e-03,1.806135690095560797e-01,4.265454626917193903e-01,-5.230310157471603633e-03,1.079642014897641833e-01,4.352478433440575278e-01,8.553707395626594656e-03,1.246974292690584685e-01
1.293999999999999950e+01,3.722633268212012791e-01,-7.266351642541753197e-03,1.800763667888163055e-01,4.236757346850594796e-01,-5.389907574557486862e-03,1.130015757094839646e-01,4.294980567398112292e-01,8.804595496662417919e-03,1.346779033219889232e-01
1.294999999999999751e+01,3.722431022700076197e-01,-7.251852002455141596e-03,1.791421616720541843e-01,4.209664217907230777e-01,-5.531588794541476492e-03,1.174398776776370140e-01,4.227991845688222616e-01,8.384111428687418544e-03,1.434433315698597777e-01
1.295999999999999908e+01,3.725286357045969332e-01,-7.219816491425258553e-03,1.778608152988949975e-01,4.184336378784717647e-01,-5.655734970297665934e-03,1.213175167060316084e-01,4.182382698384229380e-01,8.014980663102189151e-03,1.483435357366629792e-01
1.297000000000000064e+01,3.730770177197098025e-01,-7.171769289614006102e-03,1.762792931904952343e-01,4.160873026422506338e-01,-5.762844710161581924e-03,1.246748063485722813e-01,4.153026456566420999e-01,8.065219219984320898e-03,1.520020448189033924e-01
1.297999999999999865e+01,3.738465129794363850e-01,-7.109229400627524106e-03,1.744419122058989968e-01,4.139340994553374897e-01,-5.853574464851732037e-03,1.275481376741197936e-01,4.128908586978093931e-01,7.848260774590623545e-03,1.545156113284689714e-01
1.299000000000000021e+01,3.748216404409655533e-01,-7.035327456159674343e-03,1.723839064514070263e-01,4.119840100632203850e-01,-5.929163565167041954e-03,1.299694008999177919e-01,4.161309523036718083e-01,6.580361159169878515e-03,1.483779821608448568e-01
1.300000000000000178e+01,3.762461035907108675e-01,-6.969126961336683836e-03,1.700574038015704170e-01,4.103265276311537368e-01,-5.996441969906989716e-03,1.319203504750881550e-01,4.179509431527765884e-01,6.317254586015175200e-03,1.460962810145776669e-01
1.300999999999999979e+01,3.789512502479975842e-01,-6.962483647742128377e-03,1.671502834330519938e-01,4.092522826044802109e-01,-6.073940463065656895e-03,1.332426999863696448e-01,4.209370400183360950e-01,5.800127996595072499e-03,1.429906622156671969e-01
1.301999999999999780e+01,3.832977916924809603e-01,-7.028704034427397766e-03,1.632374834412256004e-01,4.089314643763192758e-01,-6.168321705320975283e-03,1.337787602588404456e-01,4.248861138579350660e-01,5.200671883529975337e-03,1.392738934180880461e-01
1.302999999999999936e+01,3.891372989406932659e-01,-7.136093964539722001e-03,1.579650419970113351e-01,4.093867310231232293e-01,-6.271334985593082778e-03,1.334262912251261979e-01,4.284221028343827564e-01,4.958143065086517698e-03,1.357268204206013018e-01
1.304000000000000092e+01,3.962244523640419680e-01,-7.244233118969942500e-03,1.510512828793351414e-01,4.106094945931593188e-01,-6.371532594934236488e-03,1.321021848694428624e-01,4.323484447997101299e-01,4.087945060084960391e-03,1.299160995512128047e-01
1.304999999999999893e+01,4.042595810566735892e-01,-7.316274345494899398e-03,1.422861683562141599e-01,4.125666353834965272e-01,-6.457999010235958640e-03,1.297396208887615088e-01,4.374716816972553657e-01,2.509341808214521352e-03,1.219332629527277723e-01
1.306000000000000050e+01,4.129023266620175936e-01,-7.322410649154320259e-03,1.315325968169631377e-01,4.152020892681695940e-01,-6.521073191043546061e-03,1.262852816394950672e-01,4.413585401565701671e-01,2.042056849491338810e-03,1.145461049858321201e-01
1.306999999999999851e+01,4.217859077999903117e-01,-7.240756945791446998e-03,1.187277967445461713e-01,4.184390011534354081e-01,-6.552298347594251796e-03,1.216971796984787357e-01,4.450621254551669903e-01,2.689980229101815445e-03,1.062737195153887204e-01
1.308000000000000007e+01,4.305328353025229537e-01,-7.057378061167905378e-03,1.038835650979264280e-01,4.221806617088576519e-01,-6.544714976658057466e-03,1.159484589768556562e-01,4.473478536895576507e-01,2.753143737901975197e-03,1.001089576127810465e-01
1.308999999999999808e+01,4.387713341304208536e-01,-6.765908674569694539e-03,8.708438403502420655e-02,4.263136648954112262e-01,-6.492841367803843002e-03,1.090275217898263732e-01,4.495810186421643762e-01,2.333104584595610542e-03,9.373938195509512461e-02
1.309999999999999964e+01,4.461514403604418533e-01,-6.366885702450107709e-03,6.848282722906962050e-02,4.307111005762215838e-01,-6.392853333196242722e-03,1.009407561788659008e-01,4.544852567501773688e-01,6.777635701031431426e-04,8.159516585077675188e-02
1.311000000000000121e+01,4.523597170922322719e-01,-5.866851787584012948e-03,4.829209101886867972e-02,4.352386279562830973e-01,-6.241808705094001146e-03,9.170440191113964079e-02,4.588383743949995264e-01,-4.179898956237354524e-04,7.177288983057716898e-02
1.311999999999999922e+01,4.571316630506347400e-01,-5.277291968043240980e-03,2.677588166379573503e-02,4.397557283435585829e-01,-6.038709130381767626e-03,8.135715897169605582e-02,4.637474477240163262e-01,-1.499041958593280710e-03,6.110292658504040686e-02
1.313000000000000078e+01,4.602611132075333233e-01,-4.613473026394254717e-03,4.236206425255246988e-03,4.441220914657871277e-01,-5.783622629524949078e-03,6.995063993269884373e-02,4.704750409302390635e-01,-2.693123595428767447e-03,4.608419145115033588e-02
1.313999999999999879e+01,4.616062054153646788e-01,-3.893256113354970696e-03,-1.900017336912519089e-02,4.482002838762634278e-01,-5.478268157868664869e-03,5.755710121022124259e-02,4.761414091698041862e-01,-3.881959576324228722e-03,3.016829909359269868e-02
1.315000000000000036e+01,4.610917730539281778e-01,-3.135946752682619056e-03,-4.259576949009237501e-02,4.518609328843136708e-01,-5.125945656445120291e-03,4.426681565196652346e-02,4.788989515063954983e-01,-4.594049407551772934e-03,1.923998518180786155e-02
1.315999999999999837e+01,4.587082914532100708e-01,-2.361235293029752096e-03,-6.621601798165142883e-02,4.549864863067080711e-01,-4.730888639831450776e-03,3.018237931600221621e-02,4.812471051442551717e-01,-5.382244567845556604e-03,6.420001027936217408e-03
1.316999999999999993e+01,4.545077336956963587e-01,-1.588267937672984157e-03,-8.954178255206968196e-02,4.574740307540935969e-01,-4.298391440956225024e-03,1.542081030228038482e-02,4.833511098749933010e-01,-6.843940742486939732e-03,-1.165015218955373077e-02
1.318000000000000149e+01,4.485968649719462298e-01,-8.348765876768254098e-04,-1.122800839914945281e-01,4.592387190392176466e-01,-3.834871423050835362e-03,1.083682867161965373e-04,4.846656091498340313e-01,-7.824320797343228828e-03,-2.668127898901206940e-02
1.318999999999999950e+01,4.411286171685718238e-01,-1.169818755517678570e-04,-1.341726105528415203e-01,4.602147528968752455e-01,-3.347211712913797550e-03,-1.561951842766151448e-02,4.858357734294344032e-01,-8.903515771256087508e-03,-4.177646956511282816e-02
1.319999999999999751e+01,4.322922351308145505e-01,5.518252647047092521e-04,-1.550017626399023962e-01,4.603571566436288065e-01,-2.842827552337667384e-03,-3.162568513329083730e-02,4.870436290694557524e-01,-1.110624736599392925e-02,-6.640361685365464561e-02
1.320999999999999908e+01,4.223028790155974321e-01,1.160530700990743212e-03,-1.745941747112004783e-01,4.596418605612261343e-01,-2.329357774870577640e-03,-4.777045546717684221e-02,4.872031998346870729e-01,-1.370941958853792719e-02,-9.031171270369811599e-02
1.322000000000000064e+01,4.113913105046820284e-01,1.700786291714996481e-03,-1.928218297866255704e-01,4.580652921188542726e-01,-1.814475028028180109e-03,-6.391786756900760813e-02,4.862571556429055031e-01,-1.529223320582781542e-02,-1.075705152276159315e-01
1.322999999999999865e+01,3.997941969347605373e-01,2.166862113837196915e-03,-2.096010205485618061e-01,4.556433126127806266e-01,-1.305607252140872495e-03,-7.993713296977701666e-02,4.840147158655840887e-01,-1.673320308344426743e-02,-1.268075878230427445e-01
1.324000000000000021e+01,3.877454502915835821e-01,2.555486806365156981e-03,-2.248895101849349709e-01,4.524097044319528860e-01,-8.099216813229929372e-04,-9.570534917123024732e-02,4.807574287912795841e-01,-1.737848566310060128e-02,-1.456657987667111520e-01
1.325000000000000178e+01,3.754688888804019742e-01,2.865603173568112561e-03,-2.386823068008850635e-01,4.484138384519300580e-01,-3.338502484489171574e-04,-1.111106795774291500e-01,4.771755097987079308e-01,-1.759657171443038126e-02,-1.610672988679428819e-01
1.325999999999999979e+01,3.631723819844767109e-01,3.098066617665472602e-03,-2.510064852991427675e-01,4.437186698240122018e-01,1.165625506024294401e-04,-1.260526439054145964e-01,4.722411193964664022e-01,-1.781003168149940252e-02,-1.787394320665385006e-01
1.326999999999999780e+01,3.510435218775290744e-01,3.255312226797313357e-03,-2.619154768007220802e-01,4.383976194271556048e-01,5.363251886424283237e-04,-1.404450323868770556e-01,4.667729657063559578e-01,-1.829006161174995260e-02,-1.960487556126560282e-01
1.327999999999999936e+01,3.392467680727676016e-01,3.341013708110107325e-03,-2.714832064999639361e-01,4.325305193013297411e-01,9.210466960660350149e-04,-1.542193431157425632e-01,4.617649323316244114e-01,-1.920675333714787214e-02,-2.106096997717400998e-01
1.329000000000000092e+01,3.279219343645159435e-01,3.359753102605428539e-03,-2.797984005269719132e-01,4.262022230272077827e-01,1.267461068192872031e-03,-1.673204139777634825e-01,4.562887347193664844e-01,-2.016843620801385406e-02,-2.258864964564685218e-01
1.329999999999999893e+01,3.171838357311508316e-01,3.316716326635636876e-03,-2.869593140254812491e-01,4.195090488616071700e-01,1.572620289866249544e-03,-1.796905049084659700e-01,4.517391134228120331e-01,-2.051112263395195312e-02,-2.378382241339758174e-01
1.331000000000000050e+01,3.071228848511844411e-01,3.217424736297234533e-03,-2.930690588282788278e-01,4.125313080294900070e-01,1.835184631355935535e-03,-1.913177500220380745e-01,4.457032861658772882e-01,-2.094699912391914665e-02,-2.518525408191114590e-01
1.331999999999999851e+01,2.978064195142138826e-01,3.067508686424025299e-03,-2.982316397036379740e-01,4.053642529591575117e-01,2.053624276149035918e-03,-2.021719338395472076e-01,4.388765428388617940e-01,-2.159380487013955185e-02,-2.656811442831663594e-01
1.333000000000000007e+01,2.892805493816005824e-01,2.872525757996008747e-03,-3.025487462629532498e-01,3.980939915495033121e-01,2.227589651572318107e-03,-2.122464130095015056e-01,4.331974345683750061e-01,-2.187144549597246079e-02,-2.757097890616347913e-01
1.333999999999999808e+01,2.815723324495384983e-01,2.637822606438416581e-03,-3.061172953170552269e-01,3.907909146257601551e-01,2.357748586977469023e-03,-2.215590783421796106e-01,4.272787644542820340e-01,-2.242700016989962464e-02,-2.852289715220738264e-01
1.334999999999999964e+01,2.746921179447431305e-01,2.368437578259652981e-03,-3.090276791874799200e-01,3.835417897373020746e-01,2.443953186575634727e-03,-2.301060872852221106e-01,4.215468588002453387e-01,-2.322936052654844818e-02,-2.940261391327824159e-01
1.336000000000000121e+01,2.686359241627260808e-01,2.069039477318734398e-03,-3.113626473140406192e-01,3.763972806837010965e-01,2.488631048715853229e-03,-2.379284466669379927e-01,4.159333538857763468e-01,-2.417046594775480728e-02,-3.024125569662196589e-01
1.336999999999999922e+01,2.633877517404309421e-01,1.743896683941141990e-03,-3.131967315260535956e-01,3.694254576658763667e-01,2.492500724295547941e-03,-2.450419509640067994e-01,4.070750382251933086e-01,-2.504201329349287075e-02,-3.141740781395154780e-01
1.338000000000000078e+01,2.589217611462649726e-01,1.396870982252071923e-03,-3.145961179393984009e-01,3.626774599463170601e-01,2.457468890754956319e-03,-2.514787997542284881e-01,4.010934694928226518e-01,-2.555479340826566359e-02,-3.218483204959982635e-01
1.338999999999999879e+01,2.552042700877045767e-01,1.031429864619154207e-03,-3.156188682068377105e-01,3.561862508138505801e-01,2.386416955434476905e-03,-2.572844111722812910e-01,3.977809427381897578e-01,-2.581018223289519020e-02,-3.259045577838960428e-01
1.340000000000000036e+01,2.521955459631960994e-01,6.506723291546112620e-04,-3.163153985207387553e-01,3.499992620280234501e-01,2.280460797507086624e-03,-2.624842775019395336e-01,3.880449217045477406e-01,-2.630135167503984406e-02,-3.367423981601401772e-01
1.340999999999999837e+01,2.498513863811119007e-01,2.573629175966016952e-04,-3.167291338630600084e-01,3.441293203497890474e-01,2.143371913441316327e-03,-2.671310421303252358e-01,3.789613559126661091e-01,-2.705846487726761007e-02,-3.446357570551126237e-01
1.341999999999999993e+01,2.481244912191642171e-01,-1.460298083937742238e-04,-3.168972665104483610e-01,3.386054917333410907e-01,1.976691007348707618e-03,-2.712560355251520394e-01,3.721668284466997934e-01,-2.759812397229639835e-02,-3.497202536975026477e-01
1.343000000000000149e+01,2.469656378989436019e-01,-5.572935563566629343e-04,-3.168515600278767885e-01,3.334414381414303463e-01,1.782900505579401934e-03,-2.748987192451355366e-01,3.664456908544854175e-01,-2.792843028893422785e-02,-3.534081420361299131e-01
1.343999999999999950e+01,2.463246767473854515e-01,-9.744341896140999628e-04,-3.166191521849441304e-01,3.286377992375351109e-01,1.565109738869060194e-03,-2.781031106151737320e-01,3.622794192515739198e-01,-2.785293223369385285e-02,-3.558802321693574910e-01
1.344999999999999751e+01,2.461513637018138689e-01,-1.395640204186244376e-03,-3.162233217145961062e-01,3.242059937534592651e-01,1.324807070747851916e-03,-2.808991632123010729e-01,3.582791842731807286e-01,-2.776355882699622912e-02,-3.580744370961636003e-01
1.345999999999999908e+01,2.463960508006412253e-01,-1.819252108624170357e-03,-3.156841940480839548e-01,3.201343373981888618e-01,1.065297047000294053e-03,-2.833293420995041112e-01,3.532599569886130109e-01,-2.787933935290128062e-02,-3.607959776106401395e-01
1.347000000000000064e+01,2.470102505771848145e-01,-2.243736070940968892e-03,-3.150193700534771324e-01,3.164221391997401045e-01,7.882212585797396254e-04,-2.854229515887145574e-01,3.499316437786033074e-01,-2.767655912790821515e-02,-3.621343138312683729e-01
1.347999999999999865e+01,2.479470919660326789e-01,-2.667662884729297100e-03,-3.142444691557612635e-01,3.130620782523153012e-01,4.955779819730251126e-04,-2.872101648399056351e-01,3.477007356281424100e-01,-2.745774377556621515e-02,-3.624822078481902965e-01
1.349000000000000021e+01,2.491872465662048897e-01,-3.084908266509701381e-03,-3.133795125533114234e-01,3.100462046409080408e-01,1.919826852722077322e-04,-2.887232075545795307e-01,3.460482042398441704e-01,-2.714142108129415087e-02,-3.620081497008438842e-01
1.350000000000000178e+01,2.509705345811635846e-01,-3.444340447586271160e-03,-3.124830906982257739e-01,3.074636408409158750e-01,-1.039524855729473396e-04,-2.899714603328538143e-01,3.452916404768915370e-01,-2.658338817376613983e-02,-3.611448584717906751e-01
1.350999999999999979e+01,2.541133914595015142e-01,-3.610730153201124025e-03,-3.116121327075783709e-01,3.056145549937115957e-01,-3.436460770861354038e-04,-2.909146548365453833e-01,3.455311048801291696e-01,-2.619358120806461465e-02,-3.594105317691448920e-01
1.351999999999999780e+01,2.590887953690592105e-01,-3.558243546703837579e-03,-3.105456287911309565e-01,3.047086916067983098e-01,-5.116752850102409492e-04,-2.914803440234043364e-01,3.468016252992652815e-01,-2.543141553527691889e-02,-3.568656218641947930e-01
1.352999999999999936e+01,2.659749465008713343e-01,-3.330454599856376430e-03,-3.089509404175008744e-01,3.048281196383137437e-01,-6.152409988644910906e-04,-2.916002748272769618e-01,3.490559287362414720e-01,-2.470239444004457274e-02,-3.540127381410834717e-01
1.354000000000000092e+01,2.747416435259335543e-01,-2.969487369818865456e-03,-3.065064738855435844e-01,3.060222075383220441e-01,-6.612037196341345822e-04,-2.912091819383511582e-01,3.522535358838644326e-01,-2.388140538533968515e-02,-3.513744977228365762e-01
1.354999999999999893e+01,2.852741282481723872e-01,-2.514858538205186605e-03,-3.029129737827354063e-01,3.083123578969033662e-01,-6.565731642418596182e-04,-2.902420327499813935e-01,3.571358015749372949e-01,-2.299784525364990950e-02,-3.479179488361529016e-01
1.356000000000000050e+01,2.973828321950043874e-01,-2.003458678620456332e-03,-2.979014457393826532e-01,3.116934247960300164e-01,-6.086474356444791789e-04,-2.886330816702554203e-01,3.632634736940132392e-01,-2.162147132529813887e-02,-3.431767040873885399e-01
1.356999999999999851e+01,3.108136815228225713e-01,-1.469120983034564749e-03,-2.912420820652285025e-01,3.161344131269346325e-01,-5.249500615825196219e-04,-2.863165381708800972e-01,3.679339098195899549e-01,-2.091217484868479470e-02,-3.396727562539502143e-01
1.358000000000000007e+01,3.252599474937472590e-01,-9.421041064295225618e-04,-2.827533976042755914e-01,3.215804687618414315e-01,-4.133055094106593674e-04,-2.832272736868744478e-01,3.714493521718565949e-01,-2.104467375918232797e-02,-3.372927866159460830e-01
1.358999999999999808e+01,3.403757611462623900e-01,-4.486198983989100973e-04,-2.723105052019159089e-01,3.279536653940961499e-01,-2.815258732707171582e-04,-2.793034269676223369e-01,3.866466820182462572e-01,-1.929572374881756425e-02,-3.249718448145533234e-01
1.359999999999999964e+01,3.557910047470868031e-01,-1.047550933388975876e-05,-2.598515098132219148e-01,3.351561836656354321e-01,-1.375002091360342637e-04,-2.744879635102712712e-01,3.941768876606708272e-01,-1.837833123017672265e-02,-3.185340462387608595e-01
1.361000000000000121e+01,3.711270221291854687e-01,3.551342474567170150e-04,-2.453812146688427176e-01,3.430738611719432174e-01,1.087922895069270285e-05,-2.687303415970055953e-01,4.059561345143134492e-01,-1.712310602347266730e-02,-3.076118759922626955e-01
1.361999999999999922e+01,3.860124144389074363e-01,6.356729216852859219e-04,-2.289716368816627212e-01,3.515758524029358179e-01,1.562017383340700075e-04,-2.619921303955118352e-01,4.191588228649790748e-01,-1.523982184363295578e-02,-2.929775376516325913e-01
1.363000000000000078e+01,4.000981142808727187e-01,8.231499467069712962e-04,-2.107591572289884696e-01,3.605218625904237917e-01,2.912374180842165153e-04,-2.542459565180393288e-01,4.295198403769895368e-01,-1.458928059270730992e-02,-2.811399874603529025e-01
1.363999999999999879e+01,4.130709399009807603e-01,9.138630230343356168e-04,-1.909384472275714173e-01,3.697636415628360318e-01,4.094311340334384590e-04,-2.454794981891639805e-01,4.394356323884025528e-01,-1.351389767192837099e-02,-2.686296685676778928e-01
1.365000000000000036e+01,4.246649242102435995e-01,9.080149599790533462e-04,-1.697535886047117915e-01,3.791475965285432959e-01,5.049903960446150463e-04,-2.356985495957941434e-01,4.477187308686728651e-01,-1.255415514752009076e-02,-2.567441137462824208e-01
1.365999999999999837e+01,4.346698670737085823e-01,8.092293069451077453e-04,-1.474870147430179523e-01,3.885206295692433809e-01,5.729855412984610546e-04,-2.249261370334801335e-01,4.568246469801744425e-01,-1.145232990174767373e-02,-2.420156556072539100e-01
1.366999999999999993e+01,4.429367602777886659e-01,6.239922913456154643e-04,-1.244470433307119789e-01,3.977336485461553939e-01,6.095966196907604126e-04,-2.132031032364882506e-01,4.642676134365365526e-01,-1.060835731206215271e-02,-2.274757589894771947e-01
1.368000000000000149e+01,4.493799579076259154e-01,3.610505843106109848e-04,-1.009548324946045461e-01,4.066423214610252468e-01,6.117284777796907786e-04,-2.005920317464313929e-01,4.704059373977554914e-01,-9.774497610548035786e-03,-2.126412116011039410e-01
1.368999999999999950e+01,4.539761886799771329e-01,3.079403008185400362e-05,-7.733158019850434883e-02,4.151160083934423151e-01,5.777555016311379955e-04,-1.871688432077042996e-01,4.763420245714866663e-01,-8.711553937219521093e-03,-1.943037157386027503e-01
1.369999999999999751e+01,4.567607098361644580e-01,-3.553472187759865826e-04,-5.388670598715739751e-02,4.230349575830069098e-01,5.065506583435100581e-04,-1.730297828849404473e-01,4.804034886925744319e-01,-7.796072475563894932e-03,-1.781440284767112081e-01
1.370999999999999908e+01,4.578210664397905916e-01,-7.854671650487350752e-04,-3.090762211415164218e-02,4.302987998113945167e-01,3.985873741252897733e-04,-1.582797245800630359e-01,4.826334530770248765e-01,-7.248998970467615544e-03,-1.671873527483971889e-01
1.372000000000000064e+01,4.572890343934122859e-01,-1.247687235154014895e-03,-8.651530303377449188e-03,4.368232361041435308e-01,2.546145406019041831e-04,-1.430384653689834584e-01,4.864470765129809138e-01,-6.114423777768815405e-03,-1.441798892252143527e-01
1.372999999999999865e+01,4.553313834670918991e-01,-1.730584111965530452e-03,1.266050469425009789e-02,4.425456223222614671e-01,7.687042080809620113e-05,-1.274295825603939392e-01,4.884530261191419864e-01,-5.375414121401231315e-03,-1.268316314045936921e-01
1.374000000000000021e+01,4.521400997643573727e-01,-2.223530953897483176e-03,3.284713901073058051e-02,4.474222084539002942e-01,-1.322992858271080773e-04,-1.115840966636498233e-01,4.898750886980229868e-01,-4.177173880596823929e-03,-9.856830320559775704e-02
1.375000000000000178e+01,4.479226610463438729e-01,-2.716949356443807383e-03,5.176809121610691927e-02,4.514305338068311801e-01,-3.694054396473393179e-04,-9.563164726030810858e-02,4.899242852631051637e-01,-3.245105446692625462e-03,-7.823625220671404090e-02
1.375999999999999979e+01,4.428928739599741204e-01,-3.202472829970531149e-03,6.932347847289763165e-02,4.545668759144717019e-01,-6.309454117859027373e-04,-7.970196737766886697e-02,4.894035290116318659e-01,-2.433812755012809692e-03,-6.360146472956934582e-02
1.376999999999999780e+01,4.372626721543229622e-01,-3.673028914824613689e-03,8.545148228247473332e-02,4.568463770745041508e-01,-9.127557739164215197e-04,-6.391803115233468668e-02,4.885021575192062260e-01,-1.338851010138530917e-03,-4.835423276468325815e-02
1.377999999999999936e+01,4.312351520545585348e-01,-4.122850232264256391e-03,1.001247366025978108e-01,4.583002166433711722e-01,-1.210726346247236905e-03,-4.839679212789752688e-02,4.871779638204742913e-01,-8.021355410342406733e-04,-3.465826911297903434e-02
1.379000000000000092e+01,4.249990011179305971e-01,-4.547426741429365198e-03,1.133458496930703496e-01,4.589743212586388510e-01,-1.520613134755310946e-03,-3.324369198587275032e-02,4.853275817966086203e-01,-5.003086519969612844e-04,-2.084287047443345031e-02
1.379999999999999893e+01,4.187243620998738480e-01,-4.943413925111603442e-03,1.251424553444595855e-01,4.589259364691677945e-01,-1.838202488492893423e-03,-1.855600036480749976e-02,4.835922784349754311e-01,4.290030210998968530e-04,-1.040763789962334540e-02
1.381000000000000050e+01,4.125600834854856180e-01,-5.308510227972767191e-03,1.355621471465092709e-01,4.582222627928299596e-01,-2.159599994752490343e-03,-4.415134558864003064e-03,4.815377944236554075e-01,1.139120942750412868e-03,3.131859388914581821e-04
1.381999999999999851e+01,4.066322351257762313e-01,-5.641317404285300409e-03,1.446675889769399592e-01,4.569369037687082136e-01,-2.480947425590858835e-03,9.108482623548855989e-03,4.799079509784603959e-01,1.647818859853877882e-03,8.174221859776675814e-03
1.383000000000000007e+01,4.010437203500340497e-01,-5.941194642591619141e-03,1.525320251439237218e-01,4.551477322127996383e-01,-2.798599717750615591e-03,2.195721061836101301e-02,4.790960163741672106e-01,1.916255512638756486e-03,1.174229426640127638e-02
1.383999999999999808e+01,3.958747902400098773e-01,-6.208116377232783707e-03,1.592353417380873160e-01,4.529346438014665854e-01,-3.109503299209447590e-03,3.408925098973786955e-02,4.782844609879874920e-01,2.184742808297460148e-03,1.531044891473221092e-02
