time,sim_x,sim_y,sim_z,vicon_x,vicon_y,vicon_z
15.22,0.434,0.0,0.0,0.43658793059143786,0.002982743842169122,0.0004475799613501419
15.221,0.43400478708752843,0.0,0.0,0.43658729946693764,0.0029935436220902972,0.0004543483424546321
15.222000000000001,0.43401680346630944,0.0,0.0,0.4365866683424374,0.003004343402011491,0.0004611167235591344
15.223,0.4340329063213232,0.0,0.0,0.4365860372179372,0.003015143181932666,0.00046788510466362463
15.224,0.43405126672507643,0.0,0.0,0.436585406093437,0.0030259429618538407,0.00047465348576811487
15.225000000000001,0.4340708563869655,0.0,0.0,0.4365847749689368,0.003036742741775035,0.00048142186687261714
15.226,0.43409109716965666,0.0,0.0,0.43658414384443656,0.00304754252169621,0.0004881902479771074
15.227,0.4341116644160966,0.0,0.0,0.43658351271993634,0.0030583423016173846,0.0004949586290815976
15.228,0.43413237568278656,0.0,0.0,0.4365828815954361,0.0030691420815385597,0.0005017270101860879
15.229000000000001,0.43415312833779096,0.0,0.0,0.4365822504709359,0.0030799418614597535,0.0005084953912905901
15.23,0.434173865233602,0.0,0.0,0.4365816193464357,0.0030907416413809286,0.0005152637723950804
15.231,0.4341945541036738,0.0,0.0,0.43658077891886954,0.0030885698540642392,0.0005145877639890498
15.232000000000001,0.43421517714774616,0.0,0.0,0.43657993849130333,0.003086398066747546,0.0005139117555830182
15.233,0.4342357245219084,0.0,0.0,0.4365790980637372,0.0030842262794308567,0.0005132357471769876
15.234,0.4342561905903679,0.0,0.0,0.436578257636171,0.0030820544921141674,0.0005125597387709571
15.235000000000001,0.4342765727493041,0.0,0.0,0.4365774172086048,0.0030798827047974747,0.0005118837303649253
15.236,0.4342968694227575,0.0,0.0,0.43657657678103867,0.0030777109174807853,0.0005112077219588949
15.237,0.43431708002296754,0.0,0.0,0.43657573635347247,0.003075539130164096,0.0005105317135528643
15.238000000000001,0.43433720435880363,0.0,0.0,0.4365748959259063,0.003073367342847403,0.0005098557051468326
15.239,0.43435724232147777,0.0,0.0,0.4365740554983401,0.0030711955555307135,0.0005091796967408021
15.24,0.4343771943420759,0.0,0.0,0.43657321507077396,0.0030690237682140242,0.0005085036883347716
15.241000000000001,0.4343970605793343,0.0,0.0,0.43657278958577045,0.0030623447474311754,0.0005024107592172902
15.242,0.4344168412173022,0.0,0.0,0.43657236410076694,0.0030556657266483387,0.0004963178300998195
15.243,0.43443653683315775,0.0,0.0,0.4365719386157634,0.0030489867058655015,0.000490224900982349
15.244,0.43445614754494943,0.0,0.0,0.43657151313075987,0.003042307685082665,0.0004841319718648784
15.245000000000001,0.43447567390862984,0.0,0.0,0.43657108764575636,0.003035628664299816,0.00047803904274739697
15.246,0.43449511622362125,0.0,0.0,0.43657066216075285,0.0030289496435169793,0.0004719461136299264
15.247,0.43451447467379367,0.0,0.0,0.43657023667574935,0.0030222706227341425,0.0004658531845124558
15.248000000000001,0.43453374988086685,0.0,0.0,0.4365698111907458,0.0030155916019512937,0.0004597602553949744
15.249,0.43455294198957445,0.0,0.0,0.4365693857057423,0.0030089125811684565,0.0004536673262775038
15.25,0.43457205152617256,0.0,0.0,0.43656896022073877,0.00300223356038562,0.0004475743971600332
15.251000000000001,0.43459107881778614,0.0,0.0,0.4365717051766709,0.0029961046274352733,0.0004413183699200551
15.252,0.4346100240138711,0.0,0.0,0.43657445013260304,0.0029899756944849376,0.00043506234268008814
15.253,0.4346288877379578,0.0,0.0,0.43657719508853515,0.002983846761534602,0.0004288063154401212
15.254000000000001,0.4346476701513654,0.0,0.0,0.4365799400444673,0.0029777178285842554,0.00042255028820014306
15.255,0.4346663717481164,0.0,0.0,0.43658268500039943,0.0029715888956339197,0.0004162942609601761
15.256,0.4346849928296942,0.0,0.0,0.43658542995633154,0.0029654599626835845,0.0004100382337202091
15.257000000000001,0.4347035335929882,0.0,0.0,0.4365881749122637,0.002959331029733238,0.000403782206480231
15.258000000000001,0.434721994648796,0.0,0.0,0.4365909198681958,0.0029532020967829023,0.000397526179240264
15.259,0.4347403761742227,0.0,0.0,0.436593664824128,0.0029470731638325666,0.000391270152000297
15.26,0.43475867846734395,0.0,0.0,0.4365964097800601,0.002940944230882231,0.00038501412476033003
15.261000000000001,0.43477690203740255,0.0,0.0,0.4365949529398397,0.002940106014115428,0.0003840947712711695
15.262,0.43479504700826344,0.0,0.0,0.4365934960996193,0.0029392677973486265,0.0003831754177820106
15.263,0.4348131139626298,0.0,0.0,0.4365920392593989,0.002938429580581825,0.0003822560642928517
15.264000000000001,0.4348311031062471,0.0,0.0,0.4365905824191785,0.0029375913638150218,0.00038133671080369116
15.265,0.4348490146771026,0.0,0.0,0.43658912557895807,0.0029367531470482202,0.00038041735731453226
15.266,0.43486684921977214,0.0,0.0,0.43658766873873767,0.0029359149302814187,0.00037949800382537337
15.267000000000001,0.4348846068452486,0.0,0.0,0.43658621189851726,0.002935076713514616,0.0003785786503362128
15.268,0.43490228811238574,0.0,0.0,0.43658475505829686,0.0029342384967478144,0.0003776592968470539
15.269,0.4349198932485696,0.0,0.0,0.43658329821807645,0.002933400279981013,0.000376739943357895
15.270000000000001,0.4349374224411429,0.0,0.0,0.43658184137785605,0.002932562063214215,0.0003758205898687419
15.271,0.4349548762583909,0.0,0.0,0.43658071627804884,0.0029347746252102814,0.00037908665050392714
15.272,0.4349722548070785,0.0,0.0,0.43657959117824163,0.0029369871872063475,0.00038235271113911236
15.273000000000001,0.43498955862275046,0.0,0.0,0.4365784660784344,0.002939199749202418,0.0003856187717743033
15.274000000000001,0.43500678791759617,0.0,0.0,0.4365773409786272,0.002941412311198484,0.00038888483240948855
15.275,0.43502394290647695,0.0,0.0,0.43657621587882,0.0029436248731945502,0.00039215089304467377
15.276,0.43504102414341295,0.0,0.0,0.4365750907790128,0.0029458374351906164,0.000395416953679859
15.277000000000001,0.43505803177066715,0.0,0.0,0.4365739656792056,0.0029480499971866864,0.00039868301431505
15.278,0.43507496613124486,0.0,0.0,0.4365728405793984,0.002950262559182753,0.00040194907495023517
15.279,0.43509182762282195,0.0,0.0,0.43657171547959117,0.002952475121178819,0.0004052151355854204
15.280000000000001,0.43510861639224246,0.0,0.0,0.43657059037978396,0.002954687683174889,0.0004084811962206114
15.281,0.4351253329896576,0.0,0.0,0.4365728874698657,0.0029692871580021935,0.0004235151424430681
15.282,0.4351419775637113,0.0,0.0,0.4365751845599475,0.002983886632829498,0.00043854908866552473
15.283000000000001,0.43515855040189977,0.0,0.0,0.4365774816500293,0.0029984861076568278,0.0004535830348880081
15.284,0.43517505194721606,0.0,0.0,0.43657977874011106,0.003013085582484132,0.0004686169811104648
15.285,0.43519148231554394,0.0,0.0,0.4365820758301928,0.0030276850573114364,0.00048365092733292146
15.286000000000001,0.4352078420568497,0.0,0.0,0.4365843729202746,0.0030422845321387668,0.0004986848735554048
15.287,0.4352241313275715,0.0,0.0,0.43658667001035634,0.003056884006966071,0.0005137188197778615
15.288,0.43524035036270536,0.0,0.0,0.43658896710043815,0.003071483481793375,0.0005287527660003181
15.289000000000001,0.4352564996428746,0.0,0.0,0.4365912641905199,0.0030860829566207054,0.0005437867122228016
15.290000000000001,0.4352725792627851,0.0,0.0,0.43659356128060167,0.0031006824314480097,0.0005588206584452582
15.291,0.43528858976647694,0.0,0.0,0.4365945228958189,0.0030975036046086914,0.0005586088589422223
15.292,0.43530453131602626,0.0,0.0,0.43659548451103614,0.0030943247777693726,0.0005583970594391865
15.293000000000001,0.435320404103963,0.0,0.0,0.4365964461262534,0.0030911459509300487,0.0005581852599361503
15.294,0.4353362086370487,0.0,0.0,0.43659740774147066,0.0030879671240907304,0.0005579734604331144
15.295,0.4353519450442524,0.0,0.0,0.4365983693566879,0.003084788297251412,0.0005577616609300786
15.296000000000001,0.43536761372728955,0.0,0.0,0.4365993309719051,0.0030816094704120877,0.0005575498614270424
15.297,0.435383214938438,0.0,0.0,0.43660029258712235,0.0030784306435727694,0.0005573380619240065
15.298,0.43539874888706065,0.0,0.0,0.43660125420233964,0.003075251816733451,0.0005571262624209707
15.299000000000001,0.4354142160448025,0.0,0.0,0.43660221581755687,0.0030720729898941266,0.0005569144629179345
15.3,0.4354296165418723,0.0,0.0,0.4366031774327741,0.0030688941630548083,0.0005567026634148986
15.301,0.4354449507146708,0.0,0.0,0.4366011855549033,0.003059191774893724,0.0005468071300958441
15.302000000000001,0.4354602188874511,0.0,0.0,0.4365991936770325,0.003049489386732622,0.000536911596776772
15.303,0.4354754212161761,0.0,0.0,0.43659720179916167,0.0030397869985715376,0.0005270160634577174
15.304,0.4354905581932239,0.0,0.0,0.43659520992129086,0.003030084610410453,0.0005171205301386629
15.305000000000001,0.4355056299442755,0.0,0.0,0.43659321804342005,0.003020382222249351,0.0005072249968195909
15.306000000000001,0.4355206367552109,0.0,0.0,0.43659122616554924,0.003010679834088267,0.0004973294635005364
15.307,0.43553557899553363,0.0,0.0,0.43658923428767843,0.003000977445927182,0.0004874339301814818
15.308,0.4355504567867246,0.0,0.0,0.4365872424098076,0.0029912750577660977,0.0004775383968624273
15.309000000000001,0.43556527063130274,0.0,0.0,0.4365852505319368,0.0029815726696049956,0.0004676428635433552
15.31,0.43558002065248247,0.0,0.0,0.436583258654066,0.0029718702814439113,0.0004577473302243007
15.311,0.4355947070923603,0.0,0.0,0.43658281072014554,0.0029767690541550374,0.000460012328616609
15.312000000000001,0.4356093303557407,0.0,0.0,0.43658236278622503,0.0029816678268661722,0.0004622773270089214
15.313,0.435623890571057,0.0,0.0,0.4365819148523046,0.002986566599577299,0.0004645423254012297
15.314,0.4356383881613346,0.0,0.0,0.43658146691838406,0.002991465372288425,0.00046680732379353806
15.315000000000001,0.435652823288436,0.0,0.0,0.4365810189844636,0.0029963641449995597,0.0004690723221858504
15.316,0.43566719621158834,0.0,0.0,0.43658057105054315,0.003001262917710686,0.0004713373205781587
15.317,0.43568150730777777,0.0,0.0,0.43658012311662264,0.003006161690421812,0.00047360231897046706
15.318000000000001,0.4356957567184232,0.0,0.0,0.4365796751827022,0.0030110604631329472,0.0004758673173627794
15.319,0.43570994480300607,0.0,0.0,0.4365792272487817,0.0030159592358440734,0.00047813231575508775
15.32,0.43572407178581485,0.0,0.0,0.4365787793148612,0.0030208580085551995,0.00048039731414739606
15.321000000000002,0.4357381378714055,0.0,0.0,0.4365796963789838,0.0030251716860505012,0.00048264202951457116
15.322000000000001,0.4357521434676066,0.0,0.0,0.4365806134431064,0.0030294853635457948,0.00048488674488174224
15.323,0.4357660887018604,0.0,0.0,0.43658153050722903,0.0030337990410410887,0.0004871314602489134
15.324,0.435779973892628,0.0,0.0,0.4365824475713516,0.0030381127185363827,0.0004893761756160844
15.325000000000001,0.43579379930633855,0.0,0.0,0.4365833646354742,0.0030424263960316844,0.0004916208909832595
15.326,0.4358075651074323,0.0,0.0,0.4365842816995968,0.0030467400735269784,0.0004938656063504307
15.327,0.4358212717246086,0.0,0.0,0.4365851987637194,0.0030510537510222723,0.0004961103217176018
15.328000000000001,0.435834919275607,0.0,0.0,0.436586115827842,0.0030553674285175737,0.0004983550370847769
15.329,0.4358485080397261,0.0,0.0,0.4365870328919646,0.0030596811060128676,0.000500599752451948
15.33,0.4358620383197778,0.0,0.0,0.4365879499560872,0.0030639947835081616,0.0005028444678191191
15.331000000000001,0.4358755102648525,0.0,0.0,0.43658961394026224,0.00306999256139824,0.0005057029329107268
15.332,0.43588892428125225,0.0,0.0,0.4365912779244373,0.0030759903392883078,0.0005085613980023294
15.333,0.4359022804815032,0.0,0.0,0.4365929419086123,0.003081988117178376,0.000511419863093932
15.334000000000001,0.43591557916022416,0.0,0.0,0.43659460589278737,0.0030879858950684544,0.0005142783281855397
15.335,0.43592882059723737,0.0,0.0,0.43659626987696243,0.003093983672958522,0.0005171367932771423
15.336,0.43594200496358326,0.0,0.0,0.4365979338611375,0.00309998145084859,0.000519995258368745
15.337000000000002,0.43595513261407126,0.0,0.0,0.43659959784531255,0.0031059792287386687,0.0005228537234603527
15.338000000000001,0.43596820370214107,0.0,0.0,0.43660126182948755,0.0031119770066287363,0.0005257121885519553
15.339,0.43598121847503746,0.0,0.0,0.4366029258136626,0.0031179747845188044,0.0005285706536435579
15.34,0.43599417724730943,0.0,0.0,0.43660458979783767,0.003123972562408872,0.0005314291187351605
15.341000000000001,0.4360070801683621,0.0,0.0,0.4366038824733976,0.0031251503014641095,0.0005309447825825868
15.342,0.4360199275667894,0.0,0.0,0.4366031751489575,0.0031263280405193447,0.0005304604464300141
15.343,0.43603271962718276,0.0,0.0,0.4366024678245175,0.00312750577957458,0.0005299761102774413
15.344000000000001,0.43604545655713295,0.0,0.0,0.43660176050007743,0.003128683518629817,0.0005294917741248677
15.345,0.43605813869797083,0.0,0.0,0.43660105317563735,0.0031298612576850524,0.0005290074379722949
15.346,0.436070766183248,0.0,0.0,0.4366003458511973,0.003131038996740288,0.0005285231018197221
15.347000000000001,0.4360833393118374,0.0,0.0,0.4365996385267572,0.0031322167357955254,0.0005280387656671485
15.348,0.4360958582990824,0.0,0.0,0.4365989312023172,0.0031333944748507606,0.0005275544295145757
15.349,0.43610832332290395,0.0,0.0,0.4365982238778771,0.0031345722139059957,0.000527070093362003
15.350000000000001,0.4361207347434747,0.0,0.0,0.43659751655343704,0.00313574995296121,0.0005265857572094171
15.351,0.436133092661231,0.0,0.0,0.4365973160704821,0.0031239292889560584,0.0005192693689952253
15.352,0.4361453973870004,0.0,0.0,0.43659711558752706,0.003112108624950907,0.0005119529807810334
15.353000000000002,0.4361576491118341,0.0,0.0,0.4365969151045721,0.0031002879609457346,0.0005046365925668285
15.354000000000001,0.43616984804661973,0.0,0.0,0.4365967146216171,0.0030884672969405834,0.0004973202043526366
15.355,0.43618199451251316,0.0,0.0,0.43659651413866213,0.003076646632935432,0.0004900038161384447
15.356,0.43619408862760656,0.0,0.0,0.43659631365570717,0.003064825968930281,0.00048268742792425287
15.357000000000001,0.4362061306668778,0.0,0.0,0.43659611317275215,0.0030530053049251083,0.00047537103971004795
15.358,0.43621812085475203,0.0,0.0,0.4365959126897972,0.003041184640919957,0.0004680546514958561
15.359,0.4362300593747388,0.0,0.0,0.4365957122068422,0.0030293639769148053,0.0004607382632816642
15.360000000000001,0.4362419465399573,0.0,0.0,0.4365955117238872,0.003017543312909646,0.00045342187506746523
15.361,0.436253782483154,0.0,0.0,0.43659563314263933,0.0030128620106654853,0.00044943339242467647
15.362,0.43626556744492756,0.0,0.0,0.43659575456139144,0.0030081807084213247,0.0004454449097818877
15.363000000000001,0.4362773016780973,0.0,0.0,0.4365958759801436,0.003003499406177156,0.00044145642713909185
15.364,0.43628898534528393,0.0,0.0,0.4365959973988957,0.0029988181039329953,0.00043746794449630303
15.365,0.4363006187432743,0.0,0.0,0.4365961188176478,0.0029941368016888348,0.00043347946185351427
15.366000000000001,0.43631220202438,0.0,0.0,0.4365962402363999,0.002989455499444666,0.0004294909792107184
15.367,0.43632373539900554,0.0,0.0,0.43659636165515203,0.0029847741972005054,0.00042550249656792964
15.368,0.43633521914024925,0.0,0.0,0.4365964830739042,0.002980092894956345,0.00042151401392514083
15.369,0.4363466533951442,0.0,0.0,0.4365966044926563,0.0029754115927121843,0.00041752553128235207
15.370000000000001,0.4363580384631981,0.0,0.0,0.4365967259114084,0.0029707302904680155,0.0004135370486395562
15.371,0.4363693744442749,0.0,0.0,0.4365974629471836,0.0029780238753856787,0.000422954963718542
15.372,0.43638066161035916,0.0,0.0,0.4365981999829588,0.002985317460303342,0.0004323728787975278
15.373000000000001,0.43639190021789226,0.0,0.0,0.43659893701873403,0.0029926110452210175,0.00044179079387653033
15.374,0.43640309038281294,0.0,0.0,0.4365996740545092,0.0029999046301386807,0.0004512087089555161
15.375,0.43641423239454674,0.0,0.0,0.4366004110902844,0.003007198215056344,0.0004606266240345019
15.376000000000001,0.4364253263897755,0.0,0.0,0.4366011481260596,0.00301449179997402,0.0004700445391135044
15.377,0.4364363725987178,0.0,0.0,0.4366018851618348,0.003021785384891683,0.0004794624541924902
15.378,0.4364473712915973,0.0,0.0,0.43660262219761004,0.003029078969809346,0.000488880369271476
15.379000000000001,0.4364583225809439,0.0,0.0,0.4366033592333852,0.003036372554727022,0.0004982982843504786
15.38,0.4364692267294073,0.0,0.0,0.4366040962691604,0.003043666139644685,0.0005077161994294643
15.381,0.43648008390105275,0.0,0.0,0.4366050469598634,0.003044753709265368,0.0005013986672489901
15.382000000000001,0.4364908943005812,0.0,0.0,0.43660599765056635,0.0030458412788860532,0.0004950811350685046
15.383000000000001,0.436501658197578,0.0,0.0,0.43660694834126934,0.003046928848506736,0.0004887636028880304
15.384,0.4365123757099513,0.0,0.0,0.4366078990319723,0.003048016418127419,0.0004824460707075562
15.385,0.43652304707479506,0.0,0.0,0.4366088497226753,0.003049103987748102,0.000476128538527082
15.386000000000001,0.4365336724770711,0.0,0.0,0.43660980041337827,0.003050191557368787,0.0004698110063465965
15.387,0.4365442521033639,0.0,0.0,0.4366107511040812,0.0030512791269894698,0.0004634934741661223
15.388,0.4365547862385927,0.0,0.0,0.4366117017947842,0.0030523666966101527,0.0004571759419856481
15.389000000000001,0.436565274927052,0.0,0.0,0.43661265248548714,0.003053454266230838,0.0004508584098051626
15.39,0.43657571847612625,0.0,0.0,0.43661360317619013,0.003054541835851521,0.0004445408776246884
15.391,0.4365861170737887,0.0,0.0,0.4366115440978008,0.0030539249217478334,0.0004460029962523807
15.392000000000001,0.4365964708568779,0.0,0.0,0.43660948501941144,0.003053308007644145,0.0004474651148800756
15.393,0.43660678010602194,0.0,0.0,0.4366074259410221,0.0030526910935404577,0.0004489272335077679
15.394,0.43661704489410635,0.0,0.0,0.43660536686263274,0.0030520741794367702,0.0004503893521354602
15.395000000000001,0.4366272654920631,0.0,0.0,0.4366033077842434,0.003051457265333082,0.0004518514707631551
15.396,0.4366374421103101,0.0,0.0,0.43660124870585404,0.0030508403512293945,0.0004533135893908474
15.397,0.4366475748707893,0.0,0.0,0.4365991896274647,0.003050223437125707,0.00045477570801853967
15.398000000000001,0.436657664036614,0.0,0.0,0.43659713054907534,0.0030496065230220188,0.0004562378266462346
15.399000000000001,0.4366677097015289,0.0,0.0,0.436595071470686,0.0030489896089183313,0.0004576999452739269
15.4,0.43667771212618595,-2.355617251000487e-22,2.614811135162696e-22,0.43659301239229664,0.003048372694814644,0.0004591620639016192
15.401,0.43668769707076505,8.435491114762353e-09,-9.192587991462708e-09,0.4365935399087237,0.0030483884685721914,0.00046914429179189556
15.402000000000001,0.4366978969391015,9.783479396235314e-08,-1.0765478323990322e-07,0.4365940674251507,0.0030484042423297385,0.00047912651968218966
15.403,0.43670875363550576,4.378451628968107e-07,-4.852624972591203e-07,0.4365945949415777,0.003048420016087286,0.000489108747572466
15.404,0.4367208103353071,1.269229273097585e-06,-1.4154165599560032e-06,0.43659512245800475,0.003048435789844833,0.0004990909754627424
15.405000000000001,0.4367346602832753,2.8863791708761993e-06,-3.23591228163245e-06,0.4365956499744318,0.0030484515636023807,0.0005090732033530365
15.406,0.43675091846628583,5.624994444801197e-06,-6.3353945548077136e-06,0.43659617749085883,0.003048467337359928,0.0005190554312433129
15.407,0.4367702057316873,9.852641210441968e-06,-1.1142968116074767e-05,0.43659670500728587,0.0030484831111174753,0.0005290376591335893
15.408000000000001,0.43679313987348833,1.596157511321156e-05,-1.812027126088692e-05,0.43659723252371285,0.003048498884875023,0.0005390198870238833
15.409,0.4368203306072261,2.436329676529206e-05,-2.7755432028835193e-05,0.4365977600401399,0.00304851465863257,0.0005490021149141597
15.41,0.4368523767023441,3.5484421624535565e-05,-4.055845408676244e-05,0.43659828755656693,0.0030485304323901175,0.0005589843428044361
15.411000000000001,0.43688983880229765,4.975660967613145e-05,-5.705016611684009e-05,0.43659842015657113,0.003054016378468009,0.0005656461332253365
15.412,0.4369330573118722,6.75533007179145e-05,-7.769230236814605e-05,0.4365985527565754,0.0030595023245458914,0.000572307923646225
15.413,0.43698214919766054,8.916038909091343e-05,-0.00010285184395670024,0.4365986853565796,0.0030649882706237732,0.0005789697140671136
15.414000000000001,0.43703711609089546,0.00011479916636918217,-0.00013282441967993786,0.43659881795658384,0.0030704742167016654,0.000585631504488014
15.415000000000001,0.4370978954594647,0.000144642180723994,-0.0001678514509623636,0.43659895055658804,0.003075960162779547,0.0005922932949089026
15.416,0.4371643889911571,0.00017882486361473372,-0.00020813279472774884,0.43659908315659224,0.0030814461088574294,0.0005989550853297911
15.417,0.4372364785559816,0.00021745433114122673,-0.000253836320395715,0.4365992157565965,0.0030869320549353116,0.0006056168757506797
15.418000000000001,0.43731403519070655,0.0002606160609875653,-0.00030510517962813427,0.4365993483566007,0.0030924180010132034,0.00061227866617158
15.419,0.43739692416243686,0.00030837895428824776,-0.00036206332139898537,0.43659948095660495,0.003097903947091085,0.0006189404565924686
15.42,0.43748500782839883,0.0003607991731680628,-0.00042481967687342005,0.43659961355660915,0.0031033898931689674,0.0006256022470133571
15.421000000000001,0.4375781472566781,0.00041792304807919867,-0.0004934713333487053,0.43660033230088,0.0030923857824936315,0.0006090977534239833
15.422,0.43767620315046624,0.00047978928380547185,-0.0005681059449078468,0.4366010510451509,0.003081381671818315,0.0005925932598346389
15.423,0.4377790363780551,0.0005464306272645813,-0.0006488035585086737,0.4366017697894218,0.003070377561142999,0.0005760887662452944
15.424000000000001,0.4378865082799654,0.0006178751329892759,-0.0007356380046248342,0.43660248853369266,0.003059373450467663,0.0005595842726559206
15.425,0.43799848085046306,0.0006941471205775995,-0.0008286779526332749,0.43660320727796353,0.003048369339792346,0.0005430797790665762
15.426,0.43811481684731685,0.0007752678986910818,-0.0009279877120728716,0.4366039260222344,0.00303736522911703,0.0005265752854772317
15.427000000000001,0.4382353798600989,0.000861256314921466,-0.0010336278447364068,0.4366046447665053,0.003026361118441694,0.0005100707918878581
15.428,0.43836003435436566,0.0009521291698538577,-0.0011456556285462346,0.43660536351077617,0.0030153570077663776,0.0004935662982985136
15.429,0.43848864570139456,0.0010479015303996328,-0.0012641254117446306,0.43660608225504705,0.0030043528970910612,0.0004770618047091691
15.430000000000001,0.43862108019895246,0.0011485869683976824,-0.0013890888859368787,0.4366068009993179,0.0029933487864157427,0.0004605573111198043
15.431000000000001,0.43875720508672583,0.001254197738698905,-0.001520595292440986,0.43661597348848286,0.0029921041083483518,0.00044907507136403253
15.432,0.4388968885590547,0.0013647449169780122,-0.0016586915833667797,0.4366251459776478,0.0029908594302809613,0.00043759283160826076
15.433,0.43903999977377206,0.0014802384993801627,-0.0018034225412441878,0.4366343184668127,0.0029896147522135703,0.00042611059185248895
15.434000000000001,0.4391864088578727,0.0016006874826905285,-0.00195483088003681,0.43664349095597765,0.0029883700741461777,0.0004146283520966968
15.435,0.43933598691233156,0.0017260999216432396,-0.002112957320210401,0.4366526634451426,0.0029871253960787867,0.00040314611234092503
15.436,0.439488606015844,0.0018564829724251138,-0.0022778406485180498,0.4366618359343075,0.0029858807180113962,0.00039166387258515327
15.437000000000001,0.4396441392273616,0.001991842928525914,-0.002449517769740254,0.43667100842347245,0.002984636039944003,0.0003801816328293611
15.438,0.4398024605880455,0.002132185245089838,-0.0026280237450274344,0.4366801809126374,0.0029833913618766126,0.0003686993930735893
15.439,0.4399634451224117,0.0022775145582707938,-0.002813391824787088,0.4366893534018023,0.0029821466838092217,0.00035721715331781754
15.440000000000001,0.4401269688386656,0.0024278347015942417,-0.0030056534783811594,0.43669852589096736,0.0029809020057418464,0.0003457349135619282
15.441,0.44029290872896537,0.00258314871688001,-0.003204838416958443,0.4367761115053287,0.00298936983321837,0.00027954630538489953
15.442,0.44046114277060444,0.0027434588665189172,-0.0034109746157513373,0.43685369711968997,0.002997837660694894,0.00021335769720787082
15.443000000000001,0.4406315499251244,0.0029087666392398435,-0.0036240883296420464,0.4369312827340514,0.003006305488171433,0.00014716908903072455
15.444,0.4408040101353424,0.0030790727581653547,-0.0038442041144695037,0.43700886834841274,0.0030147733156479567,8.098048085369586e-05
15.445,0.44097840432293894,0.003254377185798244,-0.004071344844097663,0.437086453962774,0.0030232411431244804,1.4791872676667205e-05
15.446000000000002,0.44115461438582565,0.0034346791296488966,-0.004305531728063403,0.43716403957713545,0.0030317089706010194,-5.139673550047909e-05
15.447000000000001,0.4413325231955985,0.0036199770458347044,-0.004546784326439484,0.43724162519149673,0.003040176798077543,-0.00011758534367750775
15.448,0.4415120145947402,0.003810268643332546,-0.004795120565349916,0.43731921080585806,0.003048644625554067,-0.0001837739518545364
15.449,0.4416929733933679,0.004005550889903747,-0.005050556754540765,0.43739679642021934,0.0030571124530305908,-0.0002499625600315651
15.450000000000001,0.4418752853662472,0.00420582001532611,-0.005313107601251726,0.4374743820345808,0.0030655802805071297,-0.0003161511682087115
15.451,0.4420588372494952,0.004411071516537251,-0.005582786226341327,0.4375703322038636,0.0030233594913747918,-0.0004947404488057574
15.452,0.4422435167383594,0.004621300160324048,-0.005859604176007119,0.4376662823731465,0.0029811387022424534,-0.0006733297294028034
15.453000000000001,0.4424292124835169,0.0048364999895153,-0.0061435714385998565,0.4377622325424295,0.0029389179131100404,-0.0008519190100001667
15.454,0.44261581408712536,0.005056664327501095,-0.006434696460068324,0.43785818271171234,0.0028966971239777024,-0.0010305082905972128
15.455,0.44280321209936474,0.005281785781698966,-0.00673298615767823,0.43795413288099516,0.002854476334845364,-0.0012090975711942587
15.456000000000001,0.4429912980143696,0.005511856250396091,-0.007038445938125236,0.4380500830502782,0.002812255545712951,-0.001387686851791622
15.457,0.44317996426734774,0.005746866924592094,-0.007351079708636255,0.438146033219561,0.002770034756580613,-0.001566276132388668
15.458,0.44336910423059445,0.005986808295312712,-0.007670889895374904,0.4382419833888439,0.002727813967448275,-0.001744865412985714
15.459000000000001,0.44355861221009685,0.0062316701585304075,-0.007997877458437792,0.43833793355812695,0.0026855931783158617,-0.0019234546935830773
15.46,0.44374838344192813,0.006481441621278503,-0.008332041908399776,0.43843388372740977,0.0026433723891835237,-0.0021020439741801233
15.461,0.4439383140899732,0.006736111104308714,-0.008673381317493793,0.4385489342682251,0.002703305501617069,-0.002134258631867019
15.462,0.4441283012439115,0.006995666350581716,-0.009021892336670903,0.4386639848090404,0.0027632386140506145,-0.002166473289553915
15.463000000000001,0.4443182429160786,0.007260094431337984,-0.009377570210441449,0.43877903534985596,0.002823171726484266,-0.0021986879472408686
15.464,0.44450803803729344,0.007529381752021857,-0.00974040879367213,0.43889408589067125,0.002883104838917811,-0.0022309026049277644
15.465,0.44469758645465945,0.007803514054361394,-0.010110400562293998,0.4390091364314866,0.0029430379513513565,-0.0022631172626146603
15.466000000000001,0.4448867889271292,0.008082476426857495,-0.010487536635947831,0.43912418697230216,0.0030029710637850086,-0.0022953319203016134
15.467,0.44507554712311914,0.008366253309319624,-0.010871806791827818,0.43923923751311744,0.0030629041762185536,-0.0023275465779885093
15.468,0.44526376361798975,0.008654828498731983,-0.011263199480168984,0.4393542880539328,0.003122837288652099,-0.0023597612356754056
15.469000000000001,0.44545134189227,0.00894818515374594,-0.011661701837426614,0.4394693385947483,0.0031827704010857507,-0.0023919758933623587
15.47,0.44563818632760177,0.009246305805799337,-0.012067299709497705,0.43958438913556364,0.003242703513519296,-0.0024241905510492545
15.471,0.44582420220661056,0.009549172360623836,-0.012479977659797465,0.43968587957916355,0.003309233368884116,-0.002457374143954876
15.472000000000001,0.44600929571131703,0.00985676610718206,-0.012899718987223053,0.43978737002276364,0.0033757632242490537,-0.002490557736860556
15.473,0.4461933739202007,0.010169067726942694,-0.013326505745686812,0.43988886046636355,0.0034422930796138736,-0.0025237413297661774
15.474,0.4463763448081499,0.010486057295010585,-0.013760318751604581,0.43999035090996347,0.0035088229349786934,-0.0025569249226717987
15.475000000000001,0.4465581172429819,0.01080771429066861,-0.014201137606347466,0.4400918413535636,0.003575352790343631,-0.002590108515577479
15.476,0.44673860098338947,0.011134017604856153,-0.014648940713858808,0.4401933317971635,0.003641882645708451,-0.0026232921084831003
15.477,0.4469177066799016,0.011464945542212406,-0.015103705288307243,0.44029482224076344,0.003708412501073271,-0.0026564757013887216
15.478000000000002,0.4470953458710641,0.011800475833315466,-0.01556540737949826,0.4403963126843635,0.0037749423564382087,-0.002689659294294402
15.479000000000001,0.4472714309839812,0.012140585638425747,-0.01603402188316997,0.44049780312796344,0.0038414722118030285,-0.002722842887200023
15.48,0.44744587533320385,0.012485251555022111,-0.016509522557793442,0.44059929357156336,0.003908002067167848,-0.0027560264801056444
15.481,0.44761859311942825,0.012834449626404017,-0.016991882043199517,0.4407636389447011,0.004042791442823885,-0.0028448710476366517
15.482000000000001,0.4477894994329213,0.0131881553468457,-0.017481071868780295,0.4409279843178392,0.0041775808184801606,-0.002933715615167817
15.483,0.44795851025138506,0.01354634367178296,-0.01797706247411234,0.44109232969097695,0.004312370194136196,-0.0030225601826988236
15.484,0.44812554243957836,0.013908989022627813,-0.018479823221284792,0.4412566750641147,0.0044471595697922325,-0.003111404750229831
15.485000000000001,0.44829051374810786,0.01427606529436037,-0.01898932241255131,0.4414210204372528,0.004581948945448508,-0.003200249317760996
15.486,0.4484533428127746,0.014647545862828274,-0.0195055273071798,0.44158536581039054,0.004716738321104545,-0.003289093885292003
15.487,0.44861394915514763,0.015023403591046373,-0.02002840413505579,0.4417497111835283,0.004851527696760581,-0.0033779384528230105
15.488000000000001,0.44877225318112257,0.015403610837882161,-0.02055791811730566,0.4419140565566664,0.004986317072416856,-0.003466783020354175
15.489,0.4489281761834626,0.015788139463041605,-0.021094033474416924,0.44207840192980413,0.005121106448072892,-0.0035556275878851824
15.49,0.44908164033884407,0.016176960837107936,-0.02163671345257957,0.4422427473029419,0.005255895823728929,-0.0036444721554161896
15.491000000000001,0.44923256871204575,0.016570045845967576,-0.02218592032708896,0.442375930970322,0.005361281307621425,-0.0037871854294459603
15.492,0.4493808852532404,0.016967364900518537,-0.02274161542908827,0.442509114637702,0.005466666791513733,-0.003929898703475478
15.493,0.4495265148018108,0.01736888794243738,-0.02330375915037354,0.4426422983050819,0.005572052275406041,-0.004072611977504995
15.494,0.44966938308346455,0.017774584452638676,-0.02387231097073762,0.4427754819724618,0.0056774377592983495,-0.004215325251534513
15.495000000000001,0.44980941671447827,0.01818442345777463,-0.024447229461430152,0.44290866563984194,0.005782823243190845,-0.004358038525564283
15.496,0.44994654319993693,0.0185983735379383,-0.02502847230959987,0.44304184930722185,0.005888208727083154,-0.0045007517995938
15.497,0.4500806909363575,0.019016402834144453,-0.025615996327600074,0.44317503297460176,0.0059935942109754625,-0.004643465073623318
15.498000000000001,0.4502117892115222,0.01943847905537815,-0.026209757472569387,0.44330821664198194,0.0060989796948679575,-0.004786178347653089
15.499,0.450339768206395,0.019864569486366942,-0.026809710858472932,0.44344140030936186,0.006204365178760266,-0.004928891621682606
15.5,0.45046455899570814,0.020294640994597116,-0.02741581077341055,0.44357458397674177,0.0063097506626525746,-0.005071604895712123
15.501000000000001,0.45058609354977797,0.02072866003801305,-0.02802801069335467,0.4436751660772228,0.0064696727566438145,-0.005228892203893639
15.502,0.4507043047383364,0.021166592674138195,-0.02864626329375408,0.4437757481777036,0.006629594850634771,-0.005386179512074874
15.503,0.4508191263307083,0.02160840456483419,-0.02927052046984261,0.44387633027818446,0.006789516944625726,-0.00554346682025611
15.504000000000001,0.4509304929978841,0.022054060987502344,-0.02990073334258192,0.4439769123786655,0.006949439038616966,-0.005700754128437626
15.505,0.45103834031184786,0.02250352683908121,-0.03053685228124053,0.44407749447914635,0.007109361132607923,-0.005858041436618861
15.506,0.45114260474691015,0.022956766643275183,-0.03117882691777212,0.44417807657962716,0.007269283226598878,-0.006015328744800097
15.507000000000001,0.4512432236816116,0.023413744560711873,-0.031826606157491395,0.4442786586801082,0.007429205320590118,-0.006172616052981613
15.508000000000001,0.45134013539925183,0.023874424393252967,-0.0324801381988883,0.44437924078058905,0.0075891274145810745,-0.006329903361162848
15.509,0.45143327908959224,0.02433876959247168,-0.03313937054657258,0.44447982288106985,0.007749049508572031,-0.006487190669344085
15.51,0.45152259485040014,0.024806743268081025,-0.03380425002476647,0.4445804049815507,0.007908971602562986,-0.00664447797752532
15.511000000000001,0.4516080236888824,0.02527830819369474,-0.03447472279404961,0.4446664607443403,0.00800034016043794,-0.006893723427310649
15.512,0.4516895075252477,0.02575342681570244,-0.035150734363526094,0.44475251650712977,0.008091708718312733,-0.007142968877095534
15.513,0.4517669891944496,0.026232061261758748,-0.03583222960334636,0.4448385722699192,0.008183077276187525,-0.00739221432688042
15.514000000000001,0.4518404124464573,0.026714173346346678,-0.03651915276117303,0.44492462803270877,0.008274445834062479,-0.007641459776665748
15.515,0.4519097219472111,0.027199724577472738,-0.037211447477317944,0.4450106837954982,0.008365814391937272,-0.007890705226450634
15.516,0.4519748632800122,0.027688676166874537,-0.03790905679621385,0.44509673955828766,0.008457182949812063,-0.008139950676235519
15.517000000000001,0.4520357829465297,0.028180989034703632,-0.03861192318369308,0.44518279532107724,0.008548551507687017,-0.008389196126020846
15.518,0.4520924283680152,0.028676623815420722,-0.03931998854268828,0.44526885108386666,0.00863992006556181,-0.008638441575805733
15.519,0.45214474788692766,0.0291755408700713,-0.04003319422245522,0.44535490684665613,0.008731288623436601,-0.008887687025590618
15.520000000000001,0.45219269076795526,0.029677700289794513,-0.04075148103662152,0.44544096260944566,0.00882265718131165,-0.009136932475376048
15.521,0.4522362071994527,0.030183061903156796,-0.041474789277154936,0.4454989887703963,0.0089670397144151,-0.009443161023508123
15.522,0.4522752482959067,0.03069158528572994,-0.04220305872581996,0.4455570149313469,0.009111422247518548,-0.009749389571640198
15.523000000000001,0.4523097660992068,0.031203229766320444,-0.04293622866867574,0.4456150410922976,0.009255804780622254,-0.010055618119772815
15.524000000000001,0.45233971357929315,0.03171795443489359,-0.043674237909244344,0.44567306725324823,0.009400187313725702,-0.01036184666790489
15.525,0.4523650446349494,0.03223571814849184,-0.04441702478366156,0.44573109341419886,0.009544569846829151,-0.010668075216036965
15.526,0.45238571409477296,0.032756479539574106,-0.04516452717340326,0.4457891195751495,0.0096889523799326,-0.01097430376416904
15.527000000000001,0.45240167771802065,0.033280197021740426,-0.045916682520449115,0.44584714573610024,0.009833334913036305,-0.01128053231230166
15.528,0.4524128921955893,0.0338068287986615,-0.046673427839272585,0.4459051718970508,0.009977717446139754,-0.011586760860433733
15.529,0.45241931515087624,0.03433633287137702,-0.04743469973033343,0.44596319805800144,0.010122099979243203,-0.01189298940856581
15.530000000000001,0.45242090514046907,0.03486866704295819,-0.04820043439594114,0.4460212242189522,0.010266482512346908,-0.012199217956698427
15.531,0.4524176216553962,0.03540378892925202,-0.048970567650244885,0.44609033229119666,0.010462582220993197,-0.012475007622307419
15.532,0.45240942512411675,0.03594165596327899,-0.04974503493469307,0.4461594403634411,0.010658681929639487,-0.01275079728791641
15.533000000000001,0.4523962769136803,0.03648222540706679,-0.050523771325831024,0.44622854843568566,0.010854781638286124,-0.013026586953525892
15.534,0.4523781393288376,0.037025454353917006,-0.0513067115529031,0.44629765650793013,0.011050881346932414,-0.013302376619134883
15.535,0.45235497561206034,0.037571299738161985,-0.05209379000859342,0.4463667645801746,0.011246981055578704,-0.013578166284743875
15.536000000000001,0.4523267499434856,0.03811971834022979,-0.05288494076414413,0.4464358726524192,0.011443080764225342,-0.013853955950353356
15.537,0.452293427441084,0.03867066679553205,-0.05368009758078558,0.44650498072466366,0.011639180472871631,-0.014129745615962348
15.538,0.45225497416058247,0.03922410159840077,-0.05447919392573865,0.4465740887969081,0.01183528018151792,-0.01440553528157134
15.539000000000001,0.45221135709570043,0.03977997911333063,-0.05528216298121437,0.44664319686915266,0.012031379890164558,-0.01468132494718082
15.540000000000001,0.4521625441778841,0.04033825557701293,-0.05608893766193997,0.44671230494139713,0.012227479598810848,-0.014957114612789812
15.541,0.45210850427658156,0.04089888711067808,-0.05689945062292215,0.4467801966505736,0.012476717192382683,-0.01527942080420432
15.542,0.45204920719963537,0.041461829722038636,-0.05771363427670814,0.4468480883597501,0.01272595478595452,-0.015601726995618827
15.543000000000001,0.45198462369339776,0.04202703931737423,-0.05853142080082472,0.44691598006892674,0.012975192379526799,-0.015924033187033906
15.544,0.45191472544180344,0.04259447170463229,-0.05935274215375088,0.4469838717781032,0.013224429973098634,-0.016246339378448413
15.545,0.4518394850657961,0.04316408260145367,-0.06017753008631471,0.4470517634872797,0.01347366756667047,-0.01656864556986292
15.546000000000001,0.45175887612269433,0.04373582764236302,-0.06100571615376356,0.4471196551964563,0.013722905160242748,-0.016890951761277997
15.547,0.4516728731054084,0.04430966238418212,-0.06183723172939459,0.4471875469056328,0.013972142753814584,-0.017213257952692504
15.548,0.451581451441766,0.04488554231504911,-0.0626720080147346,0.4472554386148093,0.01422138034738642,-0.01753556414410701
15.549000000000001,0.4514845874935154,0.04546342285879569,-0.06350997605390912,0.4473233303239859,0.014470617940958698,-0.01785787033552209
15.55,0.451382258555439,0.04604325938323982,-0.06435106674424862,0.4473912220331624,0.014719855534530535,-0.018180176526936598
15.551,0.45127444285452417,0.04662500720666119,-0.0651952108485259,0.447459536436067,0.015005069473452513,-0.01850504461689724
15.552000000000001,0.45116111955065774,0.04720862160456393,-0.06604233900663338,0.44752785083897173,0.015290283412374997,-0.01882991270685846
15.553,0.4510422687357847,0.04779405781862497,-0.06689238174448417,0.44759616524187634,0.015575497351296975,-0.019154780796819107
15.554,0.45091787143141343,0.0483812710590136,-0.06774526948948183,0.44766447964478095,0.015860711290218953,-0.01947964888677975
15.555000000000001,0.4507879095869187,0.04897021651496089,-0.06860093257848729,0.4477327940476857,0.016145925229141437,-0.01980451697674097
15.556000000000001,0.4506523660775143,0.049560849358392056,-0.06945930127219063,0.4478011084505903,0.016431139168063415,-0.020129385066701616
15.557,0.45051122470237165,0.05015312475074996,-0.07032030576644435,0.4478694228534949,0.016716353106985393,-0.020454253156662258
15.558,0.4503644701827345,0.05074699785062763,-0.07118387620270474,0.4479377372563995,0.01700156704590737,-0.020779121246622904
15.559000000000001,0.45021208815978,0.05134242381832042,-0.0720499426812123,0.44800605165930424,0.017286780984829855,-0.021103989336584125
15.56,0.4500540651926133,0.05193935782421206,-0.07291843527046882,0.44807436606220885,0.017571994923751832,-0.021428857426544767
15.561,0.44989038875621695,0.05253775505452072,-0.07378928401909154,0.4481120788031423,0.01776638840097385,-0.021832795475944928
15.562000000000001,0.4497210472405995,0.05313757071684669,-0.0746624189676721,0.4481497915440758,0.017960781878196212,-0.022236733525345807
15.563,0.44954602994883036,0.05373876004961155,-0.07553777015626423,0.44818750428500925,0.018155175355418232,-0.022640671574745967
15.564,0.44936532709358634,0.054341278324699475,-0.07641526763839396,0.4482252170259427,0.01834956883264025,-0.023044609624146128
15.565000000000001,0.4491789297942817,0.054945080855607564,-0.07729484149009426,0.44826292976687626,0.018543962309862612,-0.023448547673547007
15.566,0.4489868300740297,0.055550123002594334,-0.07817642182165765,0.4483006425078097,0.01873835578708463,-0.023852485722947167
15.567,0.44878902085664807,0.056156360179322164,-0.07905993878792641,0.44833835524874316,0.018932749264306645,-0.02425642377234733
15.568000000000001,0.4485854959634904,0.05676374785774922,-0.07994532260004238,0.44837606798967666,0.019127142741529008,-0.02466036182174821
15.569,0.44837625011033905,0.05737224157535646,-0.08083250353489875,0.4484137807306101,0.019321536218751028,-0.02506429987114837
15.57,0.44816127890409563,0.05798179694063685,-0.08172141194607561,0.44845149347154356,0.019515929695973044,-0.02546823792054853
15.571000000000002,0.44794057883962834,0.058592369638978556,-0.0826119782743031,0.4484666397563529,0.01972630645456853,-0.025899932300013567
15.572000000000001,0.4477141472981075,0.059203915439994745,-0.08350413305652399,0.44848178604116223,0.019936683213163647,-0.026331626679477832
15.573,0.4474819825437432,0.059816390203199184,-0.08439780693552244,0.44849693232597154,0.020147059971758762,-0.0267633210589421
15.574,0.4472440837193356,0.060429749884091374,-0.08529293066931755,0.4485120786107809,0.020357436730353874,-0.02719501543840637
15.575000000000001,0.4470004508418786,0.06104395053686751,-0.08618943514389779,0.4485272248955902,0.020567813488949364,-0.027626709817871402
15.576,0.44675108479858644,0.06165894832299444,-0.08708725138048247,0.4485423711803995,0.02077819024754448,-0.02805840419733567
15.577,0.446495987342618,0.062274699515910484,-0.08798631054627225,0.4485575174652089,0.020988567006139592,-0.02849009857679994
15.578000000000001,0.44623516108880845,0.06289116050667509,-0.0888865439641605,0.4485726637500182,0.021198943764735082,-0.028921792956264975
15.579,0.44596860950925243,0.06350828780858832,-0.08978788312323886,0.44858781003482756,0.021409320523330194,-0.02935348733572924
15.58,0.44569633692891225,0.06412603806344667,-0.0906902596876581,0.44860295631963687,0.02161969728192531,-0.02978518171519351
15.581000000000001,0.44541834852132417,0.06474436804713087,-0.0915936055060038,0.4485912665452857,0.02181206453044262,-0.03024876266577766
15.582,0.44513465030588173,0.06536323467725022,-0.09249785261879988,0.4485795767709345,0.022004431778959586,-0.03071234361636099
15.583,0.4448452491432821,0.065982595015795,-0.0934029332694985,0.4485678869965834,0.022196799027476552,-0.03117592456694432
15.584000000000001,0.44455015273003146,0.06660240627577972,-0.09430877991186835,0.4485561972222322,0.02238916627599386,-0.03163950551752847
15.585,0.44424936959308575,0.06722262582584251,-0.09521532521950996,0.44854450744788105,0.022581533524510828,-0.032103086468111795
15.586,0.443942909084575,0.06784321119568408,-0.09612250209457074,0.44853281767352987,0.022773900773027794,-0.03256666741869513
15.587,0.4436307813763217,0.06846412007916643,-0.09703024367846766,0.4485211278991787,0.022966268021544764,-0.03303024836927845
15.588000000000001,0.44331299745471087,0.06908531034273134,-0.09793848335758756,0.4485094381248275,0.023158635270062074,-0.033493829319862604
15.589,0.4429895691150156,0.06970674002752664,-0.09884715477458612,0.4484977483504764,0.02335100251857904,-0.03395741027044594
15.59,0.4426605089559237,0.07032836735522528,-0.09975619183614795,0.4484860585761252,0.023543369767096006,-0.03442099122102926
15.591000000000001,0.4423258303740707,0.07095015073328055,-0.10066552872112448,0.448458674805448,0.023778846415540206,-0.03486589264378661
15.592,0.44198554755939923,0.07157204876146465,-0.10157509988747779,0.44843129103477086,0.02401432306398399,-0.035310794066543166
15.593,0.44163967548930694,0.07219402023326785,-0.10248484008320538,0.4484039072640937,0.024249799712427772,-0.03575569548929972
15.594000000000001,0.44128822992271444,0.07281602414482014,-0.10339468435026644,0.44837652349341645,0.02448527636087197,-0.03620059691205707
15.595,0.44093122739357754,0.07343801969558282,-0.1043045680361184,0.4483491397227393,0.024720753009315755,-0.03664549833481363
15.596,0.4405686852048083,0.0740599662945007,-0.10521442680016604,0.44832175595206214,0.024956229657759538,-0.03709039975757018
15.597000000000001,0.4402006214220686,0.07468182356510225,-0.10612419662100758,0.4482943721813849,0.025191706306203737,-0.03753530118032753
15.598,0.4398270548673307,0.07530355134855934,-0.10703381380538479,0.4482669884107077,0.02542718295464752,-0.03798020260308409
15.599,0.43944800511253235,0.07592510970879675,-0.10794321499510698,0.4482396046400306,0.025662659603091303,-0.038425104025840644
15.600000000000001,0.43906349247321635,0.0765464589381134,-0.10885233717330851,0.44821222086935336,0.025898136251535538,-0.03887000544859792
15.601,0.4386735380018353,0.07716755955804437,-0.10976111767496316,0.4481921672251479,0.026152799786219094,-0.03927486224857335
15.602,0.4382781634828077,0.07778837232963295,-0.11066949418890858,0.44817211358094233,0.026407463320902647,-0.03967971904854878
15.603000000000002,0.4378773914256092,0.07840885825188558,-0.11157740476965117,0.4481520599367368,0.026662126855586655,-0.04008457584852493
15.604000000000001,0.4374712450579013,0.0790289785703387,-0.11248478783983182,0.4481320062925313,0.02691679039027021,-0.040489432648500356
15.605,0.4370597483180527,0.07964869477700579,-0.11339158220073926,0.44811195264832576,0.027171453924953765,-0.040894289448475785
15.606,0.4366429258482912,0.08026796861734307,-0.11429772703629971,0.4480918990041202,0.027426117459637318,-0.04129914624845121
15.607000000000001,0.43622080298732535,0.08088676209175862,-0.11520316192192276,0.4480718453599147,0.027680780994321325,-0.04170400304842736
15.608,0.43579340576327025,0.08150503746087714,-0.11610782682973486,0.4480517917157092,0.027935444529004882,-0.04210885984840279
15.609,0.4353607608863302,0.08212275724880422,-0.11701166213548878,0.44803173807150365,0.028190108063688435,-0.04251371664837822
15.610000000000001,0.43492289574147164,0.0827398842467449,-0.11791460862494067,0.4480116844272981,0.028444771598372443,-0.04291857344835437
15.611,0.43447983838142434,0.08335638151777067,-0.1188166074991707,0.44798185943302765,0.02869464474571303,-0.04337062101983028
15.612,0.43403161752126956,0.0839722123993067,-0.11971760038246919,0.44795203443875725,0.028944517893053624,-0.0438226685913062
15.613000000000001,0.4335782625319782,0.0845873405113238,-0.12061752932312224,0.44792220944448674,0.029194391040394656,-0.04427471616278292
15.614,0.43311980343133005,0.08520172975282601,-0.12151633680472639,0.4478923844502163,0.02944426418773525,-0.04472676373425883
15.615,0.432656270876379,0.08581534431072635,-0.12241396574672132,0.44786255945594583,0.029694137335075838,-0.04517881130573474
15.616000000000001,0.4321876961549216,0.08642814865777126,-0.12331035951486097,0.4478327344616754,0.02994401048241687,-0.04563085887721146
15.617,0.43171411117790737,0.0870401075599562,-0.1242054619229402,0.4478029094674049,0.030193883629757463,-0.04608290644868737
15.618,0.4312355484711088,0.08765118607657317,-0.1250992172410833,0.44777308447313446,0.03044375677709805,-0.04653495402016329
15.619,0.4307520411672627,0.08826134956504633,-0.125991570199471,0.44774325947886406,0.030693629924438644,-0.0469870015916392
15.620000000000001,0.4302636229979924,0.08887056368383017,-0.12688246599365224,0.44771343448459355,0.030943503071779677,-0.04743904916311592
15.621,0.42977032828562345,0.0894787943939401,-0.1277718502909237,0.4476895942093655,0.03125498399522862,-0.04791296777555341
15.622,0.4292721919357862,0.09008600796504702,-0.12865966923255004,0.44766575393413743,0.03156646491867756,-0.04838688638799089
15.623000000000001,0.42876924942894085,0.09069217097410728,-0.12954586944218238,0.4476419136589093,0.03187794584212706,-0.048860805000429226
15.624,0.42826153681254187,0.09129725031306699,-0.13043039802585027,0.44761807338368126,0.032189426765576,-0.04933472361286671
15.625,0.4277490906922004,0.09190121318666868,-0.1313132025808966,0.4475942331084532,0.032500907689024944,-0.0498086422253042
15.626000000000001,0.4272319482236537,0.09250402711796916,-0.1321942311977459,0.44757039283322514,0.032812388612474444,-0.05028256083774253
15.627,0.4267101471043482,0.0931056599503557,-0.13307343246467326,0.4475465525579971,0.03312386953592338,-0.05075647945018002
15.628,0.4261837255648907,0.09370607984865989,-0.13395075547323052,0.447522712282769,0.03343535045937233,-0.051230398062617505
15.629000000000001,0.42565272236079965,0.0943052553031723,-0.13482614982083657,0.4474988720075409,0.03374683138282182,-0.05170431667505584
15.63,0.4251171767640425,0.09490315513186579,-0.1356995656148041,0.44747503173231284,0.034058312306270766,-0.052178235287493324
15.631,0.4245771285547132,0.09549974848084332,-0.1365709534781228,0.4474427683549584,0.034303671109655584,-0.052631727259611606
15.632000000000001,0.4240326180161467,0.09609500483261191,-0.13744026454927796,0.4474105049776039,0.03454902991304084,-0.05308521923173069
15.633000000000001,0.4234836859269039,0.09668889400437256,-0.13830745048805523,0.4473782416002494,0.03479438871642566,-0.05353871120384898
15.634,0.42293037355112384,0.09728138615009181,-0.139172463477595,0.44734597822289496,0.035039747519810475,-0.053992203175967264
15.635000000000002,0.42237272262941644,0.09787245176294196,-0.14003525622698412,0.4473137148455404,0.035285106323195724,-0.05444569514808635
15.636000000000001,0.4218107753695197,0.09846206167474959,-0.14089578197664884,0.44728145146818593,0.03553046512658054,-0.05489918712020463
15.637,0.42124457443738456,0.09905018705883005,-0.14175399450064502,0.4472491880908315,0.03577582392996536,-0.055352679092322915
15.638,0.4206741629482938,0.09963679943259786,-0.14260984810898564,0.447216924713477,0.03602118273335018,-0.055806171064441204
15.639000000000001,0.4200995844576534,0.10022187065711413,-0.14346329765256513,0.4471846613361225,0.03626654153673543,-0.05625966303656029
15.64,0.4195208829522679,0.10080537294048743,-0.14431429852440636,0.44715239795876804,0.03651190034012025,-0.05671315500867857
15.641,0.4189381028414186,0.10138727883906512,-0.14516280666276973,0.4471000642400953,0.03677252554331212,-0.05718342112649897
15.642000000000001,0.41835128894838186,0.10196756125950394,-0.14600877855342698,0.4470477305214225,0.03703315074650445,-0.057653687244320205
15.643,0.41776048650141606,0.10254619345815481,-0.14685217123379557,0.44699539680274974,0.03729377594969632,-0.05812395336214061
15.644,0.41716574112508853,0.1031231490452536,-0.14769294229255944,0.44694306308407705,0.03755440115288819,-0.058594219479961004
15.645000000000001,0.4165670988311295,0.10369840198452086,-0.14853104987334004,0.4468907293654042,0.03781502635608052,-0.05906448559778224
15.646,0.41596460600943447,0.10427192659380671,-0.14936645267727405,0.44683839564673145,0.038075651559272394,-0.05953475171560264
15.647,0.41535830941926777,0.10484369754730317,-0.150199109964036,0.44678606192805875,0.03833627676246426,-0.06000501783342304
15.648000000000001,0.4147482561802877,0.10541368987606253,-0.1510289815541834,0.4467337282093859,0.03859690196565659,-0.060475283951244276
15.649000000000001,0.4141344937637569,0.1059818789698613,-0.1518560278301151,0.4466813944907132,0.038857527168848466,-0.06094555006906467
15.65,0.4135170699834199,0.10654824057634707,-0.15268020973930627,0.44662906077204045,0.03911815237204033,-0.061415816186885075
15.651,0.41289603298691413,0.1071127508031591,-0.1535014887948213,0.4465624049746977,0.03942917721742244,-0.061896365250629956
15.652000000000001,0.4122714312481616,0.10767538612003935,-0.1543198270763203,0.44649574917735485,0.0397402020628051,-0.0623769143143757
15.653,0.4116433135588374,0.10823612335885907,-0.15513518723148684,0.4464290933800121,0.0400512269081872,-0.06285746337812058
15.654,0.4110117290191269,0.10879493971409396,-0.15594753247676083,0.44636243758266936,0.040362251753569306,-0.06333801244186546
15.655000000000001,0.41037672702852845,0.10935181274218411,-0.15675682659933496,0.4462957817853265,0.040673276598951966,-0.0638185615056112
15.656,0.4097383572769257,0.1099067203625951,-0.15756303395757548,0.4462291259879837,0.04098430144433407,-0.06429911056935608
15.657,0.4090966697356678,0.1104596408586949,-0.15836611948150603,0.446162470190641,0.041295326289716175,-0.06477965963310096
15.658000000000001,0.4084517146485598,0.11101055287752583,-0.1591660486741042,0.4460958143932981,0.041606351135098835,-0.0652602086968467
15.659,0.4078035425229369,0.1115594354299184,-0.15996278761212746,0.4460291585959554,0.04191737598048094,-0.06574075776059159
15.66,0.407152204120894,0.11210626789154414,-0.16075630294595517,0.4459625027986126,0.042228400825863044,-0.06622130682433647
15.661000000000001,0.406497750450467,0.11265103000216209,-0.16154656190102026,0.4458906653233082,0.04254736991148729,-0.06668987230550243
15.662,0.4058402327582527,0.11319370186769662,-0.16233353227733077,0.4458188278480039,0.04286633899711097,-0.06715843778666755
15.663,0.4051797025210968,0.11373426396024551,-0.16311718244924023,0.4457469903726996,0.04318530808273465,-0.06762700326783266
15.664000000000001,0.4045162114368357,0.11427269711685192,-0.16389748136593443,0.4456751528973952,0.04350427716835889,-0.06809556874899862
15.665000000000001,0.40384981141539056,0.11480898253946764,-0.16467439855122112,0.4456033154220909,0.043823246253982574,-0.06856413423016375
15.666,0.4031805545698452,0.1153431017944115,-0.1654479041037558,0.4455314779467866,0.04414221533960625,-0.06903269971132887
15.667,0.4025084932075839,0.11587503681177216,-0.1662179686971851,0.44545964047148234,0.04446118442522993,-0.069501265192494
15.668000000000001,0.40183367982176676,0.11640476988684323,-0.16698456357836194,0.4453878029961779,0.044780153510854175,-0.06996983067365994
15.669,0.401156167082315,0.11693228367756082,-0.1677476605689404,0.44531596552087366,0.04509912259647786,-0.07043839615482507
15.67,0.4004760078274842,0.1174575612058054,-0.1685072320634096,0.44524412804556934,0.045418091682101536,-0.0709069616359902
15.671000000000001,0.39979325505529395,0.11798058585616367,-0.16926325102939674,0.44517095180138083,0.04572531613206778,-0.0713523492093679
15.672,0.39910796191644266,0.11850134137722357,-0.170015691006473,0.4450977755571925,0.04603254058203349,-0.0717977367827448
15.673,0.39842018170628596,0.1190198118806926,-0.17076452610513157,0.44502459931300414,0.04633976503199919,-0.07224312435612171
15.674000000000001,0.39772996785588893,0.11953598183970646,-0.17150973100606004,0.44495142306881563,0.04664698948196545,-0.0726885119294994
15.675,0.397037373923388,0.12004983608796554,-0.17225128095911516,0.4448782468246273,0.046954213931931145,-0.0731338995028763
15.676,0.3963424535855143,0.12056135981954905,-0.17298915178171,0.44480507058043894,0.04726143838189685,-0.0735792870762532
15.677000000000001,0.39564526062895755,0.12107053858707131,-0.17372331985855174,0.44473189433625043,0.047568662831863104,-0.0740246746496309
15.678,0.39494584894193274,0.12157735830072755,-0.1744537621404703,0.4446587180920621,0.0478758872818288,-0.07447006222300781
15.679,0.3942442725060855,0.12208180522919265,-0.17518045614149677,0.4445855418478737,0.04818311173179451,-0.07491544979638472
15.680000000000001,0.3935405853878794,0.12258386599640099,-0.17590337993941144,0.4445123656036852,0.048490336181760754,-0.07536083736976264
15.681000000000001,0.39283484173073374,0.12308352758168628,-0.17662251217347152,0.4444095227691725,0.048796324778301335,-0.0759299596570101
15.682,0.39212709574881643,0.12358077732125776,-0.17733783204219675,0.44430667993465983,0.04910231337484191,-0.07649908194425757
15.683,0.39141740171948447,0.12407560290551367,-0.17804931930231874,0.4442038371001472,0.04940830197138249,-0.07706820423150504
15.684000000000001,0.3907058139747903,0.12456799237747193,-0.17875695426621788,0.4441009942656344,0.04971429056792361,-0.0776373265187535
15.685,0.3899923868931926,0.12505793413100735,-0.17946071780021608,0.4439981514311217,0.050020279164464186,-0.07820644880600097
15.686,0.38927717489136204,0.12554541690931342,-0.18016059132275383,0.4438953085966091,0.05032626776100477,-0.07877557109324844
15.687000000000001,0.38856023241610615,0.12603042980351278,-0.18085655680236196,0.44379246576209624,0.05063225635754588,-0.07934469338049692
15.688,0.38784161393639544,0.12651296225133687,-0.181548596755474,0.44368962292758357,0.05093824495408646,-0.07991381566774439
15.689,0.3871213739354479,0.12699300403564656,-0.18223669424427907,0.44358678009307095,0.05124423355062704,-0.08048293795499185
15.690000000000001,0.3863995669029052,0.12747054528285134,-0.18292083287452168,0.4434839372585581,0.05155022214716824,-0.08105206024224026
15.691,0.3856762473271721,0.1279455764615865,-0.1836009967930021,0.44337779704297636,0.05189990878856101,-0.0815867167619925
15.692,0.38495146968807553,0.1284180883813703,-0.18427717068522892,0.44327165682739467,0.05224959542995378,-0.08212137328174472
15.693000000000001,0.384225288449426,0.12888807219083312,-0.18494933977289388,0.44316551661181275,0.05259928207134717,-0.0826560298014979
15.694,0.38349775805148484,0.12935551937613354,-0.185617489810994,0.443059376396231,0.05294896871273994,-0.08319068632125014
15.695,0.3827689329034161,0.12982042175868264,-0.18628160708560032,0.4429532361806493,0.05329865535413271,-0.08372534284100236
15.696000000000002,0.38203886737598164,0.1302827714938108,-0.1869416784107057,0.4428470959650674,0.0536483419955261,-0.08425999936075554
15.697000000000001,0.38130761579425465,0.13074256106900384,-0.18759769112534747,0.4427409557494857,0.05399802863691887,-0.08479465588050776
15.698,0.38057523243021507,0.13119978330096302,-0.18824963309166307,0.44263481553390394,0.05434771527831164,-0.08532931240026
15.699,0.37984177149590376,0.1316544313355234,-0.18889749269033537,0.44252867531832224,0.05469740191970441,-0.08586396892001222
15.700000000000001,0.37910728713614145,0.13210649864438073,-0.1895412588187176,0.4424225351027403,0.0550470885610978,-0.0863986254397654
15.701,0.3783718334216269,0.13255597902295263,-0.1901809208880564,0.44229081377159074,0.05542368214903189,-0.0868969201136773
15.702,0.37763546434348283,0.13300286659147795,-0.19081646881879705,0.4421590924404411,0.05580027573696598,-0.0873952147875892
15.703000000000001,0.37689823380657234,0.1334471557904939,-0.19144789303903995,0.4420273711092913,0.056176869324900736,-0.087893509461502
15.704,0.37616019562260705,0.13388884137910617,-0.19207518448015937,0.44189564977814166,0.05655346291283483,-0.08839180413541389
15.705,0.3754214035033695,0.13432791843317804,-0.19269833457298124,0.4417639284469921,0.05693005650076892,-0.0888900988093258
15.706000000000001,0.3746819110536386,0.1347643823412005,-0.19331733524597625,0.4416322071158423,0.05730665008870368,-0.0893883934832386
15.707,0.37394177176480725,0.1351982288038525,-0.19393217892021292,0.44150048578469264,0.05768324367663777,-0.0898866881571505
15.708,0.3732010390081407,0.13562945383087455,-0.19454285850658043,0.44136876445354306,0.058059837264571854,-0.0903849828310624
15.709000000000001,0.3724597660282834,0.13605805373879165,-0.19514936740217742,0.4412370431223932,0.05843643085250661,-0.09088327750497519
15.71,0.37171800593689436,0.1364840251487973,-0.19575169948647853,0.4411053217912436,0.0588130244404407,-0.0913815721788871
15.711,0.3709758117064846,0.136907364984571,-0.19634984911777342,0.44094737897305886,0.059167809298941706,-0.0919137418442448
15.712,0.3702332361657154,0.13732807047175358,-0.19694381112946904,0.4407894361548741,0.05952259415744272,-0.09244591150960252
15.713000000000001,0.3694903319938485,0.13774613913457268,-0.19753358082652925,0.44063149333668905,0.05987737901594435,-0.09297808117496117
15.714,0.3687471517145193,0.1381615687935232,-0.19811915398045268,0.4404735505185043,0.060232163874445355,-0.09351025084031889
15.715,0.3680037476892692,0.13857435756094152,-0.198700526826781,0.4403156077003196,0.060586948732946365,-0.0940424205056766
15.716000000000001,0.3672601721117009,0.1389845038397588,-0.19927769605994677,0.44015766488213454,0.060941733591448,-0.09457459017103526
15.717,0.36651647700131645,0.13939200631989604,-0.1998506588301325,0.43999972206394977,0.061296518449949,-0.09510675983639297
15.718,0.36577271419780216,0.1397968639767252,-0.20041941273832511,0.439841779245765,0.061651303308450006,-0.09563892950175068
15.719000000000001,0.36502893535510444,0.14019907606761164,-0.20098395583294346,0.43968383642757997,0.06200608816695165,-0.09617109916710934
15.72,0.36428519193574765,0.14059864212922518,-0.201544286605742,0.4395258936093952,0.06236087302545265,-0.09670326883246705
15.721,0.3635415352055748,0.1409955619761753,-0.20210040398676857,0.43935115093483723,0.0628205362592023,-0.09718135174272761
15.722000000000001,0.36279801622913954,0.14138983569793556,-0.2026523073418789,0.4391764082602789,0.06328019949295276,-0.09765943465298904
15.723,0.36205468586522155,0.14178146365760846,-0.20319999646676384,0.43900166558572096,0.0637398627267024,-0.09813751756324961
15.724,0.3613115947610144,0.14217044648695168,-0.20374347158372505,0.438826922911163,0.06419952596045204,-0.09861560047351017
15.725000000000001,0.3605687933470908,0.14255678508517575,-0.20428273333579983,0.4386521802366047,0.06465918919420251,-0.0990936833837716
15.726,0.35982633183174273,0.14294048061376644,-0.2048177827843485,0.4384774375620467,0.06511885242795216,-0.09957176629403217
15.727,0.35908426019612794,0.1433215344954595,-0.20534862140310423,0.43830269488748874,0.06557851566170181,-0.10004984920429273
15.728000000000002,0.35834262818896534,0.14369994840999295,-0.20587525107492574,0.43812795221293044,0.06603817889545227,-0.10052793211455416
15.729000000000001,0.3576014853218694,0.14407572429285026,-0.20639767408596144,0.43795320953837247,0.06649784212920191,-0.10100601502481472
15.73,0.356860880864219,0.14444886433084544,-0.20691589312247077,0.4377784668638145,0.06695750536295156,-0.10148409793507529
15.731,0.356120863838784,0.14481937096098207,-0.20742991126494242,0.43757022939213874,0.06757433906060259,-0.10198245438028125
15.732000000000001,0.3553814830173886,0.1451872468663542,-0.2079397319853873,0.4373619919204626,0.0681911727582547,-0.1024808108254881
15.733,0.3546427869170499,0.14555249497486833,-0.20844535914110177,0.43715375444878685,0.06880800645590572,-0.10297916727069406
15.734,0.3539048237951991,0.14591511845485627,-0.20894679697080645,0.4369455169771111,0.06942484015355675,-0.10347752371590002
15.735000000000001,0.3531676416454119,0.14627512071294005,-0.20944405008919434,0.43673727950543495,0.07004167385120887,-0.10397588016110687
15.736,0.3524312881927766,0.14663250538947614,-0.20993712348356314,0.43652904203375914,0.0706585075488599,-0.10447423660631283
15.737,0.35169581088981605,0.14698727635661868,-0.21042602250823256,0.4363208045620834,0.07127534124651091,-0.10497259305151879
15.738000000000001,0.35096125691236996,0.14733943771554586,-0.21091075287963576,0.43611256709040724,0.07189217494416304,-0.10547094949672564
15.739,0.3502276731554188,0.14768899379282255,-0.21139132067211783,0.4359043296187315,0.07250900864181406,-0.1059693059419316
15.74,0.34949510622912844,0.14803594913748613,-0.211867732313107,0.43569609214705574,0.07312584233946509,-0.10646766238713756
15.741000000000001,0.3487636024549768,0.1483803085178914,-0.2123399945784911,0.43544956801861917,0.07352072015737361,-0.10706490976655049
15.742,0.348033207862434,0.14872207692024786,-0.2128081145867404,0.435203043890183,0.07391559797528142,-0.10766215714596235
15.743,0.34730396818503506,0.14906125954362098,-0.21327209979570155,0.4349565197617469,0.07431047579318925,-0.1082594045253742
15.744,0.34657592885697,0.14939786179792452,-0.21373195799676356,0.4347099956333107,0.07470535361109706,-0.10885665190478608
15.745000000000001,0.3458491350094059,0.14973188930002748,-0.21418769731070716,0.43446347150487413,0.07510023142900558,-0.10945389928419899
15.746,0.34512363146735886,0.15006334787231324,-0.21463932618148132,0.434216947376438,0.07549510924691341,-0.11005114666361085
15.747,0.34439946274593425,0.15039224353744793,-0.21508685337317138,0.43397042324800184,0.07588998706482122,-0.11064839404302272
15.748000000000001,0.3436766730472806,0.15071858251642892,-0.21553028796418497,0.43372389911956527,0.07628486488272974,-0.11124564142243565
15.749,0.3429553062575119,0.15104237122597583,-0.2159696393419825,0.4334773749911291,0.07667974270063757,-0.1118428888018475
15.75,0.3422354059434101,0.15136361627434655,-0.21640491719912885,0.433230850862693,0.07707462051854538,-0.11244013618125936
15.751000000000001,0.3415170153497864,0.1516823244592798,-0.21683613152813516,0.43293758280555666,0.07751976297472045,-0.1130626549576338
15.752,0.34080017739895974,0.15199850276815113,-0.2172632926174537,0.43264431474842086,0.07796490543089472,-0.11368517373400712
15.753,0.3400849346895697,0.15231215837526918,-0.2176864110453259,0.43235104669128505,0.078410047887069,-0.11430769251038045
15.754000000000001,0.3393713294929447,0.1526232986343655,-0.21810549767655826,0.43205777863414874,0.07885519034324406,-0.11493021128675489
15.755,0.33865940375050646,0.15293193107696154,-0.21852056365592007,0.4317645105770129,0.07930033279941834,-0.11555273006312822
15.756,0.3379491990707291,0.15323806340856863,-0.21893162040362493,0.4314712425198772,0.0797454752555926,-0.11617524883950155
15.757000000000001,0.3372407567260503,0.1535417035043262,-0.219338679611357,0.4311779744627408,0.08019061771176766,-0.11679776761587597
15.758000000000001,0.336534117650439,0.15384285940758388,-0.21974175323588552,0.43088470640560506,0.08063576016794194,-0.1174202863922493
15.759,0.33582932243654173,0.1541415393257494,-0.22014085349499643,0.43059143834846925,0.08108090262411621,-0.11804280516862263
15.760000000000002,0.3351264113331186,0.15443775162700998,-0.22053599286270228,0.4302981702913329,0.08152604508029122,-0.11866532394499703
15.761000000000001,0.33442542424287514,0.15473150483842357,-0.22092718406337936,0.42999514984680776,0.08193677040554796,-0.11926879398664292
15.762,0.33372640072013804,0.15502280764185636,-0.22131444006798517,0.4296921294022827,0.0823474957308047,-0.1198722640282888
15.763,0.33302937996888937,0.1553116688712829,-0.2216977740887587,0.42938910895775756,0.08275822105606144,-0.12047573406993468
15.764000000000001,0.33233440084074684,0.15559809751019316,-0.22207719957375555,0.4290860885132319,0.0831689463813189,-0.12107920411158163
15.765,0.33164150183269975,0.155882102687287,-0.22245273020294726,0.42878306806870675,0.08357967170657564,-0.12168267415322752
15.766,0.33095072108530976,0.15616369367418523,-0.22282437988269307,0.4284800476241816,0.08399039703183238,-0.1222861441948734
15.767000000000001,0.3302620963808407,0.1564428798822647,-0.2231921627409544,0.428177027179656,0.08440112235708985,-0.12288961423652035
15.768,0.32957566514142106,0.15671967085920505,-0.22355609312277125,0.4278740067351309,0.08481184768234659,-0.12349308427816623
15.769,0.3288914644274576,0.15699407628643833,-0.223916185585021,0.42757098629060575,0.08522257300760333,-0.12409655431981212
15.770000000000001,0.3282095309359987,0.15726610597583737,-0.22427245489182276,0.42726796584608,0.0856332983328609,-0.12470002436145902
15.771,0.32752990099922286,0.15753576986647025,-0.22462491601005077,0.42691383661230875,0.08610236253569627,-0.12527469017631077
15.772,0.3268526105837825,0.1578030780235597,-0.22497358410378748,0.42655970737853754,0.08657142673853162,-0.1258493559911625
15.773000000000001,0.32617769528948326,0.15806804063354074,-0.22531847453095002,0.4262055781447657,0.08704049094136782,-0.12642402180601525
15.774000000000001,0.3255051903482561,0.15833066800217135,-0.22565960283715328,0.4258514489109944,0.08750955514420317,-0.126998687620867
15.775,0.3248351306227407,0.15859097055063887,-0.225996984751622,0.4254973196772232,0.08797861934703853,-0.12757335343571874
15.776,0.3241675506049797,0.15884895881194827,-0.22633063618293994,0.425143190443452,0.0884476835498739,-0.12814801925057048
15.777000000000001,0.32350248441565943,0.15910464342978187,-0.2266605732128166,0.42478906120968013,0.08891674775271008,-0.12872268506542325
15.778,0.3228399658026145,0.15935803515324012,-0.22698681209328034,0.42443493197590887,0.08938581195554544,-0.12929735088027497
15.779,0.322180028140187,0.1596091448355809,-0.22730936924062467,0.42408080274213766,0.0898548761583808,-0.1298720166951267
15.780000000000001,0.3215227044282263,0.15985798343069718,-0.22762826123124494,0.4237266735083658,0.09032394036121699,-0.13044668250997948
15.781,0.3208680272912757,0.16010456198998713,-0.227943504797393,0.4233226676270483,0.09079902746049306,-0.13104995231654845
15.782,0.32021602897873536,0.16034889166149008,-0.22825511682217572,0.42291866174573084,0.09127411455976915,-0.13165322212311742
15.783000000000001,0.31956674136450697,0.16059098368565863,-0.22856311433580873,0.4225146558644126,0.09174920165904607,-0.13225649192968744
15.784,0.31892019594656057,0.1608308493930489,-0.2288675145099442,0.4221106499830951,0.09222428875832214,-0.1328597617362564
15.785,0.3182764238460157,0.16106850019982002,-0.2291683346543528,0.4217066441017776,0.09269937585759823,-0.13346303154282538
15.786000000000001,0.3176354558068804,0.16130394760634498,-0.22946559221115828,0.42130263822045944,0.09317446295687515,-0.1340663013493954
15.787,0.316997322195245,0.16153720319286805,-0.2297593047515556,0.42089863233914193,0.09364955005615122,-0.13466957115596437
15.788,0.3163620529990194,0.16176827861758844,-0.23004948997060282,0.4204946264578244,0.0941246371554273,-0.13527284096253334
15.789000000000001,0.31572967782760336,0.16199718561401413,-0.23033616568265453,0.42009062057650626,0.09459972425470423,-0.13587611076910336
15.790000000000001,0.3151002259114163,0.1622239359872706,-0.2306193498176977,0.41968661469518875,0.0950748113539803,-0.13647938057567233
15.791,0.3144737261019882,0.16244854161257785,-0.2308990604164377,0.41923455779698376,0.09556477307402,-0.13712056735595413
15.792000000000002,0.3138502068732147,0.1626710144344816,-0.2311753156272288,0.418782500898778,0.09605473479406058,-0.13776175413623706
15.793000000000001,0.31322969632266795,0.16289136646461688,-0.2314481337007745,0.41833044400057307,0.09654469651410029,-0.13840294091651886
15.794,0.31261222217106094,0.16310960977569297,-0.23171753298707598,0.4178783871023681,0.09703465823414,-0.13904412769680066
15.795,0.31199781176246916,0.16332575650016268,-0.23198353192974908,0.4174263302041631,0.0975246199541797,-0.13968531447708246
15.796000000000001,0.3113864920638785,0.16353981882584806,-0.23224614906302785,0.4169742733059573,0.09801458167422027,-0.14032650125736543
15.797,0.31077828966540477,0.16375180899473474,-0.23250540300628073,0.41652221640775233,0.09850454339425997,-0.14096768803764723
15.798,0.31017323077992076,0.16396173929861577,-0.232761312461176,0.4160701595095474,0.09899450511429968,-0.14160887481792903
15.799000000000001,0.30957134124349445,0.16416962207829888,-0.2330138962060107,0.41561810261134163,0.09948446683434026,-0.14225006159821196
15.8,0.3089726465151877,0.16437546971932146,-0.23326317309294473,0.41516604571313664,0.09997442855437996,-0.14289124837849376
15.801,0.3083771716775374,0.16457929465072813,-0.23350916204268965,0.4147409748968473,0.10042459465700426,-0.14342519723149316
15.802000000000001,0.30778494143613966,0.16478110933999673,-0.2337518820417314,0.41431590408055724,0.10087476075962935,-0.1439591460844935
15.803,0.30719598012025534,0.16498092629323524,-0.23399135213627395,0.4138908332642679,0.10132492686225365,-0.14449309493749288
15.804,0.3066103116827346,0.16517875805057647,-0.2342275914303808,0.41346576244797856,0.10177509296487794,-0.14502704379049228
15.805,0.3060279597008855,0.16537461718539476,-0.23446061908075935,0.4130406916316892,0.10222525906750224,-0.14556099264349168
15.806000000000001,0.3054489473768611,0.16556851630078515,-0.2346904542937934,0.4126156208153991,0.10267542517012734,-0.14609494149649202
15.807,0.3048732975386562,0.16576046802862862,-0.23491711632052192,0.41219054999910976,0.10312559127275163,-0.14662889034949142
15.808,0.30430103264053365,0.1659504850257175,-0.2351406244540627,0.4117654791828204,0.10357575737537593,-0.1471628392024908
15.809000000000001,0.303732174763897,0.16613857997176226,-0.23536099802555915,0.41134040836653035,0.10402592347800102,-0.14769678805549113
15.81,0.30316674561827667,0.16632476556774578,-0.23557825639990507,0.410915337550241,0.10447608958062532,-0.14823073690849053
15.811,0.3026047665420917,0.1665090545328462,-0.23579241897319717,0.4104217266487396,0.10493128994586884,-0.14882157117543138
15.812000000000001,0.30204625850542904,0.16669145960663057,-0.23600350516863594,0.40992811574723736,0.10538649031111318,-0.14941240544237328
15.813,0.3014912421118121,0.16687199354374246,-0.2362115344348095,0.40943450484573596,0.1058416906763567,-0.15000323970931415
15.814,0.3009397375996455,0.16705066911254313,-0.2364165262398615,0.4089408939442346,0.10629689104160023,-0.150594073976255
15.815000000000001,0.3003917648426123,0.16722749909020448,-0.23661850006979604,0.4084472830427323,0.10675209140684455,-0.15118490824319689
15.816,0.2998473433508432,0.1674024962619385,-0.2368174754236442,0.4079536721412309,0.10720729177208807,-0.15177574251013773
15.817,0.2993064922715681,0.1675756734178246,-0.23701347181067708,0.40746006123972955,0.1076624921373316,-0.15236657677707857
15.818000000000001,0.29876923039002784,0.1677470433506641,-0.23720650874687035,0.40696645033822726,0.10811769250257593,-0.15295741104402047
15.819,0.2982355761305829,0.16791661885453324,-0.2373966057508876,0.4064728394367259,0.10857289286781946,-0.15354824531096134
15.82,0.29770554755746975,0.1680844127214365,-0.23758378234167524,0.4059792285352245,0.10902809323306298,-0.15413907957790218
15.821000000000002,0.2971791623762027,0.16825043774070592,-0.23776805803395867,0.4055106655570862,0.10944052428229688,-0.1546633297246793
15.822000000000001,0.2966564379345549,0.1684147066956885,-0.23794945233621642,0.40504210257894874,0.10985295533153006,-0.1551875798714555
15.823,0.29613739122411387,0.16857723236282793,-0.23812798474650593,0.40457353960081127,0.11026538638076322,-0.1557118300182317
15.824,0.2956220388813681,0.16873802750885,-0.2383036747497911,0.4041049766226738,0.1106778174299964,-0.1562360801650079
15.825000000000001,0.29511039718895327,0.16889710488866336,-0.23847654181486272,0.4036364136445355,0.1110902484792303,-0.15676033031178502
15.826,0.29460248207711315,0.16905447724409794,-0.23864660539066468,0.4031678506663981,0.11150267952846347,-0.1572845804585612
15.827,0.29409830912480955,0.16921015730086486,-0.23881388490412486,0.40269928768826063,0.11191511057769665,-0.1578088306053374
15.828000000000001,0.29359789356134447,0.16936415776773103,-0.2389783997562741,0.40223072471012233,0.11232754162693055,-0.15833308075211452
15.829,0.29310125026767353,0.16951649133407004,-0.23914016931973955,0.40176216173198487,0.11273997267616372,-0.1588573308988907
15.83,0.29260839377777925,0.16966717066758855,-0.23929921293616965,0.4012935987538474,0.1131524037253969,-0.1593815810456669
15.831000000000001,0.292119338280473,0.16981620841383013,-0.23945554991244397,0.40077689531560245,0.11358277415407905,-0.1599099713310195
15.832,0.2916340976210878,0.16996361719383707,-0.2396091995191978,0.4002601918773584,0.11401314458276045,-0.16043836161637115
15.833,0.2911526853036394,0.1701094096031115,-0.23976018098732926,0.39974348843911434,0.11444351501144184,-0.1609667519017228
15.834000000000001,0.2906751144923952,0.17025359820932784,-0.2399085135052727,0.3992267850008694,0.114873885440124,-0.1614951421870754
15.835,0.29020139801322575,0.1703961955494226,-0.2400542162171731,0.39871008156262533,0.1153042558688054,-0.16202353247242704
15.836,0.2897315483555522,0.17053721412959,-0.24019730821884017,0.39819337812438127,0.11573462629748678,-0.1625519227577787
15.837,0.2892655776736618,0.17067666642219914,-0.24033780855623804,0.3976766746861372,0.11616499672616817,-0.16308031304313034
15.838000000000001,0.2888034977883874,0.1708145648643583,-0.24047573622273277,0.39715997124789226,0.11659536715485033,-0.16360870332848293
15.839,0.28834532018899045,0.17095092185728142,-0.24061111015576858,0.3966432678096482,0.11702573758353173,-0.16413709361383458
15.84,0.28789105603453813,0.17108574976321952,-0.24074394923556688,0.39612656437140414,0.11745610801221312,-0.16466548389918623
15.841000000000001,0.2874407161559452,0.17121906090532363,-0.2408742722820911,0.39560560405243916,0.11786521685961877,-0.16517221295427734
15.842,0.2869943110591913,0.17135086756947296,-0.24100209805338668,0.39508464373347507,0.11827432570702369,-0.16567894200936756
15.843,0.2865518509281973,0.17148118200056178,-0.2411274452444691,0.39456368341451103,0.1186834345544286,-0.16618567106445775
15.844000000000001,0.28611334562696156,0.17161001640069357,-0.2412503324836762,0.394042723095546,0.11909254340183426,-0.1666924001195489
15.845,0.2856788047011358,0.1717373829268608,-0.24137077833076348,0.39352176277658196,0.11950165224923917,-0.16719912917463908
15.846,0.28524823737946925,0.17186329368863731,-0.24148880127517824,0.39300080245761787,0.11991076109664409,-0.1677058582297293
15.847000000000001,0.2848216525756145,0.1719877607476707,-0.2416044197329932,0.3924798421386529,0.12031986994404974,-0.16821258728482041
15.848,0.28439905888975314,0.17211079611626023,-0.2417176520446595,0.3919588818196888,0.12072897879145465,-0.16871931633991064
15.849,0.28398046460996396,0.17223241175463314,-0.24182851647388853,0.39143792150072476,0.12113808763885958,-0.16922604539500083
15.850000000000001,0.28356587771427694,0.17235261957121584,-0.24193703120422727,0.3909169611817596,0.12154719648626532,-0.16973277445009202
15.851,0.2831553058723253,0.1724714314208604,-0.2420432143375158,0.39031716203334355,0.12200790047933728,-0.17027380294329175
15.852,0.28274875644746844,0.17258885910398541,-0.24214708389260792,0.3897173628849275,0.12246860447240925,-0.17081483143649148
15.853000000000002,0.2823462364992376,0.17270491436583787,-0.2422486578028471,0.38911756373651035,0.12292930846548202,-0.17135585992969218
15.854000000000001,0.28194775278523243,0.17281960889492087,-0.2423479539139287,0.38851776458809434,0.12339001245855398,-0.17189688842289194
15.855,0.2815533117626227,0.17293295432022565,-0.2424449899831793,0.38791796543967827,0.12385071645162594,-0.17243791691609167
15.856,0.28116291959025885,0.17304496221133564,-0.24253978367665374,0.3873181662912622,0.12431142044469791,-0.1729789454092914
15.857000000000001,0.2807765821304949,0.1731556440772078,-0.2426323525673678,0.3867183671428451,0.12477212443777069,-0.1735199739024921
15.858,0.2803943049508887,0.1732650113642853,-0.24272271413413743,0.38611856799442906,0.12523282843084266,-0.17406100239569186
15.859,0.2800160933261447,0.17337307545568212,-0.24281088575964568,0.385518768846013,0.12569353242391462,-0.1746020308888916
15.860000000000001,0.27964195224020527,0.17347984767093075,-0.24289688472813303,0.38491896969759587,0.1261542364169874,-0.1751430593820923
15.861,0.279271886387967,0.17358533926390435,-0.24298072822470043,0.3843667483283587,0.1265524063705625,-0.1756109162725244
15.862,0.27890590017755656,0.1736895614226151,-0.24306243333367175,0.3838145269591215,0.1269505763241376,-0.1760787731629565
15.863000000000001,0.27854399773261884,0.17379252526836944,-0.24314201703690927,0.38326230558988333,0.1273487462777134,-0.17654663005338947
15.864,0.2781861828943279,0.17389424185461955,-0.24321949621224584,0.3827100842206461,0.1277469162312885,-0.17701448694382158
15.865,0.2778324592232621,0.17399472216553652,-0.24329488763240506,0.38215786285140896,0.1281450861848636,-0.17748234383425368
15.866000000000001,0.27748283000136575,0.17409397711500443,-0.24336820796366723,0.3816056414821708,0.1285432561384394,-0.17795020072468662
15.867,0.2771372982341053,0.17419201754650887,-0.24343947376389496,0.3810534201129336,0.1289414260920145,-0.17841805761511872
15.868,0.27679586665232264,0.17428885423162963,-0.24350870148173884,0.3805011987436964,0.1293395960455896,-0.17888591450555086
15.869,0.27645853771422235,0.1743844978690932,-0.2435759074554625,0.3799489773744592,0.1297377659991647,-0.17935377139598296
15.870000000000001,0.2761253136074558,0.174478959084252,-0.2436411079114983,0.37939675600522105,0.1301359359527405,-0.1798216282864159
15.871,0.27579619625128005,0.17457224842883137,-0.24370431896286693,0.37887933439484733,0.13047434708523667,-0.18024492775327003
15.872,0.27547118729850506,0.174664376379373,-0.2437655566087802,0.37836191278447356,0.1308127582177328,-0.18066822722012418
15.873000000000001,0.2751502881376193,0.17475535333652528,-0.24382483673355443,0.3778444911740989,0.13115116935022958,-0.1810915266869791
15.874,0.2748334998949771,0.17484518962498638,-0.24388217510501567,0.3773270695637252,0.13148958048272572,-0.18151482615383321
15.875,0.27452082343679024,0.17493389549258584,-0.24393758737367707,0.3768096479533514,0.13182799161522188,-0.18193812562068734
15.876000000000001,0.2742122593711318,0.17502148110938923,-0.24399108907195718,0.37629222634297677,0.13216640274771865,-0.18236142508754224
15.877,0.27390780804990206,0.17510795656663294,-0.2440426956135959,0.37577480473260305,0.1325048138802148,-0.18278472455439637
15.878,0.2736074695711844,0.1751933318774665,-0.24409242229169734,0.3752573831222293,0.13284322501271095,-0.18320802402125053
15.879000000000001,0.2733112437810715,0.17527761697525812,-0.24414028427876505,0.3747399615118546,0.1331816361452077,-0.18363132348810543
15.88,0.27301913027581687,0.17536082171340522,-0.2441862966256006,0.3742225399014809,0.13352004727770386,-0.18405462295495956
15.881,0.27273112840388586,0.17544295586482767,-0.24423047426096833,0.3736641327086226,0.13387589449979803,-0.18449680250609846
15.882000000000001,0.2724472372691229,0.17552402912440593,-0.2442728319914065,0.37310572551576326,0.13423174172189284,-0.18493898205723816
15.883000000000001,0.27216745573414264,0.17560405110825558,-0.24431338450036233,0.372547318322905,0.134587588943987,-0.18538116160837706
15.884,0.27189178242232703,0.17568303135102808,-0.24435214634802657,0.3719889111300467,0.13494343616608118,-0.185823341159516
15.885000000000002,0.2716202157197959,0.17576097930519868,-0.24438913197065937,0.37143050393718735,0.13529928338817598,-0.18626552071065566
15.886000000000001,0.2713527537773241,0.17583790434069826,-0.24442435567977105,0.370872096744329,0.13565513061027018,-0.18670770026179456
15.887,0.2710893945122519,0.17591381574474171,-0.24445783166121618,0.3703136895514707,0.13601097783236435,-0.1871498798129335
15.888,0.2708301356102897,0.17598872272119095,-0.244489573974726,0.36975528235861244,0.13636682505445852,-0.1875920593640724
15.889000000000001,0.2705749745273669,0.17606263439010106,-0.24451959655336783,0.3691968751657531,0.13672267227655333,-0.1880342389152121
15.89,0.27032390849140886,0.176135559786899,-0.24454791320336344,0.3686384679728948,0.1370785194986475,-0.188476418466351
15.891,0.2700769345045053,0.17620750786328848,-0.24457453760263878,0.3681324749237021,0.13741100366896222,-0.18885516664875882
15.892000000000001,0.2698340493447098,0.17627848748608368,-0.2445994833012486,0.3676264818745085,0.13774348783927753,-0.1892339148311673
15.893,0.26959524956816294,0.17634850743734432,-0.24462276372063194,0.3671204888253159,0.13807597200959226,-0.1896126630135751
15.894,0.2693605315109387,0.17641757641373268,-0.24464439215346526,0.3666144957761232,0.138408456179907,-0.18999141119598292
15.895000000000001,0.2691298912909949,0.17648570302641603,-0.244664381763201,0.36610850272692963,0.1387409403502223,-0.1903701593783914
15.896,0.2689033248100385,0.17655289580060282,-0.24468274558396036,0.36560250967773694,0.139073424520537,-0.19074890756079924
15.897,0.26868082775560803,0.17661916317608436,-0.24469949651968634,0.36509651662854425,0.13940590869085173,-0.19112765574320706
15.898000000000001,0.26846239560288176,0.17668451350652387,-0.2447146473443461,0.3645905235793507,0.13973839286116704,-0.19150640392561555
15.899000000000001,0.26824802361648836,0.17674895505877172,-0.2447282107021678,0.36408453053015805,0.14007087703148177,-0.19188515210802334
15.9,0.26803770685266365,0.17681249601377405,-0.24474019910666864,0.36357853748096536,0.1404033612017965,-0.19226390029043117
15.901,0.2678314401610295,0.1768751444658919,-0.24475062494136202,0.363110132599025,0.14070994235031056,-0.19259292962268934
15.902000000000001,0.26762921818750257,0.176936908425695,-0.24475950045973527,0.3626417277170838,0.14101652349882518,-0.19292195895494813
15.903,0.2674310353771281,0.17699779581884084,-0.24476683778578753,0.3621733228351435,0.14132310464733924,-0.1932509882872063
15.904,0.2672368859761709,0.17705781448520633,-0.24477264891365005,0.36170491795320314,0.1416296857958533,-0.19358001761946447
15.905000000000001,0.2670467640338197,0.17711697217804,-0.2447769457080398,0.361236513071262,0.1419362669443679,-0.19390904695172326
15.906,0.266860663403996,0.1771752765640765,-0.24477973990404941,0.3607681081893216,0.14224284809288196,-0.19423807628398143
15.907,0.26667857774715487,0.17723273522378713,-0.24478104310688242,0.36029970330738126,0.14254942924139602,-0.1945671056162396
15.908000000000001,0.2665005005319653,0.1772893556511279,-0.2447808667920467,0.3598312984254401,0.14285601038991064,-0.19489613494849836
15.909,0.2663264250371015,0.17734514525378345,-0.2447792223052127,0.3593628935434997,0.1431625915384247,-0.19522516428075656
15.91,0.2661563443528844,0.1774001113527295,-0.2447761208626735,0.3588944886615594,0.14346917268693876,-0.19555419361301474
15.911000000000001,0.26599025138321253,0.17745426118321042,-0.2447715735510954,0.3583375885891387,0.14381019352371974,-0.1959183721168057
15.912,0.26582813884795453,0.17750760189624465,-0.24476559132886103,0.35778068851671907,0.1441512143605001,-0.19628255062059605
15.913,0.265669999285808,0.17756014055855895,-0.2447581850261535,0.35722378844429936,0.14449223519728047,-0.19664672912438638
15.914000000000001,0.26551582505618776,0.1776118841516159,-0.24474936534504974,0.3566668883718787,0.14483325603406144,-0.19701090762817736
15.915000000000001,0.2653656083408621,0.17766283957128304,-0.24473914285994433,0.35610998829945906,0.1451742768708418,-0.1973750861319677
15.916,0.2652193411456257,0.17771301362813113,-0.24472752801756623,0.3555530882270394,0.1455152977076222,-0.197739264635758
15.917000000000002,0.2650770153018295,0.17776241304723148,-0.24471453113744507,0.35499618815461875,0.14585631854440317,-0.198103443139549
15.918000000000001,0.2649386224679727,0.17781104446826002,-0.24470016241219233,0.35443928808219904,0.14619733938118354,-0.1984676216433393
15.919,0.2648041541314865,0.1778589144464584,-0.24468443190715736,0.3538823880097794,0.1465383602179639,-0.19883180014712964
15.92,0.2646736016101142,0.1779060294517467,-0.24466734956161015,0.35332548793735974,0.14687938105474427,-0.19919597865091998
15.921000000000001,0.26454695605371925,0.17795239586974007,-0.24464892518853482,0.35285018931208045,0.1471352943838784,-0.19952048314869628
15.922,0.2644242084460879,0.17799802000223458,-0.2446291684752915,0.35237489068680206,0.1473912077130121,-0.19984498764647202
15.923,0.2643053496067699,0.17804290806725553,-0.24460808898418554,0.3518995920615236,0.14764712104214578,-0.20016949214424773
15.924000000000001,0.2641903701927754,0.17808706619930678,-0.2445856961527524,0.3514242934362443,0.14790303437127994,-0.20049399664202405
15.925,0.26407926070009297,0.17813050044913473,-0.2445619992946235,0.35094899481096586,0.14815894770041363,-0.20081850113979977
15.926,0.2639720114654603,0.17817321678471992,-0.24453700759946698,0.35047369618568747,0.14841486102954732,-0.2011430056375755
15.927000000000001,0.26386861266783773,0.17821522109095267,-0.2445107301340198,0.3499983975604082,0.14867077435868145,-0.2014675101353518
15.928,0.2637690543300834,0.17825651917023705,-0.2444831758424235,0.34952309893512973,0.14892668768781514,-0.20179201463312754
15.929,0.263673326320597,0.17829711674297408,-0.24445435354669853,0.34904780030985133,0.14918260101694883,-0.20211651913090325
15.93,0.2635814183548753,0.17833701944766459,-0.24442427194756264,0.3485725016845729,0.14943851434608252,-0.202441023628679
15.931000000000001,0.2634933199971722,0.17837623284149837,-0.24439293962498532,0.3480909761309376,0.14973435244227332,-0.20273590165448482
15.932,0.2634090206623761,0.178414762401383,-0.24436036503890832,0.34760945057730314,0.15003019053846361,-0.20303077968029012
15.933,0.2633285096177852,0.1784526135237978,-0.24432655653034877,0.3471279250236687,0.15032602863465389,-0.20332565770609543
15.934000000000001,0.2632517759848913,0.17848979152572378,-0.24429152232147056,0.34664639947003334,0.1506218667308447,-0.20362053573190123
15.935,0.263178808740697,0.1785263016439152,-0.24425527051719356,0.3461648739163989,0.15091770482703498,-0.20391541375770653
15.936,0.26310959671947526,0.17856214903626796,-0.24421780910516985,0.34568334836276443,0.15121354292322528,-0.20421029178351183
15.937000000000001,0.26304412861424087,0.17859733878195191,-0.244179145956783,0.34520182280912914,0.15150938101941608,-0.20450516980931766
15.938,0.26298239297822745,0.17863187588161467,-0.244139288828123,0.3447202972554947,0.15180521911560638,-0.20480004783512296
15.939,0.2629243782265261,0.17866576525833203,-0.24409824536039892,0.34423877170186024,0.15210105721179665,-0.20509492586092826
15.940000000000001,0.2628700726375507,0.17869901175781613,-0.244056023080978,0.343757246148225,0.1523968953079874,-0.205389803886734
15.941,0.26281946435461606,0.17873162014933644,-0.2440126294042849,0.34332441604147385,0.15264134972106902,-0.2056468673261002
15.942,0.26277254138829015,0.17876359512860926,-0.24396807163332726,0.3428915859347227,0.15288580413415065,-0.20590393076546643
15.943000000000001,0.26272929161895614,0.1787949413173053,-0.24392235696114575,0.34245875582797075,0.15313025854723272,-0.20616099420483308
15.944,0.2626897027985817,0.17882566326286808,-0.2438754924711939,0.34202592572121954,0.15337471296031435,-0.2064180576441993
15.945,0.26265376255205325,0.1788557654384582,-0.24382748513850383,0.3415930956144684,0.15361916737339598,-0.2066751210835655
15.946000000000002,0.2626214583785135,0.17888525224342944,-0.2437783418304939,0.34116026550771644,0.15386362178647806,-0.20693218452293216
15.947000000000001,0.262592777652703,0.17891412800399864,-0.24372806930765162,0.3407274354009653,0.15410807619955968,-0.20718924796229837
15.948,0.2625677076262093,0.17894239697355785,-0.24367667422453995,0.34029460529421407,0.15435253061264131,-0.20744631140166458
15.949,0.2625462354288214,0.17897006333344787,-0.24362416313047494,0.3398617751874629,0.15459698502572294,-0.2077033748410308
15.950000000000001,0.2625283480697583,0.17899713119315327,-0.2435705424707066,0.339428945080711,0.15484143943880502,-0.20796043828039745
15.951,0.2625140324392091,0.17902360459188063,-0.24351581858662066,0.3389948931145882,0.15507021644822433,-0.20821071228946014
15.952,0.2625032753096307,0.17904948749847513,-0.2434599977178365,0.33856084114846535,0.1552989934576436,-0.2084609862985228
15.953000000000001,0.2624960633375516,0.17907478381269384,-0.243403086002597,0.3381267891823418,0.15552777046706331,-0.20871126030758594
15.954,0.2624923830648589,0.17909949736526254,-0.2433450894789404,0.33769273721621895,0.15575654747648263,-0.2089615343166486
15.955,0.26249222092010416,0.1791236319184619,-0.24328601408567244,0.33725868525009617,0.1559853244859019,-0.2092118083257113
15.956000000000001,0.2624955632197912,0.1791471911667259,-0.24322586566336607,0.3368246332839726,0.1562141014953216,-0.20946208233477442
15.957,0.26250239616965615,0.1791701787372494,-0.24316464995538223,0.33639058131784977,0.15644287850474092,-0.2097123563438371
15.958,0.26251270586600345,0.179192598190844,-0.24310237260871934,0.335956529351727,0.1566716555141602,-0.20996263035289978
15.959000000000001,0.26252647829691145,0.17921445302223174,-0.24303903917534123,0.33552247738560337,0.15690043252357994,-0.21021290436196288
15.96,0.26254369934362437,0.1792357466611592,-0.24297465511287342,0.3350884254194806,0.15712920953299922,-0.21046317837102557
15.961,0.26256435478169926,0.17925648247248882,-0.24290922578628907,0.3346984499487399,0.15736166322522122,-0.21066550237847975
15.962,0.2625884302828139,0.17927666375853055,-0.24284275646860065,0.3343084744779992,0.15759411691744318,-0.21086782638593393
15.963000000000001,0.26261591141637564,0.17929629375904477,-0.24277525234245861,0.33391849900725784,0.1578265706096656,-0.21107015039338847
15.964,0.2626467836508634,0.17931537565158134,-0.24270671850117218,0.33352852353651713,0.15805902430188756,-0.21127247440084265
15.965,0.2626810323550664,0.1793339125520757,-0.24263715994984372,0.3331385480657764,0.15829147799410956,-0.21147479840829686
15.966000000000001,0.2627186427993187,0.17935190751560653,-0.24256658160640576,0.33274857259503504,0.15852393168633197,-0.2116771224157514
15.967,0.26275960015664085,0.17936936353680344,-0.24249498830295935,0.33235859712429433,0.15875638537855394,-0.21187944642320558
15.968,0.2628038895040939,0.17938628355121986,-0.24242238478635364,0.3319686216535537,0.15898883907077593,-0.21208177043065976
15.969000000000001,0.26285149582381406,0.1794026704352997,-0.24234877571992391,0.3315786461828123,0.15922129276299832,-0.2122840944381143
15.97,0.26290240400432774,0.1794185270075923,-0.24227416568424145,0.3311886707120716,0.1594537464552203,-0.21248641844556848
15.971,0.26295659884169975,0.17943385602946033,-0.24219855917875074,0.33081904646715166,0.1596562597001213,-0.21268918565600206
15.972000000000001,0.263014065041766,0.17944866020894237,-0.24212196062336855,0.33044942222223106,0.15985877294502263,-0.21289195286643597
15.973,0.2630747872225706,0.17946294220037481,-0.2420443743603142,0.3300797979773111,0.16006128618992363,-0.21309472007686953
15.974,0.2631387499158027,0.17947670460396192,-0.24196580465501652,0.32971017373239114,0.1602637994348246,-0.2132974872873031
15.975000000000001,0.26320593756786204,0.17948994996609402,-0.24188625569741026,0.32934054948747055,0.16046631267972594,-0.21350025449773702
15.976,0.26327633454084276,0.1795026807798498,-0.24180573160313798,0.3289709252425506,0.16066882592462692,-0.2137030217081706
15.977,0.263349925113553,0.17951489948583996,-0.24172423641448904,0.3286013009976307,0.1608713391695279,-0.21390578891860418
15.978000000000002,0.2634266934825936,0.17952660847333018,-0.2416417741011385,0.32823167675271003,0.16107385241442926,-0.2141085561290381
15.979000000000001,0.26350662376319306,0.17953781008026637,-0.24155834856180852,0.3278620525077901,0.16127636565933023,-0.21431132333947164
15.98,0.2635896999903105,0.17954850659442748,-0.24147396362504014,0.32749242826287017,0.1614788789042312,-0.21451409054990522
15.981,0.26367590611960945,0.17955870025387943,-0.2413886230504908,0.32714776160029413,0.16162914834882183,-0.2147185834529946
15.982000000000001,0.2637652260285252,0.17956839324769813,-0.24130233052966393,0.32680309493771753,0.16177941779341273,-0.21492307635608437
15.983,0.2638576435170291,0.179577587716406,-0.24121508968742228,0.3264584282751415,0.16192968723800338,-0.21512756925917378
15.984,0.26395314230871136,0.17958628575337016,-0.241126904082846,0.32611376161256544,0.162079956682594,-0.21533206216226317
15.985000000000001,0.2640517060517879,0.17959448940541978,-0.24103777721058406,0.3257690949499888,0.1622302261271849,-0.21553655506535294
15.986,0.26415331832015215,0.17960220067351748,-0.24094771250217226,0.3254244282874128,0.16238049557177553,-0.21574104796844232
15.987,0.26425796261449186,0.17960942151365808,-0.24085671332718114,0.32507976162483676,0.16253076501636615,-0.2159455408715317
15.988000000000001,0.26436562236348227,0.17961615383808782,-0.2407647829941128,0.3247350949622601,0.16268103446095705,-0.21615003377462147
15.989,0.264476280924719,0.17962239951537967,-0.24067192475224375,0.3243904282996841,0.1628313039055477,-0.21635452667771088
15.99,0.2645899215859355,0.1796281603717517,-0.2405781417924555,0.3240457616371081,0.16298157335013833,-0.21655901958080026
15.991000000000001,0.264706527566003,0.1796334381913915,-0.24048343724886867,0.3237200976161151,0.1631610975842412,-0.21669081263998732
15.992,0.2648260820162107,0.17963823471776558,-0.24038781419958263,0.32339443359512265,0.16334062181834375,-0.21682260569917414
15.993,0.26494856802122757,0.17964255165400553,-0.2402912756683393,0.3230687695741302,0.16352014605244627,-0.21695439875836095
15.994,0.2650739686002035,0.1796463906640161,-0.24019382462559974,0.3227431055531378,0.16369967028654883,-0.2170861918175478
15.995000000000001,0.2652022667078096,0.17964975337315126,-0.24009546398992715,0.3224174415321448,0.1638791945206517,-0.21721798487673483
15.996,0.26533344523535557,0.17965264136920006,-0.23999619662911764,0.32209177751115237,0.16405871875475425,-0.21734977793592164
15.997,0.2654674870117992,0.17965505620287647,-0.23989602536174115,0.32176611349015993,0.1642382429888568,-0.21748157099510848
15.998000000000001,0.2656043748049632,0.1796569993892387,-0.23979495295791922,0.32144044946916694,0.16441776722295967,-0.21761336405429552
15.999,0.26574409132244553,0.17965847240777688,-0.23969298214120122,0.3211147854481745,0.1645972914570622,-0.21774515711348236
16.0,0.2658866192128352,0.17965947670385018,-0.23959011558932558,0.3207891214271821,0.16477681569116476,-0.21787695017266917
16.001,0.2660319410666734,0.179660013689373,-0.23948635593626147,0.32050204122512993,0.16496082653652624,-0.21798030094363352
16.002000000000002,0.2661800394189648,0.17966008474804254,-0.23938170577407847,0.32021496102307784,0.16514483738188776,-0.21808365171459784
16.003,0.2663308967520847,0.17965969123484002,-0.23927616765490767,0.31992788082102674,0.1653288482272486,-0.2181870024855618
16.004,0.26648449549707925,0.17965883447469305,-0.23916974409220557,0.3196408006189746,0.1655128590726101,-0.21829035325652615
16.005,0.2666408180346014,0.17965751576297925,-0.2390624375619009,0.3193537204169235,0.16569686991797095,-0.21839370402749012
16.006,0.2667998466956786,0.17965573636604093,-0.23895425050358243,0.3190666402148714,0.16588088076333246,-0.21849705479845447
16.007,0.26696156376252006,0.179653497522159,-0.23884518532131122,0.31877956001281926,0.16606489160869395,-0.21860040556941882
16.008,0.2671259514691861,0.17965080044192083,-0.238735244384948,0.31849247981076817,0.1662489024540548,-0.21870375634038278
16.009,0.26729299200243506,0.17964764630931454,-0.23862443003090258,0.3182053996087161,0.1664329132994163,-0.2188071071113471
16.01,0.26746266750240266,0.17964403628203002,-0.23851274456356625,0.31791831940666393,0.1666169241447778,-0.21891045788231145
16.011,0.26763496006359266,0.17963997149254773,-0.23840019025539877,0.31766440075963576,0.16675780114614236,-0.21902356884390273
16.012,0.2678098517342506,0.17963545304388942,-0.23828676934765763,0.3174104821126067,0.16689867814750742,-0.21913667980549442
16.013,0.26798732451526663,0.17963048201176393,-0.23817248405086558,0.3171565634655777,0.16703955514887248,-0.2192497907670861
16.014,0.2681673603607687,0.17962505944790158,-0.2380573365457033,0.3169026448185495,0.16718043215023703,-0.21936290172867737
16.015,0.2683499411790481,0.17961918638100732,-0.23794132898436068,0.31664872617152046,0.1673213091516021,-0.21947601269026906
16.016000000000002,0.2685350488336835,0.17961286381767602,-0.23782446349187572,0.3163948075244914,0.16746218615296718,-0.21958912365186076
16.017,0.2687226651447386,0.1796060927432764,-0.23770674216750048,0.3161408888774632,0.16760306315433174,-0.21970223461345204
16.018,0.2689127718900075,0.17959887412297645,-0.23758816708593317,0.3158869702304342,0.1677439401556968,-0.2198153455750437
16.019000000000002,0.26910535080612674,0.17959120890224642,-0.23746874029896414,0.31563305158340516,0.16788481715706186,-0.2199284565366354
16.02,0.26930038358981523,0.17958309800796263,-0.23734846383658972,0.315379132936377,0.16802569415842641,-0.22004156749822668
16.021,0.2694978518991345,0.1795745423506123,-0.2372273397088848,0.3151393883145713,0.16816704627103285,-0.2201381171661665
16.022000000000002,0.26969773735777397,0.17956554283422282,-0.23710536991059036,0.31489964369276563,0.16830839838363928,-0.22023466683410628
16.023,0.2699000215612796,0.17955610035536892,-0.23698255642278984,0.3146598990709608,0.1684497504962452,-0.22033121650204576
16.024,0.2701046860787034,0.17954621579793048,-0.2368589012146193,0.3144201544491551,0.16859110260885163,-0.22042776616998555
16.025000000000002,0.27031171245338376,0.17953589003294002,-0.2367344062443461,0.3141804098273494,0.16873245472145806,-0.22052431583792537
16.026,0.2705210822034214,0.1795251239191384,-0.2366090734599768,0.3139406652055446,0.168873806834064,-0.22062086550586485
16.027,0.27073277682197944,0.17951391830343,-0.2364829047999352,0.3137009205837389,0.16901515894667044,-0.22071741517380464
16.028000000000002,0.2709467777775759,0.1795022740214248,-0.2363559021937062,0.31346117596193324,0.16915651105927684,-0.22081396484174445
16.029,0.27116306651444805,0.17949019189812299,-0.23622806756240824,0.3132214313401284,0.16929786317188278,-0.2209105145096839
16.03,0.2713816244529143,0.17947767274839016,-0.23609940281959513,0.3129816867183227,0.16943921528448921,-0.22100706417762372
16.031000000000002,0.271602432989842,0.17946471737749062,-0.2359699098717899,0.31275057293663194,0.16958035563691756,-0.22106863094923246
16.032,0.27182547349869896,0.17945132658005064,-0.23583959061895257,0.312519459154942,0.16972149598934544,-0.22113019772084094
16.033,0.2720507273293645,0.17943750114115029,-0.23570844695512494,0.3122883453732513,0.1698626363417738,-0.22119176449244968
16.034,0.2722781758085314,0.17942324183771577,-0.235576480769357,0.31205723159156135,0.17000377669420164,-0.22125333126405816
16.035,0.2725078002404706,0.17940854943982204,-0.2354436939461388,0.3118261178098706,0.17014491704662998,-0.2213148980356669
16.036,0.2727395819076291,0.17939342471081438,-0.23531008836683873,0.3115950040281798,0.17028605739905836,-0.22137646480727563
16.037,0.27297350207148124,0.17937786840826264,-0.23517566591045427,0.31136389024648986,0.1704271977514862,-0.22143803157888411
16.038,0.27320954197327857,0.17936188128433378,-0.23504042845486228,0.31113277646479914,0.17056833810391456,-0.22149959835049285
16.039,0.27344768283498283,0.17934546408692734,-0.2349043778774296,0.31090166268310837,0.17070947845634293,-0.22156116512210156
16.04,0.2736879058600764,0.1793286175601787,-0.2347675160561535,0.31067054890141843,0.17085061880877078,-0.22162273189371007
16.041,0.27393019223442405,0.17931134244508581,-0.2346298448706872,0.3104752236066252,0.17096333903679126,-0.22166238332809157
16.042,0.2741745231272476,0.17929363948024,-0.23449136620326444,0.310279898311832,0.1710760592648117,-0.22170203476247308
16.043,0.2744208796920323,0.179275509402568,-0.2343520819396751,0.3100845730170395,0.17118877949283176,-0.22174168619685444
16.044,0.27466924306731705,0.17925695294781924,-0.2342119939704138,0.30988924772224635,0.17130149972085223,-0.22178133763123595
16.045,0.2749195943776165,0.1792379708515315,-0.2340711041913915,0.30969392242745314,0.1714142199488727,-0.22182098906561745
16.046,0.2751719147342342,0.17921856384941254,-0.23392941450513394,0.3094985971326606,0.17152694017689277,-0.2218606404999988
16.047,0.2754261852362007,0.17919873267823055,-0.23378692682153573,0.30930327183786743,0.17163966040491324,-0.2219002919343803
16.048000000000002,0.27568238697110364,0.17917847807624013,-0.23364364305900803,0.3091079465430742,0.1717523806329337,-0.2219399433687618
16.049,0.27594050101606005,0.17915780078417368,-0.2334995651451251,0.3089126212482817,0.17186510086095375,-0.22197959480314317
16.05,0.2762005084384946,0.17913670154536937,-0.2333546950179994,0.3087172959534885,0.17197782108897422,-0.22201924623752467
16.051000000000002,0.2764623902971359,0.17911518110693386,-0.2332090346269871,0.30853681604636657,0.1720832065225139,-0.22204296317449385
16.052,0.2767261276434778,0.1790932402217352,-0.23306258593389081,0.30835633613924524,0.17218859195605324,-0.22206668011146294
16.053,0.2769917015233535,0.1790708796486446,-0.23291535091407686,0.30817585623212324,0.17229397738959293,-0.22209039704843211
16.054000000000002,0.27725909297780416,0.1790481001521263,-0.23276733155765045,0.3079953763250013,0.17239936282313265,-0.2221141139854013
16.055,0.27752828304399013,0.1790249025030221,-0.23261852987005793,0.30781489641787996,0.17250474825667195,-0.22213783092237038
16.056,0.2777992527559642,0.17900128747896457,-0.23246894787301842,0.307634416510758,0.17261013369021166,-0.22216154785933956
16.057000000000002,0.2780719831454687,0.17897725586498972,-0.23231858760527513,0.307453936603636,0.17271551912375135,-0.22218526479630873
16.058,0.27834645524275187,0.17895280845418357,-0.23216745112330592,0.3072734566965147,0.17282090455729068,-0.22220898173327783
16.059,0.27862265007731946,0.17892794604802217,-0.23201554050229184,0.30709297678939274,0.17292628999083037,-0.222232698670247
16.060000000000002,0.2789005486788366,0.17890266945735372,-0.23186285783653068,0.3069124968822709,0.17303167542437015,-0.22225641560721604
16.061,0.27918013207784387,0.17887697950255488,-0.23170940524078007,0.3067655375820207,0.17315812322457402,-0.22223862045582965
16.062,0.27946138130728043,0.1788508770159312,-0.2315551848508973,0.30661857828176997,0.17328457102477837,-0.2222208253044432
16.063000000000002,0.2797442774039017,0.17882436284145578,-0.23140019882517882,0.30647161898151926,0.1734110188249827,-0.22220303015305676
16.064,0.28002880140926817,0.17879743783504173,-0.23124444934471694,0.30632465968126904,0.1735374666251866,-0.2221852350016704
16.065,0.28031493437036054,0.17877010286422,-0.23108793861474544,0.3061777003810183,0.17366391442539092,-0.22216743985028395
16.066,0.2806026573404678,0.1787423588092595,-0.2309306688647521,0.30603074108076816,0.1737903622255948,-0.22214964469889756
16.067,0.2808919513799271,0.1787142065636158,-0.23077264234915415,0.30588378178051745,0.17391681002579915,-0.2221318495475111
16.068,0.2811827975568564,0.17868564703439796,-0.23061386134796244,0.30573682248026673,0.17404325782600347,-0.22211405439612467
16.069,0.28147517694778057,0.178656681142282,-0.23045432816791853,0.3055898631800165,0.17416970562620737,-0.2220962592447383
16.07,0.28176907063855405,0.1786273098226509,-0.23029404514255797,0.3054429038797658,0.1742961534264117,-0.22207846409335186
16.071,0.2820644597250839,0.17859753402585457,-0.23013301463313593,0.3053256623045386,0.17440037545700646,-0.22205472218713057
16.072,0.2823613253144361,0.17856735471826216,-0.22997123902938418,0.3052084207293118,0.17450459748760086,-0.22203098028090937
16.073,0.2826596485260085,0.17853677288283465,-0.22980872075001837,0.3050911791540846,0.17460881951819565,-0.22200723837468808
16.074,0.28295941049221646,0.1785057895188348,-0.2296454622437572,0.3049739375788574,0.17471304154879042,-0.2219834964684668
16.075,0.2832605923593438,0.17847440564257414,-0.22948146598961494,0.30485669600363063,0.17481726357938482,-0.2219597545622456
16.076,0.2835631752882886,0.17844262228774696,-0.22931673449755371,0.30473945442840344,0.1749214856099796,-0.22193601265602428
16.077,0.2838671404552838,0.17841044050568766,-0.229151270309202,0.3046222128531762,0.17502570764057437,-0.221912270749803
16.078,0.2841724690527239,0.17837786136601452,-0.2289850759982158,0.30450497127794945,0.17512992967116878,-0.2218885288435818
16.079,0.2844791422898782,0.17834488595674,-0.22881815417110124,0.3043877297027222,0.17523415170176357,-0.2218647869373605
16.080000000000002,0.2847871413937505,0.17831151538503304,-0.2286505074674588,0.304270488127495,0.17533837373235833,-0.22184104503113922
16.081,0.2850964476100167,0.17827775077825428,-0.2284821385601587,0.30417067830089545,0.17542191297192772,-0.22179914349060714
16.082,0.2854070422040584,0.17824359328425793,-0.22831305015718995,0.30407086847429554,0.1755054522114974,-0.22175724195007493
16.083000000000002,0.2857189064624287,0.17820904407184537,-0.22814324500203226,0.3039710586476956,0.17558899145106713,-0.22171534040954274
16.084,0.2860320216937917,0.1781741043309952,-0.22797272587378123,0.303871248821096,0.1756725306906365,-0.22167343886901067
16.085,0.2863463692296584,0.17813877527304703,-0.22780149558770635,0.3037714389944961,0.1757560699302062,-0.22163153732847846
16.086000000000002,0.28666193042508603,0.17810305813093708,-0.2276295569957757,0.3036716291678962,0.1758396091697759,-0.22158963578794624
16.087,0.286978686659367,0.17806695415938337,-0.2274569129872085,0.3035718193412966,0.17592314840934528,-0.22154773424741417
16.088,0.28729661933677153,0.17803046463527966,-0.2272835664888343,0.30347200951469666,0.176006687648915,-0.22150583270688198
16.089000000000002,0.2876157098872767,0.17799359085804736,-0.22710952046548774,0.30337219968809676,0.1760902268884847,-0.22146393116634977
16.09,0.2879359397673578,0.1779563341501588,-0.22693477792023445,0.3032723898614972,0.17617376612805408,-0.2214220296258177
16.091,0.2882572904607175,0.17791869585740805,-0.22675934189508767,0.30320239549081174,0.17626035333461795,-0.22136254016615117
16.092000000000002,0.28857974347979076,0.1778806773509717,-0.22658321547160296,0.30313240112012635,0.1763469405411818,-0.22130305070648462
16.093,0.288903280367311,0.1778422800271757,-0.22640640177157056,0.3030624067494411,0.17643352774774537,-0.2212435612468183
16.094,0.28922788269709776,0.1778035053068286,-0.22622890395749548,0.30299241237875574,0.17652011495430922,-0.22118407178715177
16.095,0.2895535320747701,0.17776435463549772,-0.22605072523281722,0.3029224180080705,0.1766067021608728,-0.22112458232748544
16.096,0.2898802101383639,0.17772482948352553,-0.22587186884236835,0.30285242363738507,0.17669328936743667,-0.2210650928678189
16.097,0.29020789855907303,0.17768493134673724,-0.22569233807221697,0.3027824292666997,0.17677987657400052,-0.22100560340815237
16.098,0.29053657904192737,0.1776446617467969,-0.22551213624981062,0.30271243489601446,0.1768664637805641,-0.22094611394848604
16.099,0.29086623332623424,0.17760402223048974,-0.22533126674508094,0.30264244052532907,0.17695305098712794,-0.2208866244888195
16.1,0.2911968431863498,0.17756301437042782,-0.22514973297027405,0.3025724461546436,0.1770396381936918,-0.22082713502915297
16.101,0.29152839043244316,0.17752163976555424,-0.22496753837993572,0.3025346347639269,0.17710999829061538,-0.22074562354507918
16.102,0.29186085691134683,0.17747990004160466,-0.22478468647087854,0.30249682337321,0.1771803583875392,-0.2206641120610051
16.103,0.29219422450704663,0.17743779685043023,-0.22460118078328925,0.30245901198249314,0.17725071848446305,-0.22058260057693108
16.104,0.2925284751414751,0.17739533187079723,-0.22441702490046864,0.3024212005917764,0.17732107858138663,-0.2205010890928573
16.105,0.29286359077516205,0.17735250680840012,-0.2242322224492276,0.3023833892010595,0.17739143867831045,-0.22041957760878322
16.106,0.2931995534080106,0.17730932339638344,-0.22404677709982235,0.3023455778103426,0.17746179877523427,-0.22033806612470916
16.107,0.2935363450800025,0.17726578339545693,-0.22386069256623484,0.30230776641962587,0.17753215887215784,-0.22025655464063537
16.108,0.29387394787185117,0.1772218885937557,-0.22367397260667304,0.302269955028909,0.1776025189690817,-0.22017504315656133
16.109,0.29421234390577927,0.17717764080726367,-0.22348662102355454,0.3022321436381921,0.1776728790660055,-0.22009353167248727
16.11,0.2945515153462513,0.17713304187997184,-0.2232986416637079,0.3021943322474754,0.17774323916292908,-0.22001202018841348
16.111,0.2948914444007711,0.17708809368439477,-0.22311003841869284,0.3021803804904849,0.17779862424298332,-0.2199046378385077
16.112000000000002,0.295232113321789,0.17704279812440732,-0.22292081522544863,0.3021664287334944,0.17785400932303752,-0.21979725548860193
16.113,0.29557350440874486,0.17699715713446892,-0.22273097606694028,0.302152476976504,0.17790939440309156,-0.21968987313869653
16.114,0.2959156000088816,0.17695117267833138,-0.2225405249723286,0.3021385252195135,0.17796477948314576,-0.21958249078879077
16.115000000000002,0.29625838251785946,0.17690484674895768,-0.22234946601702205,0.3021245734625231,0.1780201645632,-0.21947510843888499
16.116,0.2966018343802719,0.17685818136844686,-0.22215780332276208,0.30211062170553266,0.17807554964325403,-0.2193677260889796
16.117,0.2969459380902834,0.1768111785886309,-0.2219655410570853,0.3020966699485422,0.17813093472330824,-0.21926034373907383
16.118000000000002,0.2972906761921018,0.17676384049100777,-0.22177268343340065,0.3020827181915517,0.17818631980336247,-0.21915296138916804
16.119,0.29763603128028043,0.17671616918583885,-0.2215792347118283,0.30206876643456126,0.17824170488341648,-0.21904557903926267
16.12,0.29798198600042713,0.17666816681293013,-0.22138519919849864,0.3020548146775708,0.1782970899634707,-0.21893819668935688
16.121000000000002,0.29832852304993174,0.17661983554246538,-0.22119058124497396,0.30206450761898246,0.17837488484167377,-0.21879404652730308
16.122,0.2986756251788938,0.17657117757529614,-0.22099538524905812,0.30207420056039413,0.17845267971987655,-0.21864989636524979
16.123,0.2990232751910787,0.17652219514207584,-0.22079961565549933,0.30208389350180587,0.17853047459807958,-0.21850574620319602
16.124000000000002,0.299371455944726,0.17647289050380705,-0.22060327695502777,0.30209358644321754,0.17860826947628264,-0.21836159604114222
16.125,0.2997201503530481,0.17642326595161956,-0.22040637368443755,0.3021032793846292,0.17868606435448542,-0.21821744587908892
16.126,0.30006934138474334,0.1763733238067198,-0.22020891042652774,0.3021129723260409,0.17876385923268848,-0.21807329571703513
16.127000000000002,0.30041901206442534,0.176323066420032,-0.2200108918103334,0.30212266526745263,0.17884165411089153,-0.21792914555498133
16.128,0.30076914547319367,0.17627249617236632,-0.219812322510861,0.3021323582088643,0.1789194489890943,-0.21778499539292806
16.129,0.30111972474923904,0.17622161547469548,-0.2196132072487178,0.302142051150276,0.17899724386729735,-0.21764084523087426
16.13,0.3014707330883836,0.17617042676814917,-0.2194135507900078,0.30215174409168766,0.17907503874550013,-0.21749669506882097
16.131,0.3018221537445669,0.17611893252358493,-0.2192133579465703,0.3021756296642505,0.17913035718169973,-0.2173726308069736
16.132,0.3021739700305217,0.17606713524170248,-0.2190126335755854,0.3021995152368134,0.1791856756178993,-0.21724856654512623
16.133,0.3025261653182831,0.1760150374529412,-0.21881138257960414,0.3022234008093761,0.1792409940540987,-0.2171245022832793
16.134,0.30287872303981395,0.1759626417179602,-0.21860960990603792,0.302247286381939,0.17929631249029832,-0.21700043802143193
16.135,0.3032316266874686,0.1759099506272348,-0.2184073205473912,0.3022711719545018,0.17935163092649792,-0.21687637375958457
16.136,0.3035848598145966,0.17585696680112098,-0.2182045195410366,0.30229505752706454,0.1794069493626973,-0.21675230949773766
16.137,0.3039384060360917,0.17580369288963313,-0.2180012119692467,0.3023189430996274,0.1794622677988969,-0.21662824523589028
16.138,0.3042922490289961,0.17575013157249128,-0.21779740295897113,0.30234282867219026,0.1795175862350965,-0.21650418097404292
16.139,0.3046463725332255,0.1756962855596326,-0.217593097681156,0.30236671424475303,0.17957290467129589,-0.21638011671219598
16.14,0.3050007603520947,0.17564215759084864,-0.217388301350867,0.30239059981731586,0.1796282231074955,-0.21625605245034862
16.141000000000002,0.30535539635278103,0.1755877504352418,-0.2171830192280847,0.3024424307139456,0.17967395250910334,-0.21609382003120448
16.142,0.30571026446836685,0.1755330668943894,-0.21697725661766007,0.3024942616105752,0.17971968191071105,-0.2159315876120609
16.143,0.3060653487002695,0.17547810980304052,-0.21677101886795433,0.30254609250720493,0.1797654113123189,-0.21576935519291676
16.144000000000002,0.30642063311836437,0.1754228820253061,-0.21656431137271467,0.3025979234038347,0.1798111407139268,-0.2156071227737726
16.145,0.3067761018614941,0.1753673864545773,-0.21635713957053673,0.30264975430046426,0.17985687011553447,-0.21544489035462905
16.146,0.30713173913808756,0.17531162601445954,-0.21614950894342982,0.302701585197094,0.17990259951714233,-0.2152826579354849
16.147000000000002,0.30748752922644174,0.17525560365846587,-0.2159414250165579,0.30275341609372375,0.1799483289187502,-0.21512042551634075
16.148,0.307843456474761,0.1751993223686126,-0.21573289335901916,0.3028052469903533,0.1799940583203579,-0.2149581930971972
16.149,0.3081995053017031,0.175142785156172,-0.21552391958259695,0.3028570778869831,0.18003978772196577,-0.21479596067805304
16.150000000000002,0.3085556601967406,0.17508599506160546,-0.21531450934129517,0.30290890878361293,0.18008551712357362,-0.21463372825890883
16.151,0.30891190572051547,0.1750289551542633,-0.21510466833102135,0.3029812491016501,0.18013031035127675,-0.21445407966489793
16.152,0.30926822650509306,0.17497166853145435,-0.21489440228952086,0.30305358941968746,0.18017510357898,-0.21427443107088637
16.153000000000002,0.30962460725423335,0.17491413831852587,-0.21468371699590277,0.3031259297377249,0.1802198968066833,-0.21409478247687483
16.154,0.30998103274384853,0.1748563676694116,-0.21447261826978967,0.30319827005576205,0.18026469003438642,-0.2139151338828639
16.155,0.31033748782228304,0.1747983597659923,-0.21426111197142586,0.30327061037379943,0.1803094832620897,-0.21373548528885236
16.156000000000002,0.3106939574107421,0.17474011781798346,-0.21404920400127883,0.30334295069183687,0.180354276489793,-0.2135558366948408
16.157,0.31105042650372605,0.17468164506273698,-0.21383690029970834,0.303415291009874,0.1803990697174961,-0.21337618810082987
16.158,0.31140688016952006,0.1746229447652382,-0.21362420684644073,0.3034876313279114,0.18044386294519937,-0.21319653950681833
16.159,0.3117633035506488,0.174564020218001,-0.21341112966014114,0.30355997164594856,0.1804886561729025,-0.2130168909128074
16.16,0.31211968186427885,0.17450487474063323,-0.21319767479827603,0.303632311963986,0.18053344940060578,-0.21283724231879586
16.161,0.31247600040269496,0.174445511679799,-0.21298384835705503,0.30373184851257357,0.1805602298671921,-0.21265567172965918
16.162,0.31283224453507885,0.1743859344117261,-0.21276965647128768,0.30383138506116075,0.18058701033377833,-0.21247410114052312
16.163,0.31318839970940193,0.17432614634178947,-0.2125551053137732,0.30393092160974833,0.18061379080036463,-0.21229253055138644
16.164,0.31354445145265386,0.1742661509019732,-0.2123402010958517,0.30403045815833585,0.18064057126695096,-0.21211095996224977
16.165,0.3139003853711685,0.1742059515505176,-0.2121249500668401,0.3041299947069231,0.18066735173353718,-0.21192938937311373
16.166,0.31425618715098796,0.17414555177219912,-0.211909358512923,0.30422953125551067,0.18069413220012348,-0.21174781878397703
16.167,0.3146118425581402,0.174084955078438,-0.21169343275622274,0.3043290678040982,0.1807209126667098,-0.21156624819484035
16.168,0.3149673374384584,0.1740241650053763,-0.21147717915583117,0.30442860435268543,0.18074769313329603,-0.2113846776057043
16.169,0.3153226577179336,0.17396318511422462,-0.211260604106662,0.30452814090127295,0.18077447359988233,-0.2112031070165676
16.17,0.31567778940332913,0.17390201899275468,-0.2110437140372052,0.3046276774498605,0.18080125406646866,-0.21102153642743093
16.171,0.3160327185819371,0.17384067025286676,-0.2108265154111563,0.3047543592172243,0.18083930848103635,-0.21081606545205686
16.172,0.31638743142220527,0.17377914253085966,-0.2106090147268743,0.3048810409845886,0.18087736289560416,-0.21061059447668207
16.173000000000002,0.31674191417460873,0.17371743948849042,-0.21039121851552564,0.30500772275195287,0.180915417310172,-0.21040512350130725
16.174,0.3170961531717585,0.17365556481196898,-0.21017313334102894,0.3051344045193167,0.1809534717247397,-0.21019965252593317
16.175,0.31745013482830914,0.173593522210271,-0.20995476580083475,0.30526108628668097,0.18099152613930752,-0.20999418155055838
16.176000000000002,0.31780384564148256,0.1735313154162086,-0.20973612252404467,0.3053877680540452,0.18102958055387533,-0.20978871057518358
16.177,0.318157272191309,0.17346894818620076,-0.2095172101707851,0.3055144498214091,0.18106763496844303,-0.2095832395998095
16.178,0.3185104011406865,0.1734064242992259,-0.20929803543238235,0.3056411315887733,0.18110568938301086,-0.2093777686244347
16.179000000000002,0.31886321923560373,0.1733437475565136,-0.20907860503082812,0.3057678133561376,0.18114374379757867,-0.2091722976490599
16.18,0.3192157133055341,0.17328092178190407,-0.20885892571757997,0.3058944951235014,0.18118179821214636,-0.20896682667368582
16.181,0.31956787026366823,0.1732179508214169,-0.208639004273292,0.30603510303686854,0.18121819642408113,-0.20874937855437284
16.182000000000002,0.3199196771075908,0.17315483854328706,-0.20841884750793205,0.3061757109502357,0.1812545946360159,-0.20853193043505985
16.183,0.32027112092012566,0.1730915888377851,-0.2081984622599718,0.30631631886360233,0.18129099284795056,-0.20831448231574762
16.184,0.3206221888696439,0.17302820561683552,-0.20797785539543842,0.3064569267769695,0.18132739105988532,-0.20809703419643463
16.185000000000002,0.32097286821006,0.1729646928128658,-0.20775703380807511,0.3065975346903367,0.1813637892718201,-0.20787958607712165
16.186,0.3213231462810425,0.17290105437866854,-0.20753600441852363,0.3067381426037033,0.18140018748375475,-0.20766213795780944
16.187,0.3216730105082053,0.17283729428722266,-0.2073147741735489,0.3068787505170705,0.18143658569568952,-0.20744468983849645
16.188000000000002,0.32202244840328664,0.1727734165315064,-0.2070933500452813,0.3070193584304376,0.18147298390762429,-0.20722724171918344
16.189,0.32237144756419267,0.17270942512364912,-0.2068717390311077,0.30715996634380427,0.18150938211955894,-0.20700979359987123
16.19,0.32271999567518056,0.172645324094677,-0.2066499481529761,0.3073005742571714,0.1815457803314937,-0.20679234548055825
16.191,0.323068080507152,0.17258111749469462,-0.20642798445627616,0.3074742833564748,0.18158567106522616,-0.20655452765771248
16.192,0.32341568991789243,0.17251680939213218,-0.2062058550096394,0.3076479924557789,0.18162556179895875,-0.20631670983486589
16.193,0.32376281185224465,0.17245240387317737,-0.20598356690461467,0.3078217015550829,0.18166545253269134,-0.2060788920120193
16.194,0.3241094343422426,0.17238790504150842,-0.20576112725498893,0.3079954106543864,0.1817053432664238,-0.20584107418917352
16.195,0.3244555455074512,0.17232331701884124,-0.20553854319527454,0.30816911975369043,0.18174523400015638,-0.20560325636632693
16.196,0.32480113355482,0.1722586439433395,-0.2053158218813324,0.30834282885299447,0.18178512473388897,-0.20536543854348033
16.197,0.32514618677884644,0.172193889969321,-0.20509297048969502,0.30851653795229794,0.18182501546762142,-0.20512762072063456
16.198,0.3254906935619414,0.17212905926782657,-0.20486999621602442,0.308690247051602,0.181864906201354,-0.20488980289778796
16.199,0.32583464237453813,0.17206415602613825,-0.20464690627462168,0.30886395615090606,0.1819047969350866,-0.20465198507494137
16.2,0.3261780217748867,0.1719991844458649,-0.20442370789936332,0.3090376652502095,0.18194468766881905,-0.2044141672520956
16.201,0.32652082040966857,0.17193414874452334,-0.2042004083418747,0.30920495254453106,0.18197658289363794,-0.20419569331567222
16.202,0.3268630270164284,0.1718690531597886,-0.2039770148708342,0.30937223983885265,0.1820084781184568,-0.20397721937924887
16.203,0.3272046304252592,0.17180390194545753,-0.2037535347741835,0.3095395271331736,0.18204037334327558,-0.20375874544282627
16.204,0.32754561955930694,0.1717386993705658,-0.20352997535683962,0.3097068144274952,0.18207226856809447,-0.20354027150640291
16.205000000000002,0.3278859834347533,0.1716734497190218,-0.20330634393956298,0.30987410172181673,0.18210416379291336,-0.20332179756997953
16.206,0.3282257111602815,0.17160815728770373,-0.20308264785951127,0.3100413890161377,0.1821360590177321,-0.20310332363355693
16.207,0.3285647919368367,0.1715428263860956,-0.20285889446928318,0.3102086763104593,0.182167954242551,-0.20288484969713358
16.208000000000002,0.3289032150577511,0.17147746133759664,-0.20263509113431014,0.31037596360478087,0.1821998494673699,-0.2026663757607102
16.209,0.32924096990799423,0.17141206647685905,-0.20241124523427823,0.31054325089910184,0.18223174469218864,-0.20244790182428762
16.21,0.32957804596414614,0.17134664615020126,-0.20218736416147157,0.3107105381934234,0.18226363991700753,-0.20222942788786424
16.211000000000002,0.32991443279430943,0.17128120471561967,-0.2019634553193309,0.3109209529373448,0.18228485578746034,-0.20198735028374562
16.212,0.3302501200573668,0.17121574654055066,-0.20173952612221574,0.3111313676812654,0.18230607165791307,-0.20174527267962786
16.213,0.3305850975022432,0.1711502760014811,-0.2015155839949362,0.31134178242518673,0.18232728752836588,-0.2015031950755092
16.214000000000002,0.33091935496790376,0.17108479748508873,-0.20129163637107778,0.3115521971691081,0.1823485033988187,-0.20126111747139058
16.215,0.33125288238314476,0.1710193153874535,-0.2010676906927793,0.31176261191302873,0.18236971926927142,-0.20101903986727282
16.216,0.3315856697664341,0.17095383411315226,-0.2008437544105979,0.3119730266569501,0.18239093513972424,-0.2007769622631542
16.217000000000002,0.3319177072260663,0.17088835807562855,-0.20061983498208333,0.31218344140087145,0.18241215101017705,-0.20053488465903557
16.218,0.33224898496014926,0.1708228916967224,-0.20039593987119445,0.31239385614479204,0.18243336688062978,-0.20029280705491778
16.219,0.3325794932564474,0.17075743940555957,-0.2001720765483732,0.3126042708887134,0.1824545827510826,-0.20005072945079916
16.22,0.3329092224925127,0.1706920056387597,-0.19994825248927925,0.31281468563263404,0.18247579862153532,-0.1998086518466814
