0,0.000000,0.359144,0.302745,0.262869,0.300358,0.276593,0.210957,0.257410,0.172474,0.182575,0.248168,0.056679,0.179685,0.232789,0.256370,0.188228
1,0.004167,0.359135,0.302742,0.262885,0.300365,0.276582,0.210961,0.257408,0.172475,0.182571,0.248167,0.056679,0.179690,0.232792,0.256372,0.188218
2,0.008333,0.359117,0.302744,0.262903,0.300368,0.276579,0.210961,0.257411,0.172476,0.182570,0.248168,0.056683,0.179688,0.232798,0.256373,0.188212
3,0.012500,0.359119,0.302732,0.262914,0.300366,0.276574,0.210960,0.257409,0.172475,0.182570,0.248170,0.056681,0.179687,0.232800,0.256375,0.188203
4,0.016667,0.359103,0.302734,0.262931,0.300371,0.276573,0.210961,0.257414,0.172475,0.182562,0.248166,0.056677,0.179687,0.232805,0.256373,0.188196
5,0.020833,0.359096,0.302727,0.262948,0.300374,0.276572,0.210960,0.257410,0.172467,0.182552,0.248170,0.056677,0.179686,0.232808,0.256372,0.188190
6,0.025000,0.359090,0.302722,0.262958,0.300375,0.276568,0.210962,0.257410,0.172466,0.182549,0.248169,0.056680,0.179684,0.232811,0.256371,0.188183
7,0.029167,0.359087,0.302715,0.262968,0.300377,0.276567,0.210963,0.257416,0.172475,0.182551,0.248165,0.056679,0.179689,0.232814,0.256371,0.188179
8,0.033333,0.359080,0.302710,0.262976,0.300378,0.276566,0.210959,0.257420,0.172468,0.182551,0.248169,0.056677,0.179684,0.232819,0.256367,0.188174
9,0.037500,0.359074,0.302705,0.262984,0.300381,0.276564,0.210962,0.257400,0.172475,0.182550,0.248167,0.056675,0.179683,0.232821,0.256367,0.188169
10,0.041667,0.359070,0.302699,0.262990,0.300381,0.276565,0.210961,0.257417,0.172463,0.182540,0.248166,0.056679,0.179684,0.232821,0.256366,0.188168
11,0.045833,0.359070,0.302697,0.262993,0.300381,0.276564,0.210957,0.257418,0.172467,0.182544,0.248167,0.056676,0.179679,0.232823,0.256365,0.188165
12,0.050000,0.359068,0.302694,0.262996,0.300382,0.276564,0.210958,0.257423,0.172466,0.182539,0.248168,0.056675,0.179679,0.232829,0.256362,0.188162
13,0.054167,0.359068,0.302693,0.262996,0.300381,0.276563,0.210960,0.257404,0.172473,0.182538,0.248170,0.056674,0.179676,0.232825,0.256365,0.188158
14,0.058333,0.359071,0.302691,0.262993,0.300382,0.276562,0.210958,0.257420,0.172461,0.182526,0.248169,0.056675,0.179677,0.232826,0.256365,0.188158
15,0.062500,0.359075,0.302692,0.262990,0.300381,0.276560,0.210959,0.257420,0.172459,0.182528,0.248170,0.056674,0.179677,0.232825,0.256364,0.188159
16,0.066667,0.359077,0.302692,0.262984,0.300381,0.276560,0.210959,0.257418,0.172457,0.182528,0.248170,0.056671,0.179677,0.232825,0.256365,0.188157
17,0.070833,0.359082,0.302694,0.262979,0.300381,0.276559,0.210958,0.257420,0.172467,0.182539,0.248170,0.056669,0.179674,0.232824,0.256364,0.188157
18,0.075000,0.359087,0.302696,0.262972,0.300380,0.276559,0.210959,0.257418,0.172466,0.182544,0.248168,0.056671,0.179676,0.232826,0.256363,0.188162
19,0.079167,0.359089,0.302698,0.262965,0.300379,0.276558,0.210962,0.257413,0.172462,0.182536,0.248167,0.056671,0.179682,0.232818,0.256366,0.188165
20,0.083333,0.359094,0.302702,0.262956,0.300377,0.276561,0.210961,0.257412,0.172463,0.182536,0.248169,0.056671,0.179681,0.232816,0.256368,0.188170
21,0.087500,0.359097,0.302706,0.262947,0.300376,0.276562,0.210960,0.257414,0.172468,0.182549,0.248168,0.056673,0.179685,0.232815,0.256369,0.188175
22,0.091667,0.359104,0.302708,0.262939,0.300373,0.276563,0.210960,0.257411,0.172470,0.182555,0.248167,0.056672,0.179686,0.232807,0.256372,0.188182
23,0.095833,0.359109,0.302710,0.262927,0.300371,0.276565,0.210961,0.257404,0.172465,0.182552,0.248167,0.056670,0.179689,0.232804,0.256371,0.188190
24,0.100000,0.359116,0.302715,0.262917,0.300370,0.276570,0.210961,0.257390,0.172475,0.182562,0.248167,0.056675,0.179692,0.232804,0.256367,0.188198
25,0.104167,0.359128,0.302710,0.262908,0.300369,0.276573,0.210960,0.257384,0.172470,0.182557,0.248168,0.056670,0.179690,0.232798,0.256372,0.188207
26,0.108333,0.359128,0.302717,0.262898,0.300367,0.276575,0.210958,0.257383,0.172471,0.182563,0.248169,0.056673,0.179690,0.232795,0.256370,0.188211
27,0.112500,0.359141,0.302714,0.262884,0.300366,0.276577,0.210958,0.257402,0.172463,0.182566,0.248167,0.056672,0.179693,0.232792,0.256369,0.188219
28,0.116667,0.359147,0.302712,0.262874,0.300365,0.276579,0.210958,0.257388,0.172474,0.182580,0.248168,0.056671,0.179695,0.232788,0.256369,0.188230
29,0.120833,0.359153,0.302716,0.262862,0.300360,0.276586,0.210954,0.257405,0.172467,0.182580,0.248172,0.056671,0.179690,0.232785,0.256367,0.188234
30,0.125000,0.359161,0.302717,0.262848,0.300360,0.276585,0.210954,0.257404,0.172470,0.182578,0.248170,0.056673,0.179688,0.232782,0.256366,0.188239
31,0.129167,0.359168,0.302720,0.262838,0.300353,0.276595,0.210947,0.257404,0.172467,0.182584,0.248173,0.056669,0.179688,0.232778,0.256366,0.188245
32,0.133333,0.359191,0.302712,0.262804,0.300352,0.276597,0.210947,0.257387,0.172473,0.182587,0.248177,0.056671,0.179684,0.232773,0.256363,0.188250
33,0.137500,0.359196,0.302713,0.262794,0.300347,0.276599,0.210947,0.257403,0.172468,0.182587,0.248172,0.056670,0.179688,0.232771,0.256364,0.188258
34,0.141667,0.359200,0.302720,0.262783,0.300347,0.276599,0.210947,0.257403,0.172467,0.182590,0.248173,0.056670,0.179686,0.232769,0.256363,0.188262
35,0.145833,0.359205,0.302720,0.262774,0.300345,0.276600,0.210947,0.257402,0.172473,0.182588,0.248174,0.056669,0.179691,0.232766,0.256363,0.188265
36,0.150000,0.359209,0.302721,0.262765,0.300343,0.276602,0.210947,0.257403,0.172473,0.182587,0.248175,0.056670,0.179687,0.232764,0.256361,0.188271
37,0.154167,0.359214,0.302724,0.262759,0.300344,0.276603,0.210947,0.257404,0.172467,0.182596,0.248174,0.056671,0.179690,0.232763,0.256361,0.188276
38,0.158333,0.359217,0.302723,0.262752,0.300343,0.276604,0.210949,0.257404,0.172467,0.182597,0.248176,0.056672,0.179692,0.232761,0.256363,0.188279
39,0.162500,0.359222,0.302727,0.262749,0.300343,0.276607,0.210948,0.257402,0.172471,0.182602,0.248173,0.056672,0.179696,0.232763,0.256364,0.188280
40,0.166667,0.359226,0.302726,0.262744,0.300343,0.276607,0.210948,0.257403,0.172470,0.182600,0.248174,0.056671,0.179693,0.232761,0.256363,0.188281
41,0.170833,0.359225,0.302723,0.262746,0.300342,0.276605,0.210949,0.257398,0.172461,0.182592,0.248172,0.056670,0.179702,0.232761,0.256361,0.188282
42,0.175000,0.359228,0.302725,0.262742,0.300343,0.276606,0.210948,0.257401,0.172471,0.182600,0.248172,0.056669,0.179700,0.232757,0.256361,0.188286
43,0.179167,0.359225,0.302722,0.262745,0.300341,0.276604,0.210950,0.257398,0.172467,0.182603,0.248171,0.056668,0.179700,0.232759,0.256363,0.188288
44,0.183333,0.359227,0.302720,0.262746,0.300339,0.276604,0.210952,0.257380,0.172473,0.182601,0.248170,0.056668,0.179702,0.232759,0.256361,0.188282
45,0.187500,0.359225,0.302720,0.262749,0.300341,0.276603,0.210950,0.257380,0.172476,0.182602,0.248171,0.056669,0.179700,0.232759,0.256362,0.188283
46,0.191667,0.359222,0.302718,0.262755,0.300342,0.276603,0.210952,0.257396,0.172466,0.182604,0.248170,0.056669,0.179701,0.232759,0.256361,0.188281
47,0.195833,0.359218,0.302715,0.262761,0.300342,0.276601,0.210952,0.257379,0.172476,0.182603,0.248167,0.056669,0.179699,0.232760,0.256365,0.188280
48,0.200000,0.359213,0.302714,0.262769,0.300345,0.276598,0.210954,0.257399,0.172467,0.182597,0.248170,0.056669,0.179696,0.232763,0.256365,0.188274
49,0.204167,0.359210,0.302710,0.262775,0.300345,0.276597,0.210955,0.257397,0.172467,0.182603,0.248167,0.056670,0.179698,0.232765,0.256368,0.188272
50,0.208333,0.359204,0.302706,0.262785,0.300346,0.276598,0.210952,0.257378,0.172476,0.182605,0.248165,0.056670,0.179702,0.232765,0.256363,0.188273
51,0.212500,0.359199,0.302703,0.262798,0.300347,0.276596,0.210955,0.257398,0.172470,0.182599,0.248169,0.056669,0.179694,0.232768,0.256366,0.188267
52,0.216667,0.359195,0.302700,0.262808,0.300351,0.276593,0.210959,0.257382,0.172474,0.182600,0.248166,0.056670,0.179694,0.232771,0.256366,0.188262
53,0.220833,0.359174,0.302709,0.262843,0.300347,0.276588,0.210960,0.257399,0.172469,0.182593,0.248167,0.056668,0.179694,0.232773,0.256366,0.188260
54,0.225000,0.359167,0.302705,0.262855,0.300355,0.276583,0.210959,0.257404,0.172463,0.182591,0.248167,0.056670,0.179695,0.232776,0.256364,0.188256
55,0.229167,0.359162,0.302702,0.262865,0.300353,0.276589,0.210959,0.257402,0.172460,0.182593,0.248166,0.056667,0.179691,0.232777,0.256364,0.188253
56,0.233333,0.359157,0.302699,0.262876,0.300359,0.276579,0.210964,0.257403,0.172462,0.182591,0.248167,0.056669,0.179693,0.232782,0.256363,0.188248
57,0.237500,0.359149,0.302697,0.262891,0.300359,0.276579,0.210966,0.257405,0.172464,0.182585,0.248168,0.056669,0.179691,0.232785,0.256365,0.188245
58,0.241667,0.359144,0.302697,0.262900,0.300359,0.276570,0.210969,0.257405,0.172462,0.182586,0.248166,0.056672,0.179690,0.232788,0.256365,0.188238
59,0.245833,0.359137,0.302693,0.262912,0.300365,0.276574,0.210971,0.257406,0.172463,0.182585,0.248164,0.056673,0.179691,0.232789,0.256364,0.188233
60,0.250000,0.359132,0.302693,0.262919,0.300365,0.276572,0.210974,0.257406,0.172464,0.182580,0.248165,0.056674,0.179690,0.232792,0.256367,0.188227
61,0.254167,0.359119,0.302697,0.262933,0.300367,0.276570,0.210976,0.257407,0.172464,0.182575,0.248163,0.056673,0.179689,0.232795,0.256366,0.188220
62,0.258333,0.359121,0.302691,0.262939,0.300365,0.276571,0.210978,0.257404,0.172465,0.182579,0.248164,0.056675,0.179689,0.232797,0.256368,0.188215
63,0.262500,0.359115,0.302692,0.262945,0.300366,0.276566,0.210982,0.257404,0.172464,0.182574,0.248161,0.056675,0.179685,0.232800,0.256367,0.188211
64,0.266667,0.359112,0.302689,0.262949,0.300367,0.276564,0.210981,0.257387,0.172472,0.182575,0.248162,0.056675,0.179684,0.232800,0.256370,0.188205
65,0.270833,0.359099,0.302693,0.262960,0.300368,0.276562,0.210982,0.257407,0.172466,0.182571,0.248163,0.056675,0.179683,0.232799,0.256370,0.188200
66,0.275000,0.359093,0.302695,0.262966,0.300368,0.276561,0.210983,0.257405,0.172466,0.182568,0.248164,0.056675,0.179677,0.232802,0.256370,0.188193
67,0.279167,0.359089,0.302694,0.262971,0.300363,0.276556,0.210984,0.257408,0.172466,0.182564,0.248165,0.056674,0.179679,0.232805,0.256366,0.188189
68,0.283333,0.359083,0.302693,0.262977,0.300366,0.276559,0.210985,0.257407,0.172467,0.182565,0.248165,0.056672,0.179673,0.232804,0.256371,0.188187
69,0.287500,0.359078,0.302694,0.262982,0.300361,0.276556,0.210985,0.257409,0.172466,0.182563,0.248164,0.056673,0.179674,0.232803,0.256369,0.188185
70,0.291667,0.359075,0.302693,0.262986,0.300365,0.276560,0.210984,0.257388,0.172466,0.182553,0.248167,0.056673,0.179672,0.232804,0.256368,0.188182
71,0.295833,0.359072,0.302693,0.262992,0.300361,0.276558,0.210984,0.257413,0.172464,0.182559,0.248166,0.056674,0.179673,0.232805,0.256369,0.188182
72,0.300000,0.359065,0.302695,0.262996,0.300361,0.276559,0.210984,0.257413,0.172464,0.182557,0.248166,0.056676,0.179671,0.232808,0.256364,0.188183
73,0.304167,0.359063,0.302697,0.262999,0.300359,0.276561,0.210985,0.257413,0.172465,0.182558,0.248167,0.056675,0.179671,0.232804,0.256366,0.188181
74,0.308333,0.359060,0.302701,0.262998,0.300364,0.276565,0.210983,0.257416,0.172466,0.182556,0.248169,0.056677,0.179673,0.232806,0.256364,0.188182
75,0.312500,0.359057,0.302705,0.262997,0.300361,0.276568,0.210979,0.257396,0.172474,0.182557,0.248166,0.056677,0.179669,0.232802,0.256369,0.188184
76,0.316667,0.359057,0.302709,0.262996,0.300355,0.276565,0.210983,0.257415,0.172470,0.182551,0.248169,0.056677,0.179672,0.232800,0.256367,0.188181
77,0.320833,0.359056,0.302713,0.262994,0.300351,0.276571,0.210979,0.257396,0.172476,0.182556,0.248167,0.056680,0.179675,0.232800,0.256368,0.188183
78,0.325000,0.359057,0.302720,0.262987,0.300347,0.276579,0.210975,0.257412,0.172471,0.182553,0.248166,0.056680,0.179670,0.232797,0.256367,0.188183
79,0.329167,0.359057,0.302722,0.262984,0.300347,0.276582,0.210977,0.257409,0.172471,0.182559,0.248169,0.056678,0.179672,0.232796,0.256369,0.188183
80,0.333333,0.359060,0.302727,0.262975,0.300344,0.276583,0.210972,0.257410,0.172471,0.182555,0.248168,0.056677,0.179674,0.232793,0.256369,0.188184
81,0.337500,0.359062,0.302731,0.262970,0.300342,0.276585,0.210970,0.257412,0.172470,0.182554,0.248169,0.056678,0.179670,0.232791,0.256370,0.188183
82,0.341667,0.359067,0.302738,0.262959,0.300341,0.276585,0.210970,0.257411,0.172473,0.182556,0.248171,0.056677,0.179673,0.232787,0.256377,0.188176
83,0.345833,0.359069,0.302744,0.262951,0.300339,0.276586,0.210968,0.257406,0.172467,0.182546,0.248171,0.056677,0.179670,0.232785,0.256379,0.188182
84,0.350000,0.359072,0.302749,0.262943,0.300339,0.276590,0.210969,0.257387,0.172472,0.182549,0.248171,0.056678,0.179671,0.232785,0.256369,0.188190
85,0.354167,0.359077,0.302754,0.262934,0.300338,0.276593,0.210968,0.257405,0.172465,0.182551,0.248173,0.056677,0.179670,0.232780,0.256379,0.188187
86,0.358333,0.359083,0.302757,0.262921,0.300335,0.276593,0.210967,0.257393,0.172478,0.182558,0.248172,0.056677,0.179673,0.232779,0.256378,0.188191
87,0.362500,0.359089,0.302762,0.262912,0.300338,0.276598,0.210962,0.257408,0.172472,0.182561,0.248173,0.056677,0.179673,0.232778,0.256366,0.188201
88,0.366667,0.359092,0.302765,0.262903,0.300337,0.276602,0.210960,0.257409,0.172470,0.182561,0.248171,0.056675,0.179676,0.232776,0.256368,0.188206
89,0.370833,0.359096,0.302770,0.262892,0.300332,0.276601,0.210958,0.257389,0.172476,0.182567,0.248171,0.056675,0.179677,0.232775,0.256367,0.188211
90,0.375000,0.359101,0.302769,0.262884,0.300333,0.276603,0.210957,0.257409,0.172469,0.182563,0.248172,0.056670,0.179680,0.232773,0.256366,0.188217
91,0.379167,0.359108,0.302774,0.262873,0.300331,0.276605,0.210956,0.257405,0.172465,0.182559,0.248170,0.056672,0.179679,0.232770,0.256365,0.188220
92,0.383333,0.359112,0.302775,0.262869,0.300331,0.276608,0.210953,0.257404,0.172468,0.182575,0.248172,0.056671,0.179682,0.232771,0.256363,0.188223
93,0.387500,0.359118,0.302778,0.262857,0.300330,0.276608,0.210952,0.257408,0.172469,0.182574,0.248172,0.056670,0.179679,0.232767,0.256364,0.188227
94,0.391667,0.359133,0.302773,0.262844,0.300328,0.276607,0.210948,0.257407,0.172468,0.182577,0.248173,0.056670,0.179683,0.232767,0.256362,0.188231
95,0.395833,0.359140,0.302774,0.262835,0.300334,0.276612,0.210949,0.257405,0.172470,0.182577,0.248174,0.056669,0.179681,0.232765,0.256372,0.188230
96,0.400000,0.359136,0.302782,0.262833,0.300333,0.276612,0.210948,0.257407,0.172472,0.182581,0.248172,0.056671,0.179684,0.232767,0.256365,0.188239
97,0.404167,0.359149,0.302778,0.262822,0.300334,0.276613,0.210948,0.257405,0.172471,0.182585,0.248172,0.056671,0.179687,0.232764,0.256364,0.188242
98,0.408333,0.359171,0.302763,0.262792,0.300336,0.276614,0.210947,0.257405,0.172469,0.182583,0.248172,0.056671,0.179687,0.232764,0.256363,0.188245
99,0.412500,0.359177,0.302765,0.262786,0.300335,0.276615,0.210948,0.257404,0.172470,0.182587,0.248169,0.056671,0.179691,0.232761,0.256367,0.188250
100,0.416667,0.359178,0.302762,0.262782,0.300335,0.276612,0.210947,0.257403,0.172472,0.182589,0.248169,0.056674,0.179691,0.232764,0.256365,0.188251
101,0.420833,0.359182,0.302762,0.262781,0.300336,0.276613,0.210946,0.257402,0.172471,0.182593,0.248167,0.056673,0.179693,0.232760,0.256375,0.188249
102,0.425000,0.359188,0.302758,0.262777,0.300338,0.276612,0.210946,0.257401,0.172472,0.182593,0.248167,0.056674,0.179692,0.232762,0.256365,0.188257
103,0.429167,0.359190,0.302755,0.262774,0.300339,0.276610,0.210947,0.257402,0.172470,0.182589,0.248167,0.056672,0.179694,0.232762,0.256367,0.188260
104,0.433333,0.359191,0.302752,0.262774,0.300339,0.276608,0.210944,0.257382,0.172476,0.182595,0.248167,0.056672,0.179692,0.232763,0.256364,0.188261
105,0.437500,0.359195,0.302746,0.262775,0.300341,0.276609,0.210945,0.257400,0.172470,0.182595,0.248163,0.056671,0.179694,0.232762,0.256365,0.188261
106,0.441667,0.359199,0.302741,0.262773,0.300345,0.276607,0.210944,0.257401,0.172468,0.182595,0.248167,0.056673,0.179694,0.232764,0.256364,0.188261
107,0.445833,0.359201,0.302735,0.262773,0.300344,0.276605,0.210945,0.257400,0.172467,0.182592,0.248165,0.056669,0.179696,0.232764,0.256365,0.188262
108,0.450000,0.359205,0.302729,0.262776,0.300347,0.276601,0.210943,0.257399,0.172470,0.182588,0.248162,0.056670,0.179698,0.232764,0.256366,0.188260
109,0.454167,0.359206,0.302722,0.262776,0.300346,0.276600,0.210946,0.257398,0.172468,0.182593,0.248163,0.056668,0.179693,0.232766,0.256365,0.188258
110,0.458333,0.359206,0.302717,0.262777,0.300349,0.276598,0.210943,0.257378,0.172477,0.182593,0.248163,0.056669,0.179694,0.232768,0.256367,0.188256
111,0.462500,0.359208,0.302712,0.262778,0.300352,0.276589,0.210946,0.257394,0.172468,0.182594,0.248161,0.056669,0.179696,0.232768,0.256366,0.188254
112,0.466667,0.359208,0.302706,0.262778,0.300355,0.276588,0.210946,0.257377,0.172474,0.182593,0.248162,0.056670,0.179694,0.232769,0.256367,0.188252
113,0.470833,0.359209,0.302700,0.262781,0.300355,0.276585,0.210949,0.257396,0.172469,0.182590,0.248162,0.056669,0.179693,0.232771,0.256370,0.188251
114,0.475000,0.359205,0.302690,0.262784,0.300353,0.276589,0.210943,0.257374,0.172476,0.182595,0.248160,0.056673,0.179696,0.232772,0.256369,0.188247
115,0.479167,0.359204,0.302686,0.262788,0.300357,0.276581,0.210947,0.257395,0.172468,0.182587,0.248163,0.056669,0.179694,0.232773,0.256370,0.188245
116,0.483333,0.359205,0.302680,0.262793,0.300360,0.276576,0.210949,0.257375,0.172474,0.182593,0.248159,0.056669,0.179695,0.232777,0.256370,0.188242
117,0.487500,0.359188,0.302682,0.262816,0.300360,0.276573,0.210946,0.257394,0.172465,0.182591,0.248160,0.056669,0.179697,0.232777,0.256371,0.188239
118,0.491667,0.359183,0.302676,0.262828,0.300362,0.276572,0.210944,0.257396,0.172468,0.182584,0.248160,0.056669,0.179701,0.232775,0.256369,0.188238
119,0.495833,0.359181,0.302669,0.262833,0.300363,0.276572,0.210944,0.257395,0.172466,0.182586,0.248159,0.056667,0.179696,0.232778,0.256368,0.188235
120,0.500000,0.359178,0.302665,0.262841,0.300364,0.276570,0.210944,0.257371,0.172465,0.182577,0.248161,0.056669,0.179697,0.232781,0.256369,0.188231
121,0.504167,0.359174,0.302659,0.262846,0.300365,0.276569,0.210941,0.257394,0.172461,0.182583,0.248160,0.056668,0.179696,0.232782,0.256369,0.188227
122,0.508333,0.359170,0.302656,0.262851,0.300364,0.276566,0.210940,0.257397,0.172463,0.182578,0.248162,0.056665,0.179696,0.232781,0.256368,0.188227
123,0.512500,0.359167,0.302653,0.262858,0.300364,0.276568,0.210938,0.257390,0.172463,0.182567,0.248161,0.056666,0.179693,0.232780,0.256368,0.188226
124,0.516667,0.359164,0.302652,0.262858,0.300364,0.276567,0.210939,0.257373,0.172469,0.182561,0.248162,0.056668,0.179693,0.232779,0.256368,0.188224
125,0.520833,0.359162,0.302652,0.262863,0.300361,0.276567,0.210938,0.257390,0.172464,0.182561,0.248165,0.056671,0.179690,0.232780,0.256379,0.188214
126,0.525000,0.359157,0.302653,0.262868,0.300362,0.276567,0.210938,0.257388,0.172463,0.182565,0.248162,0.056672,0.179694,0.232781,0.256370,0.188217
127,0.529167,0.359155,0.302653,0.262869,0.300360,0.276567,0.210938,0.257372,0.172471,0.182559,0.248161,0.056670,0.179693,0.232781,0.256369,0.188215
128,0.533333,0.359152,0.302658,0.262870,0.300362,0.276568,0.210936,0.257389,0.172467,0.182560,0.248161,0.056672,0.179692,0.232779,0.256370,0.188214
129,0.537500,0.359151,0.302661,0.262870,0.300362,0.276568,0.210939,0.257387,0.172463,0.182565,0.248162,0.056670,0.179692,0.232781,0.256371,0.188212
130,0.541667,0.359149,0.302665,0.262870,0.300360,0.276567,0.210941,0.257369,0.172473,0.182560,0.248165,0.056674,0.179692,0.232781,0.256371,0.188207
131,0.545833,0.359147,0.302671,0.262869,0.300359,0.276570,0.210939,0.257368,0.172476,0.182559,0.248164,0.056675,0.179690,0.232781,0.256381,0.188198
132,0.550000,0.359143,0.302675,0.262868,0.300358,0.276572,0.210937,0.257390,0.172468,0.182555,0.248164,0.056675,0.179692,0.232780,0.256380,0.188200
133,0.554167,0.359142,0.302682,0.262864,0.300359,0.276574,0.210936,0.257373,0.172476,0.182557,0.248166,0.056674,0.179688,0.232780,0.256379,0.188199
134,0.558333,0.359146,0.302687,0.262860,0.300360,0.276576,0.210935,0.257398,0.172471,0.182562,0.248168,0.056674,0.179690,0.232783,0.256370,0.188204
135,0.562500,0.359142,0.302696,0.262860,0.300357,0.276579,0.210936,0.257398,0.172465,0.182555,0.248167,0.056673,0.179690,0.232781,0.256378,0.188195
136,0.566667,0.359134,0.302708,0.262860,0.300356,0.276583,0.210935,0.257381,0.172472,0.182555,0.248169,0.056676,0.179686,0.232783,0.256369,0.188203
137,0.570833,0.359143,0.302709,0.262857,0.300357,0.276585,0.210934,0.257385,0.172476,0.182562,0.248172,0.056672,0.179685,0.232783,0.256376,0.188199
138,0.575000,0.359139,0.302720,0.262853,0.300353,0.276595,0.210929,0.257406,0.172468,0.182561,0.248173,0.056672,0.179686,0.232785,0.256366,0.188206
139,0.579167,0.359133,0.302729,0.262853,0.300357,0.276587,0.210932,0.257385,0.172470,0.182555,0.248171,0.056672,0.179685,0.232783,0.256375,0.188200
140,0.583333,0.359141,0.302732,0.262847,0.300353,0.276599,0.210928,0.257391,0.172477,0.182558,0.248172,0.056672,0.179684,0.232786,0.256365,0.188206
141,0.587500,0.359140,0.302743,0.262843,0.300354,0.276595,0.210929,0.257408,0.172466,0.182547,0.248174,0.056670,0.179681,0.232785,0.256363,0.188207
142,0.591667,0.359131,0.302752,0.262843,0.300352,0.276604,0.210926,0.257407,0.172464,0.182549,0.248175,0.056670,0.179678,0.232785,0.256361,0.188208
143,0.595833,0.359141,0.302755,0.262837,0.300352,0.276604,0.210927,0.257415,0.172467,0.182555,0.248175,0.056671,0.179680,0.232786,0.256363,0.188209
144,0.600000,0.359137,0.302768,0.262835,0.300354,0.276604,0.210925,0.257400,0.172474,0.182556,0.248174,0.056670,0.179678,0.232786,0.256363,0.188210
145,0.604167,0.359158,0.302761,0.262811,0.300352,0.276607,0.210925,0.257414,0.172468,0.182556,0.248175,0.056668,0.179676,0.232786,0.256361,0.188210
146,0.608333,0.359149,0.302779,0.262824,0.300354,0.276606,0.210925,0.257417,0.172467,0.182556,0.248177,0.056669,0.179678,0.232784,0.256361,0.188213
147,0.612500,0.359159,0.302773,0.262806,0.300353,0.276607,0.210926,0.257398,0.172473,0.182560,0.248177,0.056669,0.179678,0.232785,0.256362,0.188213
148,0.616667,0.359153,0.302792,0.262820,0.300354,0.276607,0.210927,0.257398,0.172473,0.182562,0.248175,0.056673,0.179678,0.232785,0.256363,0.188214
149,0.620833,0.359164,0.302783,0.262801,0.300353,0.276608,0.210927,0.257398,0.172475,0.182563,0.248175,0.056672,0.179680,0.232786,0.256363,0.188217
150,0.625000,0.359155,0.302799,0.262817,0.300355,0.276610,0.210928,0.257396,0.172476,0.182570,0.248175,0.056674,0.179677,0.232786,0.256365,0.188221
151,0.629167,0.359171,0.302794,0.262799,0.300355,0.276609,0.210929,0.257411,0.172463,0.182558,0.248173,0.056678,0.179682,0.232787,0.256366,0.188224
152,0.633333,0.359170,0.302797,0.262798,0.300357,0.276609,0.210932,0.257418,0.172470,0.182566,0.248173,0.056677,0.179683,0.232787,0.256365,0.188227
153,0.637500,0.359173,0.302796,0.262798,0.300356,0.276611,0.210930,0.257413,0.172470,0.182570,0.248172,0.056675,0.179683,0.232787,0.256366,0.188229
154,0.641667,0.359175,0.302795,0.262798,0.300358,0.276611,0.210931,0.257416,0.172469,0.182570,0.248171,0.056676,0.179687,0.232789,0.256364,0.188231
155,0.645833,0.359168,0.302797,0.262800,0.300359,0.276609,0.210934,0.257416,0.172471,0.182570,0.248173,0.056679,0.179688,0.232788,0.256366,0.188234
156,0.650000,0.359183,0.302787,0.262791,0.300360,0.276611,0.210935,0.257413,0.172464,0.182562,0.248171,0.056678,0.179686,0.232789,0.256366,0.188235
157,0.654167,0.359181,0.302784,0.262798,0.300360,0.276607,0.210935,0.257415,0.172468,0.182572,0.248170,0.056676,0.179686,0.232789,0.256365,0.188234
158,0.658333,0.359184,0.302777,0.262799,0.300363,0.276607,0.210935,0.257416,0.172469,0.182573,0.248172,0.056675,0.179685,0.232790,0.256363,0.188235
159,0.662500,0.359183,0.302769,0.262799,0.300365,0.276599,0.210939,0.257414,0.172469,0.182576,0.248171,0.056677,0.179690,0.232792,0.256365,0.188233
160,0.666667,0.359186,0.302759,0.262800,0.300366,0.276597,0.210939,0.257413,0.172468,0.182576,0.248168,0.056675,0.179688,0.232790,0.256365,0.188232
161,0.670833,0.359188,0.302752,0.262795,0.300367,0.276595,0.210937,0.257416,0.172466,0.182571,0.248170,0.056672,0.179686,0.232792,0.256364,0.188230
162,0.675000,0.359192,0.302741,0.262796,0.300370,0.276588,0.210940,0.257416,0.172468,0.182570,0.248172,0.056671,0.179683,0.232791,0.256364,0.188233
163,0.679167,0.359193,0.302732,0.262798,0.300366,0.276595,0.210936,0.257412,0.172466,0.182573,0.248169,0.056671,0.179687,0.232792,0.256365,0.188232
164,0.683333,0.359193,0.302722,0.262802,0.300368,0.276586,0.210943,0.257411,0.172467,0.182573,0.248170,0.056670,0.179683,0.232793,0.256365,0.188228
165,0.687500,0.359193,0.302711,0.262805,0.300372,0.276580,0.210942,0.257412,0.172464,0.182572,0.248168,0.056670,0.179685,0.232792,0.256366,0.188228
166,0.691667,0.359183,0.302711,0.262825,0.300373,0.276580,0.210943,0.257410,0.172463,0.182574,0.248168,0.056669,0.179688,0.232790,0.256364,0.188230
167,0.695833,0.359193,0.302693,0.262811,0.300372,0.276578,0.210942,0.257409,0.172464,0.182573,0.248170,0.056669,0.179685,0.232790,0.256367,0.188230
168,0.700000,0.359177,0.302694,0.262839,0.300371,0.276573,0.210947,0.257407,0.172467,0.182571,0.248165,0.056671,0.179686,0.232790,0.256365,0.188226
169,0.704167,0.359177,0.302686,0.262835,0.300371,0.276570,0.210946,0.257405,0.172469,0.182570,0.248165,0.056670,0.179685,0.232790,0.256369,0.188227
170,0.708333,0.359174,0.302677,0.262849,0.300373,0.276571,0.210944,0.257404,0.172466,0.182573,0.248166,0.056670,0.179688,0.232788,0.256368,0.188228
171,0.712500,0.359174,0.302670,0.262851,0.300371,0.276568,0.210945,0.257378,0.172468,0.182570,0.248164,0.056670,0.179693,0.232786,0.256368,0.188226
172,0.716667,0.359173,0.302663,0.262856,0.300370,0.276567,0.210947,0.257379,0.172475,0.182578,0.248163,0.056673,0.179693,0.232787,0.256371,0.188226
173,0.720833,0.359172,0.302658,0.262859,0.300369,0.276564,0.210948,0.257380,0.172480,0.182571,0.248163,0.056675,0.179692,0.232786,0.256371,0.188226
174,0.725000,0.359172,0.302652,0.262862,0.300370,0.276564,0.210951,0.257373,0.172474,0.182567,0.248166,0.056673,0.179692,0.232784,0.256373,0.188227
175,0.729167,0.359170,0.302648,0.262866,0.300369,0.276564,0.210949,0.257392,0.172469,0.182580,0.248164,0.056674,0.179694,0.232784,0.256375,0.188228
176,0.733333,0.359191,0.302621,0.262886,0.300367,0.276563,0.210949,0.257395,0.172468,0.182581,0.248164,0.056677,0.179694,0.232783,0.256374,0.188223
177,0.737500,0.359166,0.302641,0.262869,0.300366,0.276563,0.210950,0.257390,0.172467,0.182567,0.248164,0.056678,0.179695,0.232783,0.256374,0.188224
178,0.741667,0.359188,0.302618,0.262891,0.300365,0.276564,0.210950,0.257370,0.172473,0.182573,0.248161,0.056674,0.179696,0.232780,0.256375,0.188224
179,0.745833,0.359191,0.302612,0.262883,0.300362,0.276564,0.210950,0.257367,0.172474,0.182573,0.248164,0.056673,0.179695,0.232779,0.256377,0.188228
180,0.750000,0.359184,0.302614,0.262892,0.300359,0.276567,0.210948,0.257369,0.172477,0.182569,0.248163,0.056675,0.179698,0.232777,0.256376,0.188226
181,0.754167,0.359188,0.302610,0.262884,0.300358,0.276565,0.210951,0.257366,0.172477,0.182567,0.248162,0.056673,0.179693,0.232775,0.256375,0.188227
182,0.758333,0.359180,0.302616,0.262893,0.300356,0.276566,0.210949,0.257365,0.172476,0.182570,0.248165,0.056673,0.179692,0.232773,0.256382,0.188218
183,0.762500,0.359187,0.302612,0.262882,0.300356,0.276568,0.210950,0.257367,0.172474,0.182568,0.248167,0.056673,0.179692,0.232773,0.256372,0.188227
184,0.766667,0.359158,0.302640,0.262868,0.300353,0.276569,0.210950,0.257393,0.172469,0.182576,0.248167,0.056672,0.179688,0.232773,0.256372,0.188225
185,0.770833,0.359155,0.302646,0.262867,0.300352,0.276571,0.210949,0.257372,0.172473,0.182569,0.248170,0.056670,0.179689,0.232770,0.256381,0.188220
186,0.775000,0.359153,0.302653,0.262866,0.300350,0.276575,0.210948,0.257377,0.172481,0.182570,0.248170,0.056671,0.179689,0.232771,0.256370,0.188224
187,0.779167,0.359151,0.302658,0.262862,0.300349,0.276578,0.210949,0.257381,0.172477,0.182574,0.248171,0.056669,0.179688,0.232770,0.256369,0.188226
188,0.783333,0.359149,0.302665,0.262860,0.300338,0.276584,0.210947,0.257375,0.172471,0.182568,0.248169,0.056670,0.179688,0.232768,0.256378,0.188219
189,0.787500,0.359147,0.302677,0.262859,0.300343,0.276583,0.210948,0.257378,0.172481,0.182575,0.248173,0.056669,0.179684,0.232769,0.256379,0.188219
190,0.791667,0.359139,0.302689,0.262857,0.300337,0.276589,0.210947,0.257374,0.172470,0.182572,0.248168,0.056671,0.179691,0.232768,0.256367,0.188230
191,0.795833,0.359145,0.302696,0.262853,0.300335,0.276592,0.210946,0.257394,0.172467,0.182566,0.248170,0.056671,0.179688,0.232766,0.256367,0.188229
192,0.800000,0.359136,0.302713,0.262854,0.300334,0.276596,0.210947,0.257396,0.172465,0.182569,0.248172,0.056668,0.179687,0.232767,0.256368,0.188228
193,0.804167,0.359141,0.302720,0.262850,0.300334,0.276597,0.210951,0.257396,0.172464,0.182570,0.248173,0.056672,0.179689,0.232766,0.256367,0.188229
194,0.808333,0.359141,0.302730,0.262848,0.300333,0.276600,0.210949,0.257376,0.172476,0.182570,0.248171,0.056673,0.179690,0.232767,0.256367,0.188229
195,0.812500,0.359140,0.302738,0.262846,0.300332,0.276601,0.210954,0.257378,0.172476,0.182573,0.248175,0.056674,0.179689,0.232768,0.256368,0.188232
196,0.816667,0.359135,0.302751,0.262849,0.300335,0.276605,0.210953,0.257397,0.172472,0.182566,0.248175,0.056673,0.179687,0.232766,0.256379,0.188223
197,0.820833,0.359133,0.302759,0.262847,0.300333,0.276608,0.210955,0.257400,0.172467,0.182569,0.248175,0.056671,0.179686,0.232768,0.256369,0.188228
198,0.825000,0.359120,0.302773,0.262853,0.300334,0.276610,0.210954,0.257386,0.172482,0.182575,0.248176,0.056673,0.179683,0.232769,0.256367,0.188230
199,0.829167,0.359126,0.302778,0.262849,0.300333,0.276612,0.210954,0.257404,0.172474,0.182578,0.248174,0.056671,0.179685,0.232767,0.256366,0.188232
200,0.833333,0.359115,0.302790,0.262856,0.300329,0.276610,0.210954,0.257406,0.172473,0.182581,0.248174,0.056673,0.179680,0.232767,0.256377,0.188223
201,0.837500,0.359118,0.302811,0.262882,0.300332,0.276614,0.210954,0.257407,0.172476,0.182574,0.248173,0.056674,0.179685,0.232769,0.256366,0.188227
202,0.841667,0.359112,0.302803,0.262860,0.300331,0.276614,0.210954,0.257408,0.172470,0.182574,0.248173,0.056673,0.179683,0.232772,0.256364,0.188227
203,0.845833,0.359111,0.302821,0.262890,0.300332,0.276615,0.210955,0.257410,0.172472,0.182578,0.248174,0.056673,0.179682,0.232771,0.256363,0.188228
204,0.850000,0.359109,0.302825,0.262894,0.300333,0.276615,0.210954,0.257393,0.172477,0.182577,0.248176,0.056677,0.179680,0.232773,0.256363,0.188225
205,0.854167,0.359106,0.302826,0.262896,0.300332,0.276616,0.210953,0.257408,0.172465,0.182565,0.248174,0.056676,0.179682,0.232773,0.256364,0.188224
206,0.858333,0.359103,0.302831,0.262898,0.300330,0.276612,0.210955,0.257411,0.172472,0.182575,0.248174,0.056675,0.179683,0.232776,0.256362,0.188222
207,0.862500,0.359100,0.302831,0.262906,0.300336,0.276615,0.210957,0.257397,0.172479,0.182572,0.248172,0.056675,0.179682,0.232777,0.256364,0.188220
208,0.866667,0.359099,0.302829,0.262907,0.300331,0.276612,0.210957,0.257413,0.172470,0.182568,0.248171,0.056674,0.179683,0.232780,0.256365,0.188215
209,0.870833,0.359094,0.302829,0.262912,0.300332,0.276611,0.210956,0.257413,0.172470,0.182570,0.248175,0.056672,0.179683,0.232779,0.256373,0.188205
210,0.875000,0.359094,0.302823,0.262917,0.300333,0.276613,0.210956,0.257397,0.172480,0.182567,0.248174,0.056674,0.179684,0.232782,0.256364,0.188209
211,0.879167,0.359092,0.302820,0.262918,0.300335,0.276611,0.210956,0.257413,0.172470,0.182567,0.248172,0.056671,0.179683,0.232783,0.256364,0.188204
212,0.883333,0.359090,0.302816,0.262922,0.300336,0.276607,0.210956,0.257414,0.172471,0.182567,0.248175,0.056673,0.179682,0.232785,0.256365,0.188203
213,0.887500,0.359087,0.302810,0.262926,0.300336,0.276606,0.210957,0.257412,0.172471,0.182567,0.248175,0.056670,0.179684,0.232784,0.256375,0.188192
214,0.891667,0.359083,0.302805,0.262933,0.300340,0.276607,0.210958,0.257390,0.172475,0.182551,0.248173,0.056673,0.179685,0.232786,0.256366,0.188197
215,0.895833,0.359080,0.302798,0.262938,0.300341,0.276605,0.210956,0.257412,0.172469,0.182563,0.248172,0.056670,0.179685,0.232787,0.256366,0.188193
216,0.900000,0.359080,0.302792,0.262940,0.300340,0.276603,0.210956,0.257393,0.172477,0.182559,0.248169,0.056670,0.179684,0.232788,0.256367,0.188191
217,0.904167,0.359073,0.302771,0.262922,0.300339,0.276598,0.210956,0.257405,0.172464,0.182553,0.248167,0.056670,0.179684,0.232789,0.256368,0.188191
218,0.908333,0.359069,0.302762,0.262927,0.300344,0.276599,0.210954,0.257392,0.172474,0.182563,0.248168,0.056672,0.179682,0.232789,0.256366,0.188184
219,0.912500,0.359071,0.302754,0.262932,0.300343,0.276598,0.210954,0.257389,0.172475,0.182562,0.248167,0.056672,0.179683,0.232789,0.256368,0.188184
220,0.916667,0.359070,0.302745,0.262937,0.300344,0.276596,0.210952,0.257384,0.172469,0.182554,0.248165,0.056673,0.179684,0.232788,0.256367,0.188186
221,0.920833,0.359072,0.302736,0.262939,0.300345,0.276592,0.210953,0.257400,0.172462,0.182553,0.248167,0.056669,0.179687,0.232787,0.256369,0.188184
222,0.925000,0.359071,0.302729,0.262940,0.300348,0.276585,0.210955,0.257382,0.172469,0.182552,0.248166,0.056671,0.179684,0.232788,0.256369,0.188184
223,0.929167,0.359071,0.302722,0.262942,0.300345,0.276589,0.210951,0.257399,0.172462,0.182553,0.248168,0.056670,0.179684,0.232787,0.256368,0.188181
224,0.933333,0.359074,0.302714,0.262942,0.300347,0.276588,0.210950,0.257397,0.172463,0.182552,0.248167,0.056672,0.179685,0.232784,0.256378,0.188180
225,0.937500,0.359074,0.302707,0.262943,0.300350,0.276581,0.210952,0.257398,0.172463,0.182551,0.248166,0.056672,0.179681,0.232783,0.256378,0.188179
226,0.941667,0.359077,0.302703,0.262942,0.300347,0.276586,0.210948,0.257399,0.172470,0.182559,0.248167,0.056673,0.179688,0.232782,0.256378,0.188182
227,0.945833,0.359082,0.302698,0.262937,0.300345,0.276586,0.210945,0.257374,0.172472,0.182557,0.248166,0.056670,0.179686,0.232781,0.256370,0.188189
228,0.950000,0.359084,0.302693,0.262933,0.300347,0.276579,0.210951,0.257374,0.172475,0.182552,0.248164,0.056673,0.179690,0.232780,0.256380,0.188187
229,0.954167,0.359089,0.302687,0.262931,0.300343,0.276582,0.210948,0.257375,0.172481,0.182564,0.248164,0.056674,0.179694,0.232777,0.256381,0.188187
230,0.958333,0.359093,0.302683,0.262925,0.300344,0.276585,0.210948,0.257368,0.172476,0.182560,0.248163,0.056670,0.179692,0.232775,0.256382,0.188191
231,0.962500,0.359100,0.302683,0.262917,0.300346,0.276580,0.210949,0.257368,0.172473,0.182564,0.248162,0.056673,0.179694,0.232776,0.256382,0.188193
232,0.966667,0.359113,0.302676,0.262907,0.300342,0.276576,0.210947,0.257366,0.172476,0.182566,0.248162,0.056672,0.179696,0.232772,0.256382,0.188198
233,0.970833,0.359110,0.302682,0.262900,0.300341,0.276585,0.210947,0.257387,0.172468,0.182566,0.248164,0.056671,0.179695,0.232770,0.256383,0.188201
234,0.975000,0.359123,0.302678,0.262891,0.300335,0.276583,0.210944,0.257368,0.172478,0.182565,0.248161,0.056673,0.179698,0.232770,0.256383,0.188202
235,0.979167,0.359122,0.302680,0.262883,0.300340,0.276588,0.210945,0.257384,0.172471,0.182567,0.248163,0.056672,0.179697,0.232767,0.256382,0.188207
236,0.983333,0.359134,0.302677,0.262871,0.300337,0.276590,0.210945,0.257365,0.172477,0.182571,0.248165,0.056671,0.179696,0.232765,0.256382,0.188214
237,0.987500,0.359142,0.302679,0.262860,0.300333,0.276586,0.210944,0.257369,0.172477,0.182568,0.248166,0.056669,0.179693,0.232763,0.256382,0.188215
238,0.991667,0.359148,0.302684,0.262852,0.300338,0.276591,0.210946,0.257371,0.172478,0.182581,0.248166,0.056670,0.179693,0.232763,0.256382,0.188221
239,0.995833,0.359152,0.302684,0.262841,0.300332,0.276590,0.210943,0.257385,0.172468,0.182572,0.248166,0.056668,0.179692,0.232760,0.256378,0.188225
240,1.000000,0.359158,0.302689,0.262833,0.300330,0.276591,0.210942,0.257387,0.172469,0.182577,0.248169,0.056667,0.179690,0.232760,0.256369,0.188238
241,1.004167,0.359173,0.302681,0.262809,0.300330,0.276592,0.210944,0.257367,0.172470,0.182580,0.248168,0.056667,0.179692,0.232758,0.256378,0.188234
242,1.008333,0.359168,0.302693,0.262818,0.300331,0.276595,0.210945,0.257391,0.172470,0.182589,0.248167,0.056668,0.179695,0.232756,0.256377,0.188240
243,1.012500,0.359185,0.302689,0.262788,0.300334,0.276600,0.210944,0.257374,0.172478,0.182594,0.248168,0.056669,0.179696,0.232756,0.256376,0.188241
244,1.016667,0.359187,0.302694,0.262783,0.300333,0.276601,0.210943,0.257373,0.172480,0.182595,0.248168,0.056669,0.179694,0.232754,0.256377,0.188246
245,1.020833,0.359190,0.302697,0.262779,0.300332,0.276605,0.210946,0.257391,0.172471,0.182595,0.248170,0.056669,0.179696,0.232748,0.256368,0.188255
246,1.025000,0.359192,0.302703,0.262774,0.300332,0.276604,0.210943,0.257391,0.172475,0.182596,0.248167,0.056671,0.179692,0.232755,0.256366,0.188257
247,1.029167,0.359195,0.302710,0.262770,0.300331,0.276606,0.210946,0.257370,0.172473,0.182590,0.248170,0.056671,0.179693,0.232752,0.256376,0.188255
248,1.033333,0.359196,0.302715,0.262767,0.300330,0.276607,0.210948,0.257370,0.172473,0.182589,0.248168,0.056669,0.179697,0.232748,0.256367,0.188262
249,1.037500,0.359195,0.302720,0.262765,0.300330,0.276607,0.210948,0.257374,0.172478,0.182603,0.248171,0.056672,0.179692,0.232752,0.256368,0.188267
250,1.041667,0.359196,0.302725,0.262765,0.300331,0.276609,0.210949,0.257376,0.172481,0.182603,0.248171,0.056674,0.179691,0.232750,0.256375,0.188260
251,1.045833,0.359197,0.302728,0.262766,0.300326,0.276605,0.210950,0.257376,0.172479,0.182602,0.248168,0.056674,0.179694,0.232754,0.256366,0.188266
252,1.050000,0.359196,0.302734,0.262766,0.300331,0.276610,0.210950,0.257397,0.172476,0.182599,0.248168,0.056676,0.179695,0.232756,0.256368,0.188266
253,1.054167,0.359193,0.302737,0.262770,0.300330,0.276608,0.210951,0.257374,0.172474,0.182593,0.248170,0.056674,0.179689,0.232756,0.256367,0.188265
254,1.058333,0.359191,0.302739,0.262773,0.300331,0.276610,0.210950,0.257395,0.172475,0.182600,0.248170,0.056675,0.179691,0.232758,0.256367,0.188263
255,1.062500,0.359187,0.302741,0.262779,0.300330,0.276607,0.210952,0.257380,0.172482,0.182597,0.248169,0.056677,0.179690,0.232760,0.256369,0.188262
256,1.066667,0.359183,0.302742,0.262785,0.300335,0.276609,0.210952,0.257400,0.172473,0.182594,0.248171,0.056676,0.179693,0.232760,0.256367,0.188257
257,1.070833,0.359181,0.302743,0.262788,0.300332,0.276604,0.210952,0.257401,0.172471,0.182590,0.248171,0.056676,0.179688,0.232763,0.256365,0.188252
258,1.075000,0.359171,0.302745,0.262801,0.300337,0.276606,0.210953,0.257400,0.172473,0.182587,0.248172,0.056674,0.179691,0.232763,0.256376,0.188243
259,1.079167,0.359166,0.302744,0.262809,0.300333,0.276602,0.210953,0.257405,0.172472,0.182581,0.248170,0.056675,0.179685,0.232768,0.256367,0.188245
260,1.083333,0.359149,0.302753,0.262833,0.300339,0.276605,0.210954,0.257389,0.172478,0.182583,0.248170,0.056674,0.179682,0.232771,0.256366,0.188238
261,1.087500,0.359146,0.302749,0.262842,0.300340,0.276605,0.210949,0.257407,0.172472,0.182576,0.248172,0.056672,0.179680,0.232774,0.256366,0.188232
262,1.091667,0.359139,0.302747,0.262854,0.300343,0.276603,0.210951,0.257389,0.172483,0.182574,0.248170,0.056673,0.179684,0.232777,0.256367,0.188227
263,1.095833,0.359134,0.302745,0.262860,0.300345,0.276600,0.210952,0.257412,0.172470,0.182568,0.248171,0.056672,0.179681,0.232781,0.256366,0.188221
264,1.100000,0.359121,0.302747,0.262872,0.300344,0.276597,0.210952,0.257411,0.172466,0.182556,0.248173,0.056672,0.179680,0.232785,0.256366,0.188213
265,1.104167,0.359124,0.302741,0.262878,0.300350,0.276597,0.210951,0.257413,0.172471,0.182561,0.248170,0.056672,0.179681,0.232787,0.256366,0.188208
266,1.108333,0.359110,0.302742,0.262892,0.300353,0.276589,0.210954,0.257414,0.172470,0.182564,0.248173,0.056671,0.179679,0.232791,0.256366,0.188204
267,1.112500,0.359104,0.302738,0.262901,0.300351,0.276594,0.210950,0.257415,0.172470,0.182559,0.248170,0.056674,0.179676,0.232794,0.256368,0.188196
268,1.116667,0.359098,0.302736,0.262910,0.300358,0.276582,0.210955,0.257398,0.172476,0.182555,0.248172,0.056672,0.179680,0.232799,0.256364,0.188192
269,1.120833,0.359092,0.302735,0.262919,0.300355,0.276576,0.210958,0.257396,0.172477,0.182554,0.248171,0.056677,0.179677,0.232798,0.256367,0.188185
270,1.125000,0.359089,0.302731,0.262927,0.300361,0.276577,0.210955,0.257396,0.172476,0.182554,0.248170,0.056674,0.179677,0.232799,0.256367,0.188182
271,1.129167,0.359086,0.302727,0.262935,0.300363,0.276576,0.210955,0.257417,0.172470,0.182548,0.248169,0.056676,0.179680,0.232804,0.256365,0.188180
272,1.133333,0.359080,0.302723,0.262943,0.300363,0.276574,0.210956,0.257412,0.172462,0.182538,0.248169,0.056677,0.179679,0.232804,0.256369,0.188173
273,1.137500,0.359076,0.302721,0.262949,0.300366,0.276572,0.210952,0.257396,0.172477,0.182547,0.248170,0.056675,0.179678,0.232808,0.256367,0.188171
274,1.141667,0.359077,0.302718,0.262951,0.300368,0.276572,0.210954,0.257418,0.172469,0.182545,0.248168,0.056676,0.179678,0.232808,0.256365,0.188169
275,1.145833,0.359074,0.302716,0.262958,0.300366,0.276571,0.210951,0.257413,0.172468,0.182547,0.248168,0.056678,0.179677,0.232805,0.256371,0.188167
276,1.150000,0.359072,0.302712,0.262960,0.300367,0.276570,0.210953,0.257411,0.172465,0.182534,0.248169,0.056679,0.179677,0.232809,0.256368,0.188164
277,1.154167,0.359072,0.302711,0.262960,0.300369,0.276570,0.210951,0.257393,0.172476,0.182545,0.248166,0.056677,0.179678,0.232808,0.256373,0.188163
278,1.158333,0.359072,0.302709,0.262962,0.300370,0.276568,0.210952,0.257409,0.172464,0.182539,0.248168,0.056677,0.179678,0.232810,0.256368,0.188162
279,1.162500,0.359073,0.302709,0.262959,0.300369,0.276568,0.210949,0.257412,0.172472,0.182542,0.248166,0.056677,0.179678,0.232810,0.256368,0.188162
280,1.166667,0.359073,0.302708,0.262960,0.300369,0.276569,0.210948,0.257406,0.172463,0.182536,0.248165,0.056678,0.179682,0.232808,0.256367,0.188162
281,1.170833,0.359076,0.302709,0.262953,0.300369,0.276569,0.210948,0.257391,0.172477,0.182548,0.248166,0.056677,0.179684,0.232807,0.256369,0.188166
282,1.175000,0.359077,0.302708,0.262949,0.300366,0.276569,0.210948,0.257392,0.172475,0.182545,0.248167,0.056677,0.179685,0.232810,0.256373,0.188160
283,1.179167,0.359083,0.302707,0.262943,0.300368,0.276568,0.210946,0.257405,0.172465,0.182539,0.248167,0.056675,0.179680,0.232802,0.256371,0.188165
284,1.183333,0.359088,0.302708,0.262935,0.300368,0.276570,0.210944,0.257405,0.172462,0.182542,0.248164,0.056676,0.179685,0.232802,0.256366,0.188170
285,1.187500,0.359092,0.302708,0.262927,0.300367,0.276574,0.210943,0.257405,0.172462,0.182541,0.248166,0.056677,0.179684,0.232799,0.256371,0.188174
286,1.191667,0.359097,0.302708,0.262920,0.300367,0.276573,0.210940,0.257404,0.172462,0.182545,0.248168,0.056673,0.179685,0.232800,0.256369,0.188174
287,1.195833,0.359102,0.302710,0.262909,0.300365,0.276576,0.210942,0.257407,0.172467,0.182557,0.248168,0.056672,0.179686,0.232797,0.256369,0.188180
288,1.200000,0.359107,0.302712,0.262901,0.300365,0.276578,0.210941,0.257401,0.172463,0.182549,0.248169,0.056673,0.179688,0.232793,0.256369,0.188186
289,1.204167,0.359122,0.302710,0.262884,0.300362,0.276581,0.210939,0.257407,0.172469,0.182560,0.248166,0.056672,0.179686,0.232793,0.256368,0.188189
290,1.208333,0.359127,0.302711,0.262876,0.300361,0.276579,0.210938,0.257402,0.172461,0.182550,0.248169,0.056671,0.179685,0.232789,0.256368,0.188195
291,1.212500,0.359127,0.302719,0.262866,0.300360,0.276585,0.210934,0.257382,0.172469,0.182558,0.248167,0.056669,0.179688,0.232785,0.256368,0.188203
292,1.216667,0.359140,0.302715,0.262852,0.300355,0.276586,0.210934,0.257400,0.172463,0.182556,0.248168,0.056671,0.179691,0.232781,0.256367,0.188208
293,1.220833,0.359147,0.302720,0.262838,0.300353,0.276588,0.210935,0.257400,0.172462,0.182557,0.248169,0.056670,0.179689,0.232780,0.256367,0.188212
294,1.225000,0.359155,0.302723,0.262828,0.300352,0.276590,0.210932,0.257379,0.172470,0.182562,0.248168,0.056669,0.179694,0.232777,0.256366,0.188219
295,1.229167,0.359165,0.302727,0.262810,0.300348,0.276599,0.210931,0.257396,0.172463,0.182568,0.248167,0.056670,0.179694,0.232775,0.256366,0.188226
296,1.233333,0.359184,0.302717,0.262784,0.300350,0.276595,0.210930,0.257399,0.172469,0.182578,0.248168,0.056669,0.179693,0.232771,0.256368,0.188233
297,1.237500,0.359187,0.302721,0.262775,0.300344,0.276602,0.210928,0.257397,0.172470,0.182580,0.248169,0.056668,0.179696,0.232767,0.256365,0.188238
298,1.241667,0.359192,0.302722,0.262766,0.300345,0.276603,0.210928,0.257379,0.172477,0.182587,0.248168,0.056670,0.179696,0.232766,0.256365,0.188243
299,1.245833,0.359197,0.302723,0.262760,0.300344,0.276605,0.210928,0.257392,0.172463,0.182580,0.248168,0.056668,0.179695,0.232761,0.256365,0.188249
300,1.250000,0.359203,0.302725,0.262751,0.300340,0.276607,0.210927,0.257393,0.172471,0.182591,0.248169,0.056668,0.179698,0.232759,0.256364,0.188254
301,1.254167,0.359205,0.302727,0.262744,0.300341,0.276608,0.210926,0.257374,0.172477,0.182597,0.248169,0.056670,0.179703,0.232758,0.256365,0.188259
302,1.258333,0.359209,0.302727,0.262739,0.300339,0.276608,0.210928,0.257389,0.172466,0.182582,0.248169,0.056670,0.179698,0.232756,0.256364,0.188265
303,1.262500,0.359216,0.302729,0.262736,0.300338,0.276611,0.210929,0.257393,0.172469,0.182596,0.248166,0.056669,0.179700,0.232754,0.256365,0.188268
304,1.266667,0.359215,0.302727,0.262732,0.300337,0.276610,0.210927,0.257392,0.172471,0.182598,0.248166,0.056670,0.179702,0.232751,0.256364,0.188272
305,1.270833,0.359222,0.302729,0.262729,0.300338,0.276611,0.210930,0.257387,0.172467,0.182591,0.248169,0.056669,0.179698,0.232752,0.256364,0.188274
306,1.275000,0.359223,0.302726,0.262729,0.300336,0.276610,0.210931,0.257395,0.172471,0.182599,0.248168,0.056667,0.179702,0.232750,0.256375,0.188271
307,1.279167,0.359224,0.302725,0.262729,0.300337,0.276610,0.210933,0.257373,0.172477,0.182606,0.248169,0.056667,0.179700,0.232750,0.256364,0.188276
308,1.283333,0.359225,0.302726,0.262728,0.300338,0.276610,0.210934,0.257393,0.172471,0.182601,0.248167,0.056669,0.179699,0.232751,0.256365,0.188277
309,1.287500,0.359226,0.302720,0.262730,0.300336,0.276610,0.210937,0.257373,0.172478,0.182609,0.248167,0.056669,0.179699,0.232750,0.256364,0.188279
310,1.291667,0.359223,0.302719,0.262735,0.300340,0.276608,0.210937,0.257373,0.172476,0.182608,0.248168,0.056667,0.179699,0.232752,0.256364,0.188276
311,1.295833,0.359222,0.302718,0.262736,0.300338,0.276608,0.210937,0.257396,0.172468,0.182601,0.248168,0.056668,0.179698,0.232753,0.256366,0.188275
312,1.300000,0.359218,0.302713,0.262744,0.300338,0.276606,0.210940,0.257377,0.172476,0.182608,0.248169,0.056667,0.179694,0.232755,0.256365,0.188274
313,1.304167,0.359214,0.302706,0.262749,0.300337,0.276606,0.210941,0.257396,0.172466,0.182600,0.248169,0.056667,0.179696,0.232756,0.256364,0.188272
314,1.308333,0.359212,0.302707,0.262758,0.300340,0.276603,0.210941,0.257393,0.172459,0.182590,0.248170,0.056666,0.179691,0.232759,0.256362,0.188266
315,1.312500,0.359206,0.302702,0.262765,0.300340,0.276600,0.210945,0.257378,0.172474,0.182600,0.248168,0.056667,0.179693,0.232761,0.256363,0.188261
316,1.316667,0.359200,0.302698,0.262775,0.300345,0.276600,0.210948,0.257391,0.172462,0.182587,0.248168,0.056666,0.179694,0.232762,0.256365,0.188258
317,1.320833,0.359197,0.302695,0.262785,0.300343,0.276597,0.210948,0.257394,0.172462,0.182582,0.248168,0.056667,0.179690,0.232767,0.256365,0.188251
318,1.325000,0.359194,0.302692,0.262793,0.300345,0.276595,0.210947,0.257401,0.172466,0.182587,0.248170,0.056666,0.179690,0.232768,0.256363,0.188248
319,1.329167,0.359183,0.302688,0.262813,0.300347,0.276593,0.210952,0.257400,0.172466,0.182587,0.248169,0.056666,0.179686,0.232770,0.256365,0.188243
320,1.333333,0.359165,0.302697,0.262841,0.300348,0.276592,0.210955,0.257396,0.172462,0.182576,0.248166,0.056670,0.179686,0.232774,0.256367,0.188236
321,1.337500,0.359158,0.302695,0.262854,0.300348,0.276590,0.210957,0.257384,0.172474,0.182579,0.248168,0.056669,0.179683,0.232777,0.256368,0.188229
322,1.341667,0.359150,0.302691,0.262867,0.300351,0.276588,0.210956,0.257403,0.172468,0.182573,0.248166,0.056670,0.179683,0.232779,0.256367,0.188225
323,1.345833,0.359141,0.302690,0.262881,0.300356,0.276576,0.210965,0.257383,0.172475,0.182577,0.248166,0.056672,0.179686,0.232782,0.256368,0.188219
324,1.350000,0.359124,0.302690,0.262899,0.300357,0.276576,0.210962,0.257400,0.172462,0.182563,0.248164,0.056672,0.179681,0.232784,0.256369,0.188212
325,1.354167,0.359117,0.302690,0.262910,0.300360,0.276571,0.210964,0.257403,0.172466,0.182565,0.248164,0.056673,0.179683,0.232785,0.256370,0.188207
326,1.358333,0.359111,0.302689,0.262923,0.300359,0.276571,0.210965,0.257404,0.172469,0.182567,0.248166,0.056674,0.179681,0.232790,0.256371,0.188201
327,1.362500,0.359103,0.302685,0.262934,0.300356,0.276565,0.210967,0.257406,0.172468,0.182562,0.248166,0.056674,0.179678,0.232792,0.256373,0.188197
328,1.366667,0.359095,0.302684,0.262947,0.300360,0.276568,0.210964,0.257386,0.172477,0.182565,0.248164,0.056675,0.179676,0.232793,0.256371,0.188190
329,1.370833,0.359084,0.302684,0.262958,0.300364,0.276567,0.210963,0.257407,0.172471,0.182560,0.248166,0.056677,0.179677,0.232796,0.256374,0.188185
330,1.375000,0.359082,0.302684,0.262965,0.300364,0.276567,0.210966,0.257406,0.172468,0.182556,0.248167,0.056675,0.179678,0.232799,0.256375,0.188179
331,1.379167,0.359073,0.302684,0.262972,0.300363,0.276566,0.210965,0.257406,0.172472,0.182554,0.248166,0.056675,0.179677,0.232799,0.256373,0.188175
332,1.383333,0.359065,0.302686,0.262979,0.300363,0.276565,0.210966,0.257412,0.172468,0.182546,0.248167,0.056678,0.179676,0.232805,0.256368,0.188170
333,1.387500,0.359064,0.302689,0.262984,0.300363,0.276567,0.210966,0.257403,0.172464,0.182543,0.248168,0.056676,0.179676,0.232803,0.256377,0.188159
334,1.391667,0.359061,0.302688,0.262989,0.300363,0.276568,0.210965,0.257407,0.172464,0.182540,0.248169,0.056675,0.179676,0.232804,0.256374,0.188161
335,1.395833,0.359052,0.302690,0.262994,0.300363,0.276568,0.210964,0.257388,0.172472,0.182538,0.248169,0.056673,0.179672,0.232805,0.256373,0.188159
336,1.400000,0.359052,0.302696,0.262990,0.300362,0.276567,0.210963,0.257412,0.172463,0.182531,0.248168,0.056674,0.179672,0.232805,0.256371,0.188158
337,1.404167,0.359050,0.302700,0.262992,0.300362,0.276569,0.210962,0.257412,0.172468,0.182543,0.248168,0.056674,0.179676,0.232805,0.256370,0.188157
338,1.408333,0.359052,0.302704,0.262988,0.300363,0.276569,0.210961,0.257412,0.172463,0.182533,0.248171,0.056674,0.179675,0.232805,0.256374,0.188149
339,1.412500,0.359046,0.302710,0.262990,0.300360,0.276575,0.210959,0.257416,0.172469,0.182539,0.248171,0.056670,0.179676,0.232804,0.256377,0.188147
340,1.416667,0.359048,0.302714,0.262986,0.300357,0.276569,0.210960,0.257414,0.172468,0.182542,0.248171,0.056670,0.179675,0.232808,0.256365,0.188154
341,1.420833,0.359049,0.302719,0.262982,0.300359,0.276576,0.210959,0.257415,0.172464,0.182530,0.248171,0.056671,0.179674,0.232806,0.256364,0.188155
342,1.425000,0.359051,0.302730,0.262974,0.300353,0.276586,0.210952,0.257413,0.172462,0.182532,0.248172,0.056670,0.179676,0.232804,0.256364,0.188158
343,1.429167,0.359052,0.302735,0.262970,0.300353,0.276588,0.210952,0.257416,0.172468,0.182543,0.248173,0.056669,0.179677,0.232799,0.256369,0.188163
344,1.433333,0.359053,0.302742,0.262959,0.300353,0.276583,0.210952,0.257416,0.172467,0.182544,0.248171,0.056669,0.179678,0.232796,0.256376,0.188159
345,1.437500,0.359059,0.302748,0.262952,0.300348,0.276593,0.210949,0.257416,0.172470,0.182544,0.248173,0.056671,0.179681,0.232794,0.256378,0.188164
346,1.441667,0.359062,0.302754,0.262946,0.300347,0.276595,0.210947,0.257416,0.172468,0.182547,0.248171,0.056671,0.179682,0.232790,0.256378,0.188168
347,1.445833,0.359067,0.302761,0.262935,0.300346,0.276597,0.210946,0.257414,0.172470,0.182551,0.248173,0.056670,0.179685,0.232789,0.256378,0.188173
348,1.450000,0.359071,0.302767,0.262927,0.300343,0.276601,0.210946,0.257409,0.172465,0.182545,0.248173,0.056673,0.179684,0.232786,0.256379,0.188180
349,1.454167,0.359077,0.302774,0.262913,0.300343,0.276603,0.210947,0.257408,0.172471,0.182561,0.248172,0.056672,0.179692,0.232782,0.256378,0.188187
350,1.458333,0.359082,0.302778,0.262903,0.300343,0.276605,0.210944,0.257391,0.172479,0.182564,0.248173,0.056670,0.179689,0.232780,0.256378,0.188192
351,1.462500,0.359091,0.302782,0.262892,0.300341,0.276607,0.210946,0.257409,0.172473,0.182566,0.248175,0.056672,0.179688,0.232777,0.256380,0.188199
352,1.466667,0.359096,0.302783,0.262880,0.300340,0.276611,0.210941,0.257410,0.172470,0.182572,0.248174,0.056672,0.179690,0.232774,0.256378,0.188206
353,1.470833,0.359114,0.302782,0.262863,0.300338,0.276614,0.210943,0.257409,0.172472,0.182574,0.248173,0.056671,0.179693,0.232772,0.256379,0.188211
354,1.475000,0.359113,0.302789,0.262856,0.300337,0.276616,0.210941,0.257409,0.172473,0.182575,0.248177,0.056670,0.179692,0.232765,0.256367,0.188221
355,1.479167,0.359119,0.302791,0.262846,0.300336,0.276616,0.210942,0.257410,0.172471,0.182576,0.248172,0.056671,0.179696,0.232766,0.256376,0.188224
356,1.483333,0.359135,0.302787,0.262831,0.300334,0.276617,0.210942,0.257390,0.172479,0.182582,0.248176,0.056672,0.179689,0.232763,0.256377,0.188231
357,1.487500,0.359134,0.302794,0.262827,0.300333,0.276617,0.210940,0.257407,0.172473,0.182582,0.248175,0.056670,0.179692,0.232762,0.256375,0.188237
358,1.491667,0.359139,0.302793,0.262817,0.300332,0.276618,0.210942,0.257408,0.172471,0.182584,0.248175,0.056671,0.179693,0.232759,0.256373,0.188245
359,1.495833,0.359172,0.302776,0.262780,0.300331,0.276621,0.210940,0.257408,0.172470,0.182587,0.248175,0.056668,0.179693,0.232758,0.256365,0.188254
360,1.500000,0.359177,0.302775,0.262773,0.300331,0.276619,0.210939,0.257408,0.172470,0.182589,0.248176,0.056668,0.179690,0.232756,0.256373,0.188252
361,1.504167,0.359184,0.302769,0.262767,0.300332,0.276618,0.210943,0.257403,0.172469,0.182594,0.248173,0.056668,0.179696,0.232755,0.256363,0.188264
362,1.508333,0.359189,0.302767,0.262762,0.300331,0.276619,0.210942,0.257402,0.172469,0.182598,0.248173,0.056667,0.179694,0.232753,0.256363,0.188267
363,1.512500,0.359196,0.302762,0.262758,0.300330,0.276618,0.210943,0.257402,0.172469,0.182597,0.248175,0.056667,0.179692,0.232752,0.256374,0.188263
364,1.516667,0.359200,0.302758,0.262755,0.300331,0.276617,0.210946,0.257399,0.172470,0.182605,0.248175,0.056666,0.179695,0.232754,0.256362,0.188273
365,1.520833,0.359202,0.302752,0.262752,0.300330,0.276616,0.210947,0.257379,0.172478,0.182605,0.248173,0.056666,0.179695,0.232752,0.256363,0.188276
366,1.525000,0.359205,0.302742,0.262752,0.300331,0.276614,0.210947,0.257400,0.172470,0.182603,0.248173,0.056668,0.179693,0.232752,0.256363,0.188277
367,1.529167,0.359206,0.302738,0.262754,0.300329,0.276611,0.210950,0.257398,0.172467,0.182603,0.248170,0.056668,0.179695,0.232750,0.256362,0.188279
368,1.533333,0.359207,0.302729,0.262756,0.300330,0.276609,0.210954,0.257396,0.172469,0.182602,0.248170,0.056669,0.179698,0.232751,0.256363,0.188279
369,1.537500,0.359210,0.302722,0.262760,0.300333,0.276606,0.210956,0.257396,0.172471,0.182608,0.248170,0.056670,0.179695,0.232751,0.256364,0.188279
370,1.541667,0.359209,0.302712,0.262764,0.300332,0.276605,0.210958,0.257375,0.172477,0.182611,0.248172,0.056669,0.179696,0.232752,0.256366,0.188277
371,1.545833,0.359205,0.302704,0.262772,0.300330,0.276599,0.210959,0.257373,0.172476,0.182612,0.248168,0.056668,0.179696,0.232752,0.256365,0.188276
372,1.550000,0.359204,0.302696,0.262780,0.300336,0.276601,0.210957,0.257391,0.172469,0.182610,0.248166,0.056671,0.179699,0.232753,0.256365,0.188273
373,1.554167,0.359202,0.302688,0.262790,0.300336,0.276598,0.210963,0.257390,0.172470,0.182609,0.248165,0.056670,0.179700,0.232755,0.256367,0.188272
374,1.558333,0.359196,0.302680,0.262802,0.300336,0.276595,0.210961,0.257390,0.172471,0.182603,0.248166,0.056671,0.179700,0.232758,0.256367,0.188269
375,1.562500,0.359188,0.302671,0.262816,0.300339,0.276594,0.210960,0.257391,0.172471,0.182600,0.248167,0.056669,0.179696,0.232756,0.256367,0.188266
376,1.566667,0.359172,0.302671,0.262845,0.300336,0.276588,0.210962,0.257387,0.172462,0.182588,0.248166,0.056670,0.179696,0.232760,0.256368,0.188263
377,1.570833,0.359166,0.302663,0.262857,0.300338,0.276585,0.210965,0.257391,0.172470,0.182595,0.248165,0.056671,0.179695,0.232760,0.256370,0.188256
378,1.575000,0.359160,0.302657,0.262867,0.300341,0.276585,0.210965,0.257392,0.172472,0.182590,0.248168,0.056670,0.179694,0.232763,0.256371,0.188250
379,1.579167,0.359153,0.302650,0.262877,0.300341,0.276580,0.210965,0.257390,0.172470,0.182588,0.248166,0.056668,0.179694,0.232765,0.256369,0.188247
380,1.583333,0.359149,0.302643,0.262889,0.300342,0.276582,0.210963,0.257386,0.172465,0.182586,0.248168,0.056672,0.179690,0.232767,0.256370,0.188240
381,1.587500,0.359141,0.302636,0.262901,0.300340,0.276577,0.210963,0.257394,0.172470,0.182584,0.248167,0.056669,0.179691,0.232768,0.256370,0.188235
382,1.591667,0.359136,0.302632,0.262910,0.300340,0.276573,0.210965,0.257391,0.172463,0.182573,0.248166,0.056667,0.179689,0.232771,0.256370,0.188227
383,1.595833,0.359129,0.302630,0.262921,0.300349,0.276566,0.210971,0.257394,0.172469,0.182578,0.248166,0.056667,0.179690,0.232774,0.256370,0.188220
384,1.600000,0.359122,0.302625,0.262931,0.300350,0.276569,0.210969,0.257390,0.172465,0.182565,0.248167,0.056670,0.179686,0.232777,0.256371,0.188215
385,1.604167,0.359114,0.302625,0.262940,0.300351,0.276564,0.210970,0.257391,0.172466,0.182562,0.248167,0.056670,0.179684,0.232778,0.256370,0.188211
386,1.608333,0.359109,0.302628,0.262945,0.300346,0.276561,0.210969,0.257394,0.172467,0.182556,0.248169,0.056671,0.179683,0.232782,0.256372,0.188203
387,1.612500,0.359097,0.302635,0.262952,0.300346,0.276562,0.210969,0.257393,0.172467,0.182558,0.248169,0.056670,0.179679,0.232784,0.256372,0.188196
388,1.616667,0.359090,0.302637,0.262958,0.300349,0.276558,0.210970,0.257399,0.172467,0.182567,0.248167,0.056671,0.179684,0.232786,0.256371,0.188192
389,1.620833,0.359084,0.302641,0.262962,0.300345,0.276563,0.210966,0.257398,0.172462,0.182555,0.248170,0.056671,0.179683,0.232788,0.256371,0.188186
390,1.625000,0.359087,0.302643,0.262963,0.300349,0.276561,0.210967,0.257395,0.172467,0.182552,0.248173,0.056672,0.179677,0.232788,0.256381,0.188175
391,1.629167,0.359074,0.302654,0.262970,0.300346,0.276565,0.210965,0.257382,0.172469,0.182547,0.248170,0.056673,0.179681,0.232790,0.256370,0.188174
392,1.633333,0.359070,0.302664,0.262973,0.300346,0.276562,0.210965,0.257401,0.172467,0.182539,0.248171,0.056673,0.179682,0.232791,0.256371,0.188174
393,1.637500,0.359065,0.302673,0.262974,0.300348,0.276565,0.210964,0.257382,0.172475,0.182543,0.248174,0.056674,0.179680,0.232791,0.256382,0.188164
394,1.641667,0.359059,0.302682,0.262975,0.300346,0.276564,0.210965,0.257403,0.172465,0.182541,0.248173,0.056674,0.179675,0.232794,0.256371,0.188169
395,1.645833,0.359056,0.302690,0.262977,0.300345,0.276571,0.210960,0.257385,0.172471,0.182542,0.248174,0.056674,0.179681,0.232790,0.256379,0.188161
396,1.650000,0.359054,0.302703,0.262974,0.300342,0.276581,0.210953,0.257409,0.172467,0.182535,0.248177,0.056673,0.179675,0.232792,0.256379,0.188161
397,1.654167,0.359052,0.302715,0.262971,0.300341,0.276584,0.210953,0.257415,0.172471,0.182543,0.248177,0.056675,0.179676,0.232794,0.256369,0.188166
398,1.658333,0.359050,0.302727,0.262969,0.300345,0.276588,0.210951,0.257416,0.172472,0.182544,0.248176,0.056673,0.179676,0.232792,0.256379,0.188163
399,1.662500,0.359050,0.302737,0.262964,0.300345,0.276592,0.210950,0.257418,0.172472,0.182542,0.248178,0.056675,0.179674,0.232791,0.256379,0.188162
400,1.666667,0.359048,0.302745,0.262959,0.300342,0.276593,0.210949,0.257417,0.172471,0.182547,0.248178,0.056676,0.179677,0.232792,0.256378,0.188165
401,1.670833,0.359052,0.302772,0.262981,0.300344,0.276598,0.210946,0.257413,0.172470,0.182533,0.248178,0.056673,0.179675,0.232791,0.256377,0.188169
402,1.675000,0.359060,0.302783,0.262972,0.300341,0.276602,0.210948,0.257420,0.172477,0.182538,0.248179,0.056675,0.179677,0.232792,0.256369,0.188178
403,1.679167,0.359061,0.302791,0.262964,0.300344,0.276604,0.210946,0.257415,0.172466,0.182537,0.248179,0.056676,0.179675,0.232793,0.256369,0.188176
404,1.683333,0.359064,0.302801,0.262957,0.300343,0.276608,0.210944,0.257421,0.172472,0.182549,0.248178,0.056673,0.179681,0.232792,0.256368,0.188182
405,1.687500,0.359069,0.302809,0.262946,0.300343,0.276611,0.210939,0.257417,0.172470,0.182539,0.248178,0.056674,0.179681,0.232788,0.256377,0.188182
406,1.691667,0.359075,0.302817,0.262935,0.300344,0.276615,0.210941,0.257401,0.172471,0.182544,0.248179,0.056673,0.179681,0.232788,0.256367,0.188191
407,1.695833,0.359082,0.302824,0.262927,0.300342,0.276617,0.210942,0.257422,0.172471,0.182552,0.248181,0.056672,0.179679,0.232789,0.256376,0.188189
408,1.700000,0.359088,0.302830,0.262917,0.300342,0.276617,0.210941,0.257424,0.172471,0.182555,0.248181,0.056673,0.179681,0.232787,0.256375,0.188192
409,1.704167,0.359097,0.302838,0.262904,0.300343,0.276620,0.210941,0.257423,0.172472,0.182560,0.248181,0.056671,0.179683,0.232786,0.256365,0.188204
410,1.708333,0.359104,0.302840,0.262893,0.300344,0.276622,0.210941,0.257423,0.172470,0.182562,0.248181,0.056670,0.179682,0.232783,0.256364,0.188213
411,1.712500,0.359112,0.302845,0.262884,0.300345,0.276621,0.210941,0.257420,0.172472,0.182564,0.248179,0.056670,0.179688,0.232784,0.256364,0.188215
412,1.716667,0.359121,0.302848,0.262875,0.300345,0.276622,0.210942,0.257423,0.172471,0.182568,0.248179,0.056671,0.179687,0.232785,0.256365,0.188219
413,1.720833,0.359124,0.302848,0.262867,0.300342,0.276623,0.210941,0.257422,0.172468,0.182572,0.248180,0.056670,0.179685,0.232782,0.256364,0.188225
414,1.725000,0.359135,0.302847,0.262858,0.300345,0.276622,0.210941,0.257423,0.172469,0.182573,0.248178,0.056671,0.179688,0.232782,0.256363,0.188231
415,1.729167,0.359153,0.302843,0.262844,0.300344,0.276622,0.210942,0.257421,0.172467,0.182573,0.248180,0.056668,0.179686,0.232781,0.256364,0.188236
416,1.733333,0.359160,0.302838,0.262839,0.300344,0.276621,0.210942,0.257421,0.172469,0.182578,0.248178,0.056670,0.179688,0.232779,0.256362,0.188241
417,1.737500,0.359177,0.302822,0.262817,0.300346,0.276620,0.210943,0.257418,0.172467,0.182580,0.248179,0.056669,0.179688,0.232778,0.256363,0.188246
418,1.741667,0.359183,0.302817,0.262812,0.300345,0.276619,0.210944,0.257420,0.172468,0.182579,0.248178,0.056670,0.179688,0.232776,0.256362,0.188251
419,1.745833,0.359184,0.302795,0.262782,0.300347,0.276617,0.210946,0.257413,0.172466,0.182587,0.248177,0.056667,0.179690,0.232776,0.256362,0.188257
420,1.750000,0.359192,0.302784,0.262771,0.300346,0.276616,0.210947,0.257417,0.172466,0.182585,0.248177,0.056668,0.179689,0.232776,0.256361,0.188257
421,1.754167,0.359198,0.302775,0.262772,0.300349,0.276612,0.210949,0.257411,0.172467,0.182595,0.248173,0.056669,0.179694,0.232775,0.256364,0.188263
422,1.758333,0.359202,0.302762,0.262774,0.300350,0.276609,0.210952,0.257409,0.172467,0.182594,0.248174,0.056670,0.179690,0.232774,0.256363,0.188266
423,1.762500,0.359204,0.302749,0.262776,0.300348,0.276607,0.210953,0.257408,0.172467,0.182597,0.248172,0.056670,0.179690,0.232773,0.256364,0.188267
424,1.766667,0.359208,0.302737,0.262777,0.300351,0.276604,0.210953,0.257406,0.172468,0.182599,0.248172,0.056668,0.179690,0.232774,0.256365,0.188269
425,1.770833,0.359211,0.302721,0.262779,0.300350,0.276603,0.210955,0.257404,0.172465,0.182600,0.248171,0.056669,0.179692,0.232770,0.256367,0.188273
426,1.775000,0.359213,0.302708,0.262780,0.300351,0.276599,0.210957,0.257383,0.172476,0.182603,0.248169,0.056668,0.179694,0.232771,0.256367,0.188273
427,1.779167,0.359214,0.302692,0.262788,0.300351,0.276594,0.210959,0.257402,0.172468,0.182599,0.248170,0.056671,0.179692,0.232769,0.256369,0.188273
428,1.783333,0.359213,0.302678,0.262794,0.300352,0.276591,0.210961,0.257400,0.172469,0.182599,0.248169,0.056672,0.179695,0.232770,0.256368,0.188275
429,1.787500,0.359214,0.302664,0.262801,0.300356,0.276581,0.210965,0.257397,0.172469,0.182601,0.248170,0.056670,0.179691,0.232769,0.256370,0.188274
430,1.791667,0.359223,0.302640,0.262843,0.300352,0.276586,0.210959,0.257397,0.172469,0.182602,0.248168,0.056669,0.179693,0.232770,0.256370,0.188268
431,1.795833,0.359217,0.302627,0.262859,0.300355,0.276582,0.210961,0.257395,0.172468,0.182601,0.248167,0.056669,0.179693,0.232769,0.256369,0.188268
432,1.800000,0.359230,0.302603,0.262842,0.300356,0.276572,0.210967,0.257376,0.172477,0.182601,0.248167,0.056670,0.179691,0.232769,0.256371,0.188267
433,1.804167,0.359213,0.302603,0.262872,0.300358,0.276566,0.210969,0.257392,0.172472,0.182593,0.248166,0.056667,0.179693,0.232771,0.256371,0.188264
434,1.808333,0.359218,0.302587,0.262869,0.300359,0.276562,0.210970,0.257393,0.172466,0.182598,0.248166,0.056670,0.179693,0.232771,0.256371,0.188262
435,1.812500,0.359216,0.302577,0.262876,0.300360,0.276560,0.210971,0.257394,0.172466,0.182597,0.248165,0.056668,0.179692,0.232773,0.256371,0.188255
436,1.816667,0.359213,0.302570,0.262882,0.300361,0.276558,0.210969,0.257395,0.172468,0.182591,0.248167,0.056668,0.179689,0.232774,0.256373,0.188256
437,1.820833,0.359211,0.302564,0.262886,0.300357,0.276552,0.210970,0.257394,0.172465,0.182591,0.248166,0.056668,0.179691,0.232773,0.256372,0.188254
438,1.825000,0.359207,0.302560,0.262896,0.300361,0.276552,0.210972,0.257374,0.172475,0.182590,0.248166,0.056668,0.179688,0.232776,0.256370,0.188245
439,1.829167,0.359202,0.302554,0.262901,0.300356,0.276551,0.210973,0.257372,0.172475,0.182590,0.248169,0.056664,0.179689,0.232776,0.256372,0.188241
440,1.833333,0.359196,0.302552,0.262909,0.300358,0.276549,0.210973,0.257371,0.172467,0.182579,0.248166,0.056668,0.179686,0.232776,0.256373,0.188238
441,1.837500,0.359192,0.302550,0.262913,0.300356,0.276547,0.210971,0.257373,0.172476,0.182581,0.248168,0.056668,0.179690,0.232776,0.256371,0.188231
442,1.841667,0.359177,0.302557,0.262928,0.300355,0.276548,0.210971,0.257395,0.172468,0.182579,0.248167,0.056669,0.179685,0.232779,0.256372,0.188228
443,1.845833,0.359183,0.302556,0.262924,0.300354,0.276549,0.210973,0.257392,0.172468,0.182582,0.248169,0.056666,0.179685,0.232778,0.256374,0.188226
444,1.850000,0.359175,0.302559,0.262928,0.300355,0.276550,0.210973,0.257391,0.172462,0.182570,0.248167,0.056670,0.179686,0.232779,0.256374,0.188222
445,1.854167,0.359167,0.302564,0.262934,0.300355,0.276550,0.210973,0.257392,0.172465,0.182563,0.248169,0.056667,0.179685,0.232780,0.256373,0.188218
446,1.858333,0.359155,0.302577,0.262949,0.300353,0.276552,0.210971,0.257391,0.172467,0.182564,0.248171,0.056670,0.179683,0.232781,0.256375,0.188216
447,1.862500,0.359151,0.302584,0.262949,0.300352,0.276554,0.210973,0.257396,0.172473,0.182569,0.248171,0.056672,0.179683,0.232779,0.256371,0.188212
448,1.866667,0.359121,0.302617,0.262932,0.300352,0.276557,0.210971,0.257379,0.172478,0.182577,0.248171,0.056672,0.179684,0.232781,0.256373,0.188210
449,1.870833,0.359117,0.302628,0.262933,0.300353,0.276559,0.210971,0.257376,0.172473,0.182562,0.248171,0.056670,0.179687,0.232781,0.256374,0.188210
450,1.875000,0.359112,0.302643,0.262935,0.300349,0.276564,0.210972,0.257380,0.172472,0.182563,0.248171,0.056671,0.179684,0.232782,0.256372,0.188209
451,1.879167,0.359108,0.302652,0.262936,0.300349,0.276566,0.210970,0.257405,0.172471,0.182570,0.248173,0.056672,0.179683,0.232783,0.256371,0.188209
452,1.883333,0.359094,0.302673,0.262942,0.300344,0.276579,0.210965,0.257402,0.172463,0.182561,0.248174,0.056672,0.179685,0.232784,0.256372,0.188204
453,1.887500,0.359090,0.302689,0.262941,0.300347,0.276585,0.210964,0.257406,0.172470,0.182570,0.248175,0.056672,0.179684,0.232785,0.256371,0.188204
454,1.891667,0.359088,0.302701,0.262941,0.300343,0.276587,0.210965,0.257393,0.172477,0.182570,0.248174,0.056673,0.179685,0.232786,0.256370,0.188205
455,1.895833,0.359085,0.302718,0.262941,0.300342,0.276590,0.210964,0.257394,0.172479,0.182567,0.248177,0.056673,0.179683,0.232785,0.256368,0.188204
456,1.900000,0.359082,0.302733,0.262938,0.300346,0.276596,0.210963,0.257415,0.172471,0.182564,0.248180,0.056671,0.179682,0.232787,0.256369,0.188206
457,1.904167,0.359080,0.302749,0.262935,0.300340,0.276596,0.210964,0.257416,0.172470,0.182564,0.248180,0.056672,0.179680,0.232789,0.256369,0.188203
458,1.908333,0.359078,0.302762,0.262930,0.300345,0.276602,0.210961,0.257420,0.172471,0.182560,0.248179,0.056673,0.179681,0.232788,0.256367,0.188202
459,1.912500,0.359080,0.302790,0.262951,0.300341,0.276602,0.210962,0.257419,0.172469,0.182565,0.248178,0.056670,0.179682,0.232789,0.256366,0.188204
460,1.916667,0.359083,0.302802,0.262944,0.300345,0.276609,0.210960,0.257421,0.172470,0.182568,0.248180,0.056669,0.179683,0.232790,0.256364,0.188205
461,1.920833,0.359084,0.302815,0.262940,0.300342,0.276609,0.210960,0.257427,0.172471,0.182562,0.248178,0.056671,0.179680,0.232792,0.256365,0.188206
462,1.925000,0.359082,0.302828,0.262936,0.300345,0.276614,0.210960,0.257428,0.172471,0.182560,0.248181,0.056670,0.179680,0.232792,0.256365,0.188206
463,1.929167,0.359086,0.302837,0.262931,0.300343,0.276617,0.210961,0.257427,0.172469,0.182564,0.248181,0.056670,0.179680,0.232793,0.256363,0.188206
464,1.933333,0.359086,0.302846,0.262927,0.300345,0.276616,0.210960,0.257428,0.172468,0.182565,0.248182,0.056668,0.179678,0.232792,0.256362,0.188209
465,1.937500,0.359092,0.302852,0.262922,0.300344,0.276619,0.210960,0.257428,0.172468,0.182569,0.248179,0.056670,0.179681,0.232793,0.256362,0.188214
466,1.941667,0.359093,0.302859,0.262917,0.300344,0.276621,0.210961,0.257429,0.172467,0.182567,0.248179,0.056670,0.179682,0.232793,0.256363,0.188211
467,1.945833,0.359095,0.302863,0.262912,0.300346,0.276621,0.210962,0.257429,0.172467,0.182567,0.248179,0.056670,0.179683,0.232793,0.256362,0.188212
468,1.950000,0.359098,0.302865,0.262911,0.300346,0.276622,0.210961,0.257430,0.172468,0.182568,0.248179,0.056671,0.179681,0.232792,0.256361,0.188214
469,1.954167,0.359099,0.302867,0.262912,0.300348,0.276623,0.210961,0.257427,0.172466,0.182573,0.248178,0.056671,0.179683,0.232792,0.256363,0.188220
470,1.958333,0.359103,0.302862,0.262907,0.300347,0.276622,0.210959,0.257428,0.172468,0.182573,0.248178,0.056672,0.179682,0.232793,0.256363,0.188219
471,1.962500,0.359104,0.302861,0.262906,0.300346,0.276621,0.210960,0.257425,0.172468,0.182575,0.248174,0.056671,0.179682,0.232793,0.256364,0.188221
472,1.966667,0.359105,0.302859,0.262912,0.300350,0.276621,0.210961,0.257424,0.172469,0.182573,0.248176,0.056670,0.179681,0.232792,0.256364,0.188224
473,1.970833,0.359105,0.302854,0.262911,0.300349,0.276619,0.210963,0.257426,0.172470,0.182576,0.248175,0.056671,0.179687,0.232791,0.256366,0.188226
474,1.975000,0.359107,0.302845,0.262911,0.300347,0.276618,0.210962,0.257425,0.172469,0.182576,0.248176,0.056674,0.179684,0.232790,0.256365,0.188226
475,1.979167,0.359110,0.302836,0.262911,0.300350,0.276615,0.210963,0.257421,0.172471,0.182579,0.248173,0.056674,0.179686,0.232790,0.256366,0.188227
476,1.983333,0.359114,0.302825,0.262911,0.300350,0.276614,0.210961,0.257418,0.172472,0.182579,0.248174,0.056672,0.179686,0.232789,0.256365,0.188229
477,1.987500,0.359114,0.302814,0.262914,0.300351,0.276611,0.210965,0.257414,0.172469,0.182583,0.248171,0.056673,0.179686,0.232789,0.256368,0.188229
478,1.991667,0.359112,0.302788,0.262892,0.300351,0.276607,0.210965,0.257414,0.172472,0.182583,0.248170,0.056674,0.179687,0.232787,0.256368,0.188227
479,1.995833,0.359124,0.302768,0.262887,0.300352,0.276604,0.210964,0.257414,0.172470,0.182583,0.248171,0.056673,0.179685,0.232787,0.256367,0.188229
480,2.000000,0.359128,0.302752,0.262886,0.300351,0.276601,0.210962,0.257412,0.172468,0.182582,0.248171,0.056672,0.179685,0.232786,0.256368,0.188232
481,2.004167,0.359122,0.302742,0.262891,0.300351,0.276598,0.210966,0.257391,0.172479,0.182584,0.248168,0.056671,0.179684,0.232786,0.256368,0.188231
482,2.008333,0.359133,0.302721,0.262888,0.300353,0.276595,0.210962,0.257392,0.172477,0.182580,0.248169,0.056673,0.179689,0.232785,0.256369,0.188232
483,2.012500,0.359135,0.302707,0.262890,0.300352,0.276591,0.210964,0.257407,0.172469,0.182582,0.248167,0.056674,0.179690,0.232783,0.256369,0.188230
484,2.016667,0.359129,0.302695,0.262896,0.300356,0.276584,0.210965,0.257404,0.172467,0.182586,0.248166,0.056671,0.179690,0.232782,0.256368,0.188231
485,2.020833,0.359141,0.302676,0.262892,0.300356,0.276579,0.210966,0.257403,0.172469,0.182584,0.248168,0.056670,0.179691,0.232782,0.256370,0.188232
486,2.025000,0.359146,0.302662,0.262894,0.300357,0.276573,0.210967,0.257383,0.172476,0.182585,0.248165,0.056674,0.179690,0.232779,0.256372,0.188232
487,2.029167,0.359146,0.302648,0.262898,0.300356,0.276572,0.210967,0.257399,0.172469,0.182584,0.248166,0.056673,0.179690,0.232780,0.256372,0.188230
488,2.033333,0.359148,0.302636,0.262899,0.300357,0.276568,0.210963,0.257379,0.172477,0.182587,0.248165,0.056672,0.179693,0.232778,0.256373,0.188232
489,2.037500,0.359171,0.302603,0.262917,0.300353,0.276564,0.210964,0.257374,0.172481,0.182584,0.248166,0.056671,0.179691,0.232774,0.256372,0.188232
490,2.041667,0.359174,0.302593,0.262915,0.300353,0.276563,0.210967,0.257370,0.172473,0.182575,0.248161,0.056672,0.179692,0.232773,0.256374,0.188232
491,2.045833,0.359173,0.302584,0.262917,0.300353,0.276562,0.210966,0.257369,0.172479,0.182585,0.248163,0.056669,0.179692,0.232772,0.256374,0.188228
492,2.050000,0.359173,0.302579,0.262914,0.300350,0.276557,0.210966,0.257382,0.172464,0.182581,0.248162,0.056673,0.179695,0.232770,0.256375,0.188230
493,2.054167,0.359176,0.302573,0.262914,0.300353,0.276560,0.210962,0.257379,0.172468,0.182581,0.248163,0.056673,0.179697,0.232767,0.256375,0.188233
494,2.058333,0.359178,0.302571,0.262910,0.300348,0.276555,0.210965,0.257363,0.172474,0.182583,0.248162,0.056672,0.179694,0.232767,0.256376,0.188234
495,2.062500,0.359184,0.302562,0.262904,0.300346,0.276555,0.210962,0.257380,0.172470,0.182577,0.248161,0.056672,0.179695,0.232765,0.256379,0.188234
496,2.066667,0.359184,0.302559,0.262903,0.300349,0.276559,0.210961,0.257357,0.172479,0.182584,0.248162,0.056673,0.179699,0.232763,0.256387,0.188226
497,2.070833,0.359183,0.302562,0.262902,0.300342,0.276559,0.210961,0.257360,0.172475,0.182582,0.248166,0.056674,0.179696,0.232763,0.256377,0.188237
498,2.075000,0.359185,0.302565,0.262899,0.300348,0.276560,0.210961,0.257360,0.172477,0.182581,0.248164,0.056671,0.179696,0.232760,0.256385,0.188233
499,2.079167,0.359184,0.302565,0.262896,0.300339,0.276562,0.210962,0.257375,0.172469,0.182580,0.248163,0.056671,0.179699,0.232759,0.256386,0.188229
500,2.083333,0.359185,0.302570,0.262893,0.300342,0.276560,0.210960,0.257380,0.172469,0.182578,0.248164,0.056672,0.179697,0.232760,0.256375,0.188238
501,2.087500,0.359184,0.302578,0.262889,0.300340,0.276563,0.210958,0.257378,0.172468,0.182580,0.248166,0.056670,0.179697,0.232757,0.256382,0.188237
502,2.091667,0.359184,0.302585,0.262885,0.300335,0.276570,0.210956,0.257358,0.172480,0.182584,0.248166,0.056672,0.179697,0.232755,0.256383,0.188239
503,2.095833,0.359183,0.302595,0.262881,0.300336,0.276572,0.210956,0.257365,0.172484,0.182587,0.248164,0.056673,0.179699,0.232755,0.256383,0.188235
504,2.100000,0.359184,0.302603,0.262877,0.300334,0.276573,0.210955,0.257362,0.172479,0.182580,0.248167,0.056673,0.179697,0.232756,0.256372,0.188242
505,2.104167,0.359155,0.302638,0.262860,0.300330,0.276583,0.210952,0.257365,0.172484,0.182593,0.248168,0.056672,0.179701,0.232754,0.256381,0.188238
506,2.108333,0.359155,0.302651,0.262854,0.300333,0.276591,0.210948,0.257362,0.172476,0.182587,0.248168,0.056674,0.179693,0.232754,0.256381,0.188239
507,2.112500,0.359153,0.302663,0.262850,0.300332,0.276594,0.210954,0.257365,0.172480,0.182584,0.248167,0.056674,0.179693,0.232756,0.256381,0.188239
508,2.116667,0.359153,0.302676,0.262846,0.300328,0.276593,0.210953,0.257366,0.172479,0.182580,0.248170,0.056676,0.179691,0.232751,0.256370,0.188241
509,2.120833,0.359152,0.302690,0.262844,0.300328,0.276596,0.210950,0.257375,0.172483,0.182585,0.248170,0.056674,0.179689,0.232755,0.256379,0.188239
510,2.125000,0.359149,0.302704,0.262838,0.300327,0.276599,0.210953,0.257377,0.172481,0.182592,0.248173,0.056672,0.179690,0.232752,0.256369,0.188242
511,2.129167,0.359141,0.302721,0.262839,0.300329,0.276602,0.210951,0.257379,0.172479,0.182589,0.248173,0.056673,0.179692,0.232756,0.256377,0.188238
512,2.133333,0.359156,0.302722,0.262817,0.300330,0.276607,0.210951,0.257395,0.172469,0.182575,0.248173,0.056674,0.179690,0.232758,0.256376,0.188235
513,2.137500,0.359138,0.302750,0.262834,0.300329,0.276610,0.210951,0.257404,0.172476,0.182579,0.248177,0.056674,0.179687,0.232761,0.256374,0.188235
514,2.141667,0.359132,0.302761,0.262838,0.300325,0.276610,0.210950,0.257403,0.172476,0.182584,0.248176,0.056673,0.179687,0.232765,0.256365,0.188241
515,2.145833,0.359138,0.302770,0.262831,0.300328,0.276615,0.210949,0.257404,0.172466,0.182570,0.248175,0.056672,0.179686,0.232765,0.256363,0.188240
516,2.150000,0.359127,0.302786,0.262836,0.300327,0.276615,0.210950,0.257394,0.172478,0.182580,0.248174,0.056675,0.179684,0.232768,0.256362,0.188238
517,2.154167,0.359126,0.302797,0.262838,0.300330,0.276618,0.210951,0.257412,0.172471,0.182578,0.248176,0.056672,0.179685,0.232770,0.256363,0.188239
518,2.158333,0.359124,0.302819,0.262868,0.300332,0.276620,0.210950,0.257416,0.172473,0.182577,0.248177,0.056674,0.179683,0.232773,0.256362,0.188237
519,2.162500,0.359120,0.302828,0.262870,0.300334,0.276623,0.210951,0.257417,0.172469,0.182578,0.248178,0.056677,0.179687,0.232775,0.256362,0.188234
520,2.166667,0.359118,0.302833,0.262874,0.300336,0.276623,0.210952,0.257418,0.172471,0.182576,0.248179,0.056674,0.179680,0.232776,0.256361,0.188232
521,2.170833,0.359114,0.302838,0.262882,0.300337,0.276625,0.210952,0.257419,0.172469,0.182573,0.248175,0.056675,0.179681,0.232779,0.256364,0.188230
522,2.175000,0.359108,0.302842,0.262885,0.300336,0.276623,0.210950,0.257422,0.172472,0.182571,0.248177,0.056675,0.179681,0.232781,0.256362,0.188227
523,2.179167,0.359106,0.302843,0.262891,0.300337,0.276622,0.210950,0.257402,0.172477,0.182574,0.248176,0.056674,0.179683,0.232781,0.256363,0.188225
524,2.183333,0.359105,0.302845,0.262895,0.300340,0.276623,0.210952,0.257422,0.172470,0.182570,0.248176,0.056676,0.179679,0.232785,0.256363,0.188221
525,2.187500,0.359100,0.302843,0.262904,0.300342,0.276623,0.210953,0.257421,0.172471,0.182572,0.248175,0.056674,0.179686,0.232786,0.256362,0.188218
526,2.191667,0.359096,0.302842,0.262911,0.300343,0.276619,0.210953,0.257404,0.172478,0.182569,0.248175,0.056676,0.179685,0.232789,0.256364,0.188216
527,2.195833,0.359094,0.302839,0.262919,0.300343,0.276619,0.210955,0.257422,0.172471,0.182570,0.248174,0.056676,0.179683,0.232790,0.256364,0.188215
528,2.200000,0.359088,0.302831,0.262928,0.300346,0.276617,0.210958,0.257422,0.172471,0.182570,0.248174,0.056677,0.179683,0.232792,0.256364,0.188212
529,2.204167,0.359086,0.302827,0.262935,0.300346,0.276614,0.210957,0.257423,0.172469,0.182569,0.248173,0.056677,0.179681,0.232793,0.256364,0.188207
530,2.208333,0.359083,0.302822,0.262943,0.300349,0.276612,0.210956,0.257421,0.172471,0.182567,0.248170,0.056676,0.179685,0.232794,0.256366,0.188206
531,2.212500,0.359083,0.302813,0.262947,0.300349,0.276610,0.210955,0.257422,0.172472,0.182565,0.248173,0.056677,0.179679,0.232797,0.256368,0.188204
532,2.216667,0.359082,0.302803,0.262956,0.300350,0.276606,0.210960,0.257423,0.172467,0.182563,0.248171,0.056676,0.179682,0.232800,0.256367,0.188202
533,2.220833,0.359080,0.302794,0.262961,0.300352,0.276604,0.210957,0.257420,0.172469,0.182565,0.248167,0.056675,0.179685,0.232800,0.256366,0.188196
534,2.225000,0.359075,0.302770,0.262943,0.300355,0.276601,0.210957,0.257420,0.172470,0.182564,0.248171,0.056676,0.179684,0.232801,0.256368,0.188197
535,2.229167,0.359075,0.302757,0.262947,0.300357,0.276597,0.210957,0.257421,0.172470,0.182562,0.248170,0.056674,0.179681,0.232803,0.256368,0.188191
536,2.233333,0.359073,0.302745,0.262952,0.300362,0.276583,0.210962,0.257418,0.172468,0.182563,0.248170,0.056672,0.179681,0.232803,0.256368,0.188189
537,2.237500,0.359075,0.302733,0.262954,0.300354,0.276587,0.210959,0.257417,0.172467,0.182561,0.248168,0.056675,0.179680,0.232803,0.256366,0.188187
538,2.241667,0.359080,0.302721,0.262957,0.300364,0.276579,0.210964,0.257415,0.172469,0.182561,0.248169,0.056672,0.179679,0.232802,0.256367,0.188191
539,2.245833,0.359079,0.302709,0.262960,0.300362,0.276575,0.210963,0.257412,0.172469,0.182560,0.248167,0.056674,0.179681,0.232802,0.256369,0.188188
540,2.250000,0.359082,0.302698,0.262959,0.300363,0.276572,0.210965,0.257390,0.172471,0.182550,0.248169,0.056675,0.179680,0.232805,0.256366,0.188184
541,2.254167,0.359086,0.302686,0.262958,0.300360,0.276567,0.210966,0.257411,0.172467,0.182558,0.248168,0.056674,0.179679,0.232803,0.256373,0.188187
542,2.258333,0.359088,0.302676,0.262962,0.300364,0.276568,0.210965,0.257410,0.172471,0.182561,0.248168,0.056676,0.179678,0.232800,0.256371,0.188189
543,2.262500,0.359098,0.302661,0.262954,0.300366,0.276567,0.210966,0.257404,0.172467,0.182554,0.248165,0.056675,0.179680,0.232800,0.256373,0.188190
544,2.266667,0.359096,0.302656,0.262959,0.300364,0.276563,0.210966,0.257389,0.172477,0.182565,0.248165,0.056673,0.179687,0.232799,0.256374,0.188189
545,2.270833,0.359099,0.302647,0.262955,0.300365,0.276563,0.210967,0.257386,0.172476,0.182569,0.248164,0.056677,0.179687,0.232797,0.256374,0.188191
546,2.275000,0.359104,0.302639,0.262953,0.300364,0.276563,0.210965,0.257378,0.172477,0.182558,0.248167,0.056677,0.179684,0.232793,0.256373,0.188195
547,2.279167,0.359109,0.302634,0.262950,0.300363,0.276562,0.210966,0.257377,0.172476,0.182559,0.248164,0.056674,0.179691,0.232794,0.256376,0.188201
548,2.283333,0.359111,0.302629,0.262945,0.300362,0.276561,0.210965,0.257378,0.172477,0.182575,0.248164,0.056675,0.179687,0.232790,0.256375,0.188200
549,2.287500,0.359119,0.302622,0.262937,0.300361,0.276561,0.210965,0.257391,0.172467,0.182567,0.248164,0.056676,0.179692,0.232788,0.256375,0.188206
550,2.291667,0.359125,0.302618,0.262931,0.300356,0.276557,0.210964,0.257372,0.172474,0.182568,0.248165,0.056675,0.179692,0.232784,0.256376,0.188213
551,2.295833,0.359130,0.302616,0.262927,0.300354,0.276559,0.210963,0.257390,0.172475,0.182574,0.248163,0.056673,0.179694,0.232781,0.256375,0.188217
552,2.300000,0.359155,0.302598,0.262937,0.300352,0.276560,0.210963,0.257369,0.172475,0.182571,0.248165,0.056676,0.179691,0.232778,0.256385,0.188214
553,2.304167,0.359159,0.302596,0.262929,0.300351,0.276561,0.210964,0.257385,0.172473,0.182574,0.248161,0.056675,0.179697,0.232773,0.256386,0.188219
554,2.308333,0.359165,0.302599,0.262920,0.300348,0.276563,0.210966,0.257365,0.172479,0.182577,0.248166,0.056674,0.179696,0.232773,0.256376,0.188228
555,2.312500,0.359168,0.302603,0.262912,0.300346,0.276565,0.210963,0.257369,0.172483,0.182590,0.248164,0.056675,0.179698,0.232770,0.256378,0.188233
556,2.316667,0.359174,0.302607,0.262902,0.300344,0.276580,0.210958,0.257365,0.172480,0.182581,0.248165,0.056674,0.179699,0.232764,0.256385,0.188232
557,2.320833,0.359156,0.302632,0.262873,0.300337,0.276579,0.210956,0.257383,0.172470,0.182583,0.248167,0.056673,0.179699,0.232762,0.256385,0.188234
558,2.325000,0.359181,0.302619,0.262884,0.300339,0.276586,0.210956,0.257365,0.172487,0.182593,0.248168,0.056673,0.179699,0.232762,0.256376,0.188247
559,2.329167,0.359161,0.302644,0.262856,0.300333,0.276585,0.210955,0.257368,0.172486,0.182594,0.248169,0.056674,0.179697,0.232759,0.256384,0.188245
560,2.333333,0.359166,0.302651,0.262844,0.300331,0.276587,0.210955,0.257363,0.172481,0.182587,0.248169,0.056670,0.179699,0.232755,0.256381,0.188246
561,2.337500,0.359166,0.302661,0.262839,0.300328,0.276591,0.210955,0.257369,0.172487,0.182595,0.248170,0.056672,0.179697,0.232753,0.256381,0.188251
562,2.341667,0.359168,0.302670,0.262830,0.300326,0.276593,0.210954,0.257384,0.172467,0.182595,0.248171,0.056672,0.179699,0.232753,0.256370,0.188261
563,2.345833,0.359168,0.302679,0.262824,0.300325,0.276595,0.210956,0.257374,0.172482,0.182600,0.248170,0.056670,0.179698,0.232751,0.256369,0.188263
564,2.350000,0.359182,0.302677,0.262801,0.300323,0.276599,0.210955,0.257374,0.172480,0.182600,0.248172,0.056671,0.179701,0.232751,0.256370,0.188268
565,2.354167,0.359176,0.302697,0.262808,0.300328,0.276606,0.210956,0.257393,0.172473,0.182601,0.248175,0.056670,0.179700,0.232748,0.256377,0.188264
566,2.358333,0.359183,0.302696,0.262792,0.300326,0.276608,0.210954,0.257377,0.172482,0.182606,0.248173,0.056669,0.179701,0.232748,0.256367,0.188272
567,2.362500,0.359184,0.302707,0.262784,0.300321,0.276608,0.210954,0.257397,0.172477,0.182604,0.248175,0.056669,0.179698,0.232748,0.256367,0.188273
568,2.366667,0.359183,0.302717,0.262781,0.300322,0.276612,0.210952,0.257380,0.172483,0.182604,0.248174,0.056672,0.179700,0.232747,0.256366,0.188273
569,2.370833,0.359181,0.302728,0.262781,0.300321,0.276614,0.210954,0.257378,0.172486,0.182601,0.248176,0.056670,0.179697,0.232749,0.256366,0.188274
570,2.375000,0.359177,0.302735,0.262780,0.300321,0.276619,0.210954,0.257380,0.172482,0.182603,0.248173,0.056673,0.179699,0.232748,0.256374,0.188265
571,2.379167,0.359174,0.302744,0.262782,0.300323,0.276618,0.210953,0.257384,0.172484,0.182601,0.248175,0.056673,0.179701,0.232748,0.256376,0.188267
572,2.383333,0.359165,0.302761,0.262784,0.300318,0.276615,0.210958,0.257401,0.172476,0.182597,0.248175,0.056672,0.179699,0.232750,0.256367,0.188272
573,2.387500,0.359171,0.302763,0.262784,0.300321,0.276620,0.210956,0.257399,0.172480,0.182595,0.248177,0.056671,0.179697,0.232751,0.256365,0.188270
574,2.391667,0.359167,0.302770,0.262789,0.300318,0.276617,0.210958,0.257402,0.172474,0.182597,0.248174,0.056673,0.179699,0.232746,0.256364,0.188265
575,2.395833,0.359153,0.302776,0.262798,0.300320,0.276619,0.210956,0.257404,0.172475,0.182598,0.248175,0.056671,0.179699,0.232753,0.256374,0.188259
576,2.400000,0.359133,0.302795,0.262828,0.300325,0.276623,0.210957,0.257405,0.172476,0.182595,0.248178,0.056670,0.179691,0.232756,0.256366,0.188261
577,2.404167,0.359128,0.302797,0.262836,0.300323,0.276619,0.210960,0.257405,0.172474,0.182592,0.248176,0.056672,0.179693,0.232758,0.256366,0.188255
578,2.408333,0.359121,0.302799,0.262848,0.300326,0.276621,0.210960,0.257388,0.172482,0.182594,0.248174,0.056673,0.179694,0.232762,0.256367,0.188253
579,2.412500,0.359120,0.302814,0.262884,0.300325,0.276618,0.210962,0.257408,0.172476,0.182592,0.248176,0.056673,0.179693,0.232765,0.256365,0.188249
580,2.416667,0.359113,0.302815,0.262892,0.300331,0.276621,0.210959,0.257390,0.172480,0.182591,0.248173,0.056671,0.179690,0.232768,0.256366,0.188245
581,2.420833,0.359108,0.302813,0.262902,0.300333,0.276618,0.210962,0.257411,0.172473,0.182582,0.248173,0.056674,0.179689,0.232770,0.256367,0.188240
582,2.425000,0.359102,0.302813,0.262914,0.300333,0.276616,0.210962,0.257413,0.172473,0.182579,0.248174,0.056674,0.179686,0.232774,0.256366,0.188233
583,2.429167,0.359094,0.302809,0.262925,0.300331,0.276612,0.210967,0.257395,0.172481,0.182581,0.248172,0.056675,0.179689,0.232778,0.256366,0.188226
584,2.433333,0.359089,0.302806,0.262936,0.300338,0.276612,0.210965,0.257397,0.172478,0.182578,0.248174,0.056673,0.179686,0.232780,0.256367,0.188223
585,2.437500,0.359083,0.302802,0.262944,0.300339,0.276612,0.210966,0.257414,0.172472,0.182577,0.248171,0.056675,0.179683,0.232786,0.256365,0.188214
586,2.441667,0.359078,0.302797,0.262957,0.300343,0.276608,0.210967,0.257398,0.172479,0.182574,0.248172,0.056676,0.179682,0.232785,0.256366,0.188207
587,2.445833,0.359068,0.302792,0.262969,0.300344,0.276606,0.210968,0.257416,0.172472,0.182570,0.248172,0.056673,0.179679,0.232790,0.256367,0.188200
588,2.450000,0.359064,0.302787,0.262978,0.300344,0.276604,0.210969,0.257421,0.172470,0.182561,0.248172,0.056674,0.179678,0.232795,0.256364,0.188194
589,2.454167,0.359056,0.302768,0.262964,0.300344,0.276600,0.210971,0.257419,0.172470,0.182556,0.248171,0.056677,0.179677,0.232796,0.256370,0.188189
590,2.458333,0.359055,0.302773,0.262998,0.300343,0.276593,0.210972,0.257400,0.172478,0.182558,0.248169,0.056675,0.179678,0.232797,0.256368,0.188185
591,2.462500,0.359048,0.302754,0.262981,0.300345,0.276590,0.210970,0.257417,0.172471,0.182556,0.248169,0.056677,0.179673,0.232800,0.256369,0.188178
592,2.466667,0.359037,0.302749,0.262999,0.300346,0.276589,0.210973,0.257417,0.172472,0.182553,0.248170,0.056676,0.179674,0.232804,0.256367,0.188173
593,2.470833,0.359035,0.302743,0.263009,0.300346,0.276585,0.210974,0.257399,0.172480,0.182549,0.248167,0.056677,0.179673,0.232803,0.256371,0.188169
594,2.475000,0.359035,0.302734,0.263015,0.300351,0.276587,0.210972,0.257392,0.172474,0.182542,0.248168,0.056678,0.179675,0.232806,0.256368,0.188166
595,2.479167,0.359035,0.302723,0.263012,0.300350,0.276575,0.210979,0.257410,0.172467,0.182542,0.248169,0.056677,0.179673,0.232806,0.256368,0.188163
596,2.483333,0.359031,0.302716,0.263018,0.300349,0.276572,0.210979,0.257392,0.172474,0.182541,0.248165,0.056678,0.179674,0.232807,0.256368,0.188163
597,2.487500,0.359028,0.302711,0.263032,0.300350,0.276572,0.210975,0.257408,0.172468,0.182536,0.248163,0.056678,0.179674,0.232807,0.256370,0.188161
598,2.491667,0.359029,0.302703,0.263026,0.300356,0.276570,0.210976,0.257390,0.172474,0.182540,0.248166,0.056678,0.179675,0.232803,0.256374,0.188160
599,2.495833,0.359030,0.302695,0.263028,0.300353,0.276567,0.210977,0.257405,0.172473,0.182537,0.248167,0.056677,0.179676,0.232802,0.256373,0.188160
600,2.500000,0.359031,0.302691,0.263027,0.300352,0.276567,0.210975,0.257386,0.172476,0.182543,0.248165,0.056679,0.179676,0.232801,0.256372,0.188163
601,2.504167,0.359035,0.302686,0.263023,0.300351,0.276566,0.210976,0.257409,0.172473,0.182546,0.248164,0.056680,0.179677,0.232800,0.256374,0.188165
602,2.508333,0.359037,0.302685,0.263019,0.300350,0.276565,0.210977,0.257383,0.172475,0.182544,0.248166,0.056680,0.179677,0.232797,0.256385,0.188162
603,2.512500,0.359039,0.302680,0.263015,0.300349,0.276566,0.210976,0.257379,0.172480,0.182542,0.248167,0.056679,0.179679,0.232797,0.256375,0.188167
604,2.516667,0.359044,0.302677,0.263008,0.300350,0.276566,0.210973,0.257383,0.172484,0.182554,0.248166,0.056680,0.179680,0.232794,0.256375,0.188172
605,2.520833,0.359049,0.302676,0.263000,0.300348,0.276569,0.210972,0.257381,0.172476,0.182552,0.248166,0.056678,0.179682,0.232789,0.256383,0.188170
606,2.525000,0.359053,0.302675,0.262991,0.300346,0.276581,0.210965,0.257400,0.172469,0.182548,0.248167,0.056679,0.179683,0.232790,0.256375,0.188181
607,2.529167,0.359058,0.302675,0.262980,0.300339,0.276580,0.210965,0.257380,0.172474,0.182552,0.248168,0.056676,0.179680,0.232786,0.256385,0.188176
608,2.533333,0.359065,0.302677,0.262969,0.300344,0.276570,0.210967,0.257378,0.172477,0.182554,0.248165,0.056678,0.179689,0.232782,0.256383,0.188185
609,2.537500,0.359070,0.302679,0.262958,0.300337,0.276583,0.210960,0.257399,0.172478,0.182562,0.248168,0.056677,0.179688,0.232778,0.256383,0.188189
610,2.541667,0.359078,0.302684,0.262945,0.300334,0.276584,0.210958,0.257382,0.172480,0.182567,0.248172,0.056676,0.179683,0.232778,0.256374,0.188200
611,2.545833,0.359086,0.302686,0.262930,0.300333,0.276586,0.210958,0.257394,0.172470,0.182559,0.248168,0.056676,0.179686,0.232772,0.256379,0.188201
612,2.550000,0.359096,0.302692,0.262915,0.300335,0.276593,0.210956,0.257395,0.172471,0.182560,0.248170,0.056674,0.179688,0.232769,0.256372,0.188217
613,2.554167,0.359111,0.302692,0.262897,0.300329,0.276592,0.210955,0.257394,0.172472,0.182568,0.248168,0.056674,0.179690,0.232766,0.256381,0.188217
614,2.558333,0.359113,0.302700,0.262886,0.300330,0.276596,0.210955,0.257398,0.172475,0.182582,0.248171,0.056673,0.179690,0.232763,0.256382,0.188222
615,2.562500,0.359118,0.302707,0.262873,0.300329,0.276600,0.210953,0.257377,0.172480,0.182588,0.248172,0.056671,0.179693,0.232760,0.256371,0.188235
616,2.566667,0.359128,0.302712,0.262857,0.300328,0.276604,0.210952,0.257376,0.172485,0.182584,0.248172,0.056672,0.179691,0.232756,0.256381,0.188235
617,2.570833,0.359142,0.302713,0.262842,0.300322,0.276602,0.210952,0.257373,0.172476,0.182583,0.248173,0.056674,0.179694,0.232753,0.256381,0.188241
618,2.575000,0.359144,0.302718,0.262831,0.300324,0.276609,0.210951,0.257372,0.172477,0.182586,0.248171,0.056672,0.179695,0.232750,0.256379,0.188244
619,2.579167,0.359151,0.302729,0.262817,0.300316,0.276608,0.210952,0.257369,0.172476,0.182590,0.248173,0.056674,0.179694,0.232743,0.256370,0.188256
620,2.583333,0.359159,0.302731,0.262802,0.300320,0.276614,0.210950,0.257391,0.172477,0.182600,0.248170,0.056675,0.179694,0.232739,0.256369,0.188261
621,2.587500,0.359163,0.302739,0.262790,0.300314,0.276611,0.210952,0.257369,0.172479,0.182595,0.248173,0.056674,0.179694,0.232737,0.256369,0.188265
622,2.591667,0.359179,0.302733,0.262766,0.300312,0.276613,0.210951,0.257374,0.172484,0.182602,0.248174,0.056673,0.179698,0.232736,0.256368,0.188270
623,2.595833,0.359184,0.302738,0.262760,0.300312,0.276616,0.210949,0.257391,0.172476,0.182605,0.248174,0.056671,0.179698,0.232738,0.256368,0.188277
624,2.600000,0.359186,0.302740,0.262755,0.300311,0.276617,0.210948,0.257391,0.172480,0.182605,0.248172,0.056671,0.179698,0.232732,0.256366,0.188277
625,2.604167,0.359188,0.302745,0.262751,0.300313,0.276623,0.210947,0.257391,0.172478,0.182604,0.248172,0.056672,0.179698,0.232736,0.256378,0.188278
626,2.608333,0.359189,0.302748,0.262750,0.300311,0.276621,0.210944,0.257395,0.172475,0.182609,0.248174,0.056670,0.179697,0.232732,0.256366,0.188284
627,2.612500,0.359190,0.302753,0.262747,0.300315,0.276626,0.210944,0.257391,0.172477,0.182611,0.248171,0.056671,0.179699,0.232732,0.256367,0.188284
628,2.616667,0.359190,0.302754,0.262748,0.300316,0.276626,0.210945,0.257373,0.172488,0.182610,0.248172,0.056675,0.179698,0.232732,0.256366,0.188286
629,2.620833,0.359190,0.302755,0.262751,0.300316,0.276626,0.210944,0.257374,0.172486,0.182610,0.248175,0.056670,0.179697,0.232732,0.256364,0.188285
630,2.625000,0.359191,0.302758,0.262750,0.300317,0.276625,0.210946,0.257396,0.172476,0.182607,0.248173,0.056673,0.179699,0.232735,0.256364,0.188285
631,2.629167,0.359186,0.302759,0.262754,0.300318,0.276625,0.210944,0.257396,0.172474,0.182607,0.248172,0.056672,0.179695,0.232740,0.256375,0.188279
632,2.633333,0.359184,0.302757,0.262755,0.300319,0.276625,0.210947,0.257392,0.172468,0.182596,0.248173,0.056669,0.179698,0.232743,0.256363,0.188283
633,2.637500,0.359181,0.302758,0.262763,0.300317,0.276620,0.210947,0.257396,0.172473,0.182609,0.248174,0.056671,0.179697,0.232740,0.256363,0.188276
634,2.641667,0.359179,0.302755,0.262768,0.300321,0.276622,0.210948,0.257376,0.172471,0.182595,0.248173,0.056671,0.179695,0.232747,0.256365,0.188276
635,2.645833,0.359173,0.302754,0.262777,0.300323,0.276621,0.210949,0.257379,0.172482,0.182603,0.248173,0.056671,0.179697,0.232748,0.256375,0.188264
636,2.650000,0.359171,0.302752,0.262784,0.300323,0.276618,0.210953,0.257382,0.172480,0.182598,0.248173,0.056672,0.179696,0.232752,0.256365,0.188264
637,2.654167,0.359143,0.302763,0.262819,0.300325,0.276615,0.210952,0.257400,0.172475,0.182591,0.248171,0.056669,0.179691,0.232756,0.256364,0.188259
638,2.658333,0.359144,0.302756,0.262827,0.300328,0.276613,0.210951,0.257382,0.172481,0.182595,0.248171,0.056672,0.179690,0.232758,0.256367,0.188254
639,2.662500,0.359129,0.302756,0.262845,0.300325,0.276608,0.210955,0.257402,0.172470,0.182589,0.248170,0.056668,0.179690,0.232758,0.256379,0.188241
640,2.666667,0.359124,0.302752,0.262856,0.300331,0.276607,0.210954,0.257378,0.172474,0.182578,0.248170,0.056673,0.179688,0.232762,0.256367,0.188239
641,2.670833,0.359117,0.302746,0.262869,0.300329,0.276604,0.210955,0.257380,0.172484,0.182582,0.248168,0.056672,0.179692,0.232765,0.256379,0.188228
642,2.675000,0.359108,0.302739,0.262882,0.300331,0.276601,0.210956,0.257384,0.172479,0.182581,0.248168,0.056672,0.179689,0.232769,0.256370,0.188229
643,2.679167,0.359102,0.302736,0.262897,0.300336,0.276602,0.210960,0.257405,0.172471,0.182575,0.248169,0.056674,0.179687,0.232771,0.256370,0.188221
644,2.683333,0.359092,0.302731,0.262912,0.300334,0.276596,0.210958,0.257380,0.172475,0.182567,0.248169,0.056676,0.179689,0.232773,0.256380,0.188207
645,2.687500,0.359083,0.302726,0.262925,0.300340,0.276598,0.210958,0.257404,0.172475,0.182569,0.248170,0.056674,0.179685,0.232778,0.256372,0.188209
646,2.691667,0.359076,0.302721,0.262940,0.300335,0.276594,0.210957,0.257383,0.172474,0.182557,0.248168,0.056676,0.179684,0.232780,0.256372,0.188203
647,2.695833,0.359070,0.302715,0.262950,0.300339,0.276591,0.210956,0.257406,0.172471,0.182564,0.248169,0.056676,0.179684,0.232783,0.256383,0.188191
648,2.700000,0.359064,0.302710,0.262961,0.300338,0.276589,0.210958,0.257405,0.172468,0.182550,0.248169,0.056677,0.179683,0.232787,0.256373,0.188190
649,2.704167,0.359057,0.302702,0.262971,0.300343,0.276587,0.210960,0.257402,0.172471,0.182550,0.248168,0.056677,0.179684,0.232786,0.256384,0.188179
650,2.708333,0.359051,0.302699,0.262981,0.300346,0.276589,0.210955,0.257387,0.172478,0.182544,0.248167,0.056677,0.179682,0.232790,0.256376,0.188182
651,2.712500,0.359045,0.302697,0.262985,0.300343,0.276584,0.210955,0.257389,0.172484,0.182554,0.248169,0.056677,0.179682,0.232791,0.256383,0.188171
652,2.716667,0.359042,0.302696,0.262991,0.300350,0.276575,0.210961,0.257412,0.172473,0.182550,0.248170,0.056678,0.179682,0.232794,0.256373,0.188171
653,2.720833,0.359038,0.302695,0.262997,0.300344,0.276582,0.210957,0.257389,0.172474,0.182543,0.248169,0.056676,0.179679,0.232797,0.256373,0.188168
654,2.725000,0.359038,0.302694,0.263001,0.300347,0.276574,0.210961,0.257410,0.172468,0.182537,0.248168,0.056677,0.179684,0.232796,0.256382,0.188159
655,2.729167,0.359035,0.302693,0.263004,0.300349,0.276572,0.210964,0.257409,0.172467,0.182537,0.248171,0.056677,0.179682,0.232796,0.256382,0.188158
656,2.733333,0.359035,0.302696,0.263004,0.300347,0.276571,0.210963,0.257410,0.172469,0.182538,0.248173,0.056678,0.179675,0.232799,0.256379,0.188156
657,2.737500,0.359035,0.302698,0.263002,0.300347,0.276575,0.210962,0.257408,0.172467,0.182538,0.248171,0.056677,0.179675,0.232800,0.256374,0.188160
658,2.741667,0.359037,0.302698,0.262997,0.300345,0.276580,0.210956,0.257413,0.172473,0.182546,0.248169,0.056677,0.179677,0.232803,0.256369,0.188160
659,2.745833,0.359036,0.302700,0.262996,0.300351,0.276579,0.210960,0.257409,0.172468,0.182540,0.248171,0.056677,0.179678,0.232798,0.256374,0.188164
660,2.750000,0.359039,0.302704,0.262990,0.300351,0.276579,0.210960,0.257413,0.172473,0.182547,0.248171,0.056677,0.179677,0.232798,0.256374,0.188165
661,2.754167,0.359042,0.302710,0.262985,0.300344,0.276587,0.210957,0.257392,0.172482,0.182550,0.248171,0.056676,0.179682,0.232795,0.256382,0.188160
662,2.758333,0.359046,0.302716,0.262977,0.300346,0.276578,0.210962,0.257395,0.172480,0.182550,0.248172,0.056678,0.179680,0.232799,0.256371,0.188169
663,2.762500,0.359051,0.302719,0.262970,0.300345,0.276590,0.210956,0.257389,0.172476,0.182546,0.248172,0.056675,0.179682,0.232794,0.256372,0.188173
664,2.766667,0.359057,0.302725,0.262960,0.300344,0.276591,0.210955,0.257406,0.172469,0.182547,0.248173,0.056677,0.179683,0.232790,0.256382,0.188173
665,2.770833,0.359057,0.302731,0.262955,0.300340,0.276590,0.210953,0.257408,0.172469,0.182545,0.248171,0.056678,0.179683,0.232788,0.256382,0.188175
666,2.775000,0.359064,0.302736,0.262945,0.300340,0.276593,0.210952,0.257388,0.172477,0.182546,0.248174,0.056677,0.179684,0.232789,0.256373,0.188186
667,2.779167,0.359071,0.302736,0.262933,0.300341,0.276598,0.210951,0.257413,0.172474,0.182562,0.248173,0.056677,0.179685,0.232787,0.256372,0.188192
668,2.783333,0.359075,0.302745,0.262924,0.300342,0.276601,0.210949,0.257389,0.172476,0.182559,0.248176,0.056677,0.179686,0.232784,0.256374,0.188199
669,2.787500,0.359081,0.302748,0.262912,0.300341,0.276603,0.210950,0.257387,0.172475,0.182560,0.248174,0.056679,0.179689,0.232782,0.256373,0.188204
670,2.791667,0.359086,0.302751,0.262902,0.300334,0.276603,0.210951,0.257410,0.172475,0.182569,0.248178,0.056676,0.179686,0.232780,0.256373,0.188211
671,2.795833,0.359093,0.302758,0.262892,0.300337,0.276609,0.210949,0.257410,0.172474,0.182570,0.248177,0.056677,0.179688,0.232776,0.256381,0.188212
672,2.800000,0.359102,0.302759,0.262881,0.300336,0.276610,0.210946,0.257391,0.172479,0.182580,0.248176,0.056676,0.179692,0.232772,0.256368,0.188222
673,2.804167,0.359107,0.302762,0.262873,0.300335,0.276612,0.210948,0.257409,0.172473,0.182580,0.248174,0.056674,0.179690,0.232769,0.256378,0.188225
674,2.808333,0.359114,0.302765,0.262863,0.300334,0.276614,0.210946,0.257387,0.172474,0.182572,0.248177,0.056674,0.179691,0.232770,0.256367,0.188236
675,2.812500,0.359131,0.302762,0.262849,0.300335,0.276614,0.210946,0.257409,0.172473,0.182578,0.248175,0.056674,0.179693,0.232769,0.256367,0.188242
676,2.816667,0.359135,0.302766,0.262840,0.300331,0.276617,0.210947,0.257403,0.172468,0.182578,0.248174,0.056675,0.179693,0.232764,0.256365,0.188247
677,2.820833,0.359142,0.302767,0.262831,0.300333,0.276618,0.210946,0.257407,0.172474,0.182589,0.248176,0.056672,0.179694,0.232761,0.256365,0.188255
678,2.825000,0.359160,0.302758,0.262807,0.300332,0.276618,0.210947,0.257405,0.172474,0.182594,0.248176,0.056672,0.179691,0.232762,0.256367,0.188261
679,2.829167,0.359170,0.302758,0.262794,0.300331,0.276618,0.210947,0.257405,0.172473,0.182594,0.248174,0.056674,0.179696,0.232761,0.256368,0.188263
680,2.833333,0.359172,0.302759,0.262786,0.300333,0.276617,0.210947,0.257403,0.172471,0.182597,0.248174,0.056673,0.179697,0.232759,0.256368,0.188264
681,2.837500,0.359181,0.302757,0.262781,0.300332,0.276618,0.210948,0.257403,0.172474,0.182597,0.248175,0.056673,0.179697,0.232757,0.256367,0.188270
682,2.841667,0.359185,0.302755,0.262774,0.300335,0.276617,0.210949,0.257402,0.172473,0.182605,0.248174,0.056671,0.179695,0.232757,0.256367,0.188271
683,2.845833,0.359187,0.302755,0.262770,0.300331,0.276616,0.210950,0.257401,0.172471,0.182601,0.248172,0.056671,0.179695,0.232756,0.256367,0.188272
684,2.850000,0.359190,0.302750,0.262769,0.300333,0.276615,0.210951,0.257395,0.172468,0.182593,0.248173,0.056673,0.179693,0.232755,0.256368,0.188272
685,2.854167,0.359195,0.302747,0.262769,0.300328,0.276611,0.210953,0.257379,0.172479,0.182606,0.248173,0.056672,0.179694,0.232755,0.256367,0.188279
686,2.858333,0.359195,0.302742,0.262767,0.300333,0.276613,0.210951,0.257379,0.172480,0.182604,0.248171,0.056673,0.179697,0.232753,0.256367,0.188278
687,2.862500,0.359195,0.302738,0.262769,0.300332,0.276610,0.210953,0.257399,0.172471,0.182604,0.248171,0.056671,0.179695,0.232753,0.256367,0.188276
688,2.866667,0.359196,0.302733,0.262774,0.300333,0.276609,0.210955,0.257400,0.172473,0.182603,0.248169,0.056671,0.179698,0.232756,0.256366,0.188273
689,2.870833,0.359193,0.302725,0.262778,0.300334,0.276608,0.210955,0.257397,0.172472,0.182602,0.248169,0.056674,0.179696,0.232757,0.256368,0.188276
690,2.875000,0.359192,0.302716,0.262785,0.300335,0.276607,0.210957,0.257380,0.172481,0.182604,0.248169,0.056674,0.179693,0.232759,0.256366,0.188272
691,2.879167,0.359191,0.302708,0.262792,0.300339,0.276605,0.210957,0.257394,0.172477,0.182601,0.248169,0.056672,0.179694,0.232757,0.256368,0.188272
692,2.883333,0.359176,0.302711,0.262814,0.300339,0.276603,0.210953,0.257379,0.172478,0.182603,0.248169,0.056669,0.179691,0.232760,0.256369,0.188266
693,2.887500,0.359176,0.302693,0.262817,0.300340,0.276601,0.210957,0.257398,0.172471,0.182598,0.248169,0.056674,0.179693,0.232762,0.256368,0.188264
694,2.891667,0.359166,0.302695,0.262840,0.300339,0.276598,0.210957,0.257396,0.172471,0.182597,0.248167,0.056673,0.179692,0.232762,0.256367,0.188262
695,2.895833,0.359159,0.302688,0.262850,0.300340,0.276594,0.210960,0.257396,0.172472,0.182593,0.248167,0.056673,0.179693,0.232763,0.256369,0.188258
696,2.900000,0.359153,0.302683,0.262858,0.300342,0.276592,0.210961,0.257379,0.172478,0.182594,0.248165,0.056674,0.179691,0.232765,0.256369,0.188252
697,2.904167,0.359148,0.302676,0.262869,0.300338,0.276587,0.210960,0.257390,0.172465,0.182582,0.248167,0.056673,0.179689,0.232765,0.256379,0.188240
698,2.908333,0.359137,0.302673,0.262880,0.300343,0.276589,0.210957,0.257395,0.172471,0.182592,0.248167,0.056671,0.179689,0.232769,0.256369,0.188243
699,2.912500,0.359139,0.302666,0.262888,0.300343,0.276587,0.210961,0.257380,0.172479,0.182588,0.248164,0.056675,0.179692,0.232770,0.256371,0.188238
700,2.916667,0.359135,0.302661,0.262896,0.300343,0.276584,0.210962,0.257398,0.172471,0.182586,0.248164,0.056675,0.179689,0.232771,0.256383,0.188226
701,2.920833,0.359128,0.302659,0.262908,0.300347,0.276578,0.210964,0.257397,0.172471,0.182582,0.248165,0.056677,0.179692,0.232773,0.256373,0.188226
702,2.925000,0.359121,0.302655,0.262917,0.300351,0.276573,0.210965,0.257370,0.172477,0.182575,0.248165,0.056674,0.179686,0.232777,0.256374,0.188222
703,2.929167,0.359111,0.302657,0.262927,0.300347,0.276575,0.210965,0.257390,0.172472,0.182566,0.248162,0.056677,0.179690,0.232779,0.256375,0.188219
704,2.933333,0.359109,0.302651,0.262933,0.300346,0.276567,0.210965,0.257377,0.172478,0.182575,0.248167,0.056676,0.179686,0.232779,0.256373,0.188210
705,2.937500,0.359107,0.302655,0.262937,0.300345,0.276570,0.210964,0.257382,0.172480,0.182571,0.248166,0.056679,0.179683,0.232782,0.256374,0.188205
706,2.941667,0.359101,0.302654,0.262944,0.300344,0.276570,0.210965,0.257379,0.172478,0.182573,0.248165,0.056676,0.179684,0.232781,0.256384,0.188195
707,2.945833,0.359097,0.302654,0.262948,0.300344,0.276567,0.210968,0.257399,0.172473,0.182569,0.248165,0.056675,0.179686,0.232782,0.256384,0.188190
708,2.950000,0.359081,0.302664,0.262954,0.300348,0.276573,0.210963,0.257380,0.172484,0.182566,0.248168,0.056676,0.179684,0.232784,0.256385,0.188185
709,2.954167,0.359078,0.302667,0.262958,0.300344,0.276569,0.210965,0.257397,0.172467,0.182556,0.248168,0.056674,0.179684,0.232786,0.256384,0.188181
710,2.958333,0.359073,0.302671,0.262962,0.300345,0.276566,0.210967,0.257384,0.172478,0.182565,0.248168,0.056675,0.179682,0.232786,0.256382,0.188178
711,2.962500,0.359071,0.302679,0.262964,0.300340,0.276577,0.210959,0.257405,0.172472,0.182558,0.248168,0.056677,0.179684,0.232788,0.256373,0.188180
712,2.966667,0.359066,0.302683,0.262967,0.300341,0.276573,0.210961,0.257381,0.172475,0.182551,0.248168,0.056676,0.179682,0.232787,0.256382,0.188172
713,2.970833,0.359062,0.302689,0.262967,0.300340,0.276580,0.210958,0.257402,0.172465,0.182546,0.248168,0.056673,0.179682,0.232789,0.256373,0.188177
714,2.975000,0.359058,0.302698,0.262967,0.300344,0.276576,0.210959,0.257385,0.172479,0.182541,0.248168,0.056676,0.179683,0.232787,0.256383,0.188170
715,2.979167,0.359057,0.302706,0.262968,0.300339,0.276585,0.210955,0.257405,0.172470,0.182541,0.248169,0.056673,0.179682,0.232788,0.256373,0.188177
716,2.983333,0.359057,0.302713,0.262964,0.300336,0.276586,0.210956,0.257408,0.172474,0.182550,0.248170,0.056675,0.179684,0.232786,0.256380,0.188170
717,2.987500,0.359054,0.302724,0.262962,0.300336,0.276590,0.210954,0.257390,0.172483,0.182554,0.248172,0.056677,0.179678,0.232788,0.256381,0.188168
718,2.991667,0.359053,0.302731,0.262958,0.300339,0.276595,0.210951,0.257405,0.172467,0.182545,0.248172,0.056676,0.179681,0.232789,0.256371,0.188173
719,2.995833,0.359051,0.302740,0.262954,0.300336,0.276595,0.210950,0.257388,0.172473,0.182547,0.248172,0.056673,0.179682,0.232785,0.256370,0.188180
720,3.000000,0.359053,0.302749,0.262949,0.300339,0.276601,0.210948,0.257413,0.172472,0.182552,0.248175,0.056677,0.179680,0.232785,0.256368,0.188180
721,3.004167,0.359055,0.302757,0.262945,0.300333,0.276600,0.210949,0.257413,0.172473,0.182557,0.248176,0.056673,0.179679,0.232783,0.256379,0.188178
722,3.008333,0.359055,0.302766,0.262940,0.300332,0.276601,0.210950,0.257409,0.172466,0.182547,0.248173,0.056675,0.179682,0.232782,0.256377,0.188178
723,3.012500,0.359062,0.302787,0.262957,0.300336,0.276608,0.210947,0.257413,0.172470,0.182553,0.248175,0.056676,0.179683,0.232780,0.256378,0.188181
724,3.016667,0.359065,0.302796,0.262948,0.300334,0.276610,0.210945,0.257416,0.172473,0.182556,0.248175,0.056674,0.179683,0.232778,0.256376,0.188187
725,3.020833,0.359069,0.302803,0.262943,0.300333,0.276614,0.210947,0.257413,0.172473,0.182564,0.248174,0.056675,0.179685,0.232779,0.256377,0.188190
726,3.025000,0.359073,0.302812,0.262933,0.300332,0.276614,0.210945,0.257412,0.172476,0.182559,0.248173,0.056676,0.179687,0.232777,0.256379,0.188192
727,3.029167,0.359079,0.302815,0.262927,0.300331,0.276617,0.210946,0.257413,0.172473,0.182563,0.248175,0.056674,0.179690,0.232775,0.256378,0.188196
728,3.033333,0.359082,0.302819,0.262918,0.300329,0.276619,0.210946,0.257414,0.172476,0.182568,0.248173,0.056678,0.179687,0.232772,0.256377,0.188198
729,3.037500,0.359089,0.302821,0.262905,0.300330,0.276620,0.210945,0.257411,0.172475,0.182568,0.248173,0.056674,0.179686,0.232771,0.256378,0.188203
730,3.041667,0.359090,0.302828,0.262900,0.300329,0.276619,0.210944,0.257412,0.172473,0.182569,0.248175,0.056675,0.179687,0.232772,0.256368,0.188212
731,3.045833,0.359096,0.302830,0.262891,0.300324,0.276619,0.210945,0.257392,0.172481,0.182574,0.248174,0.056675,0.179689,0.232767,0.256376,0.188210
732,3.050000,0.359101,0.302829,0.262885,0.300326,0.276623,0.210943,0.257393,0.172480,0.182573,0.248173,0.056674,0.179688,0.232767,0.256376,0.188215
733,3.054167,0.359106,0.302829,0.262877,0.300324,0.276619,0.210945,0.257410,0.172472,0.182573,0.248177,0.056674,0.179686,0.232768,0.256367,0.188224
734,3.058333,0.359110,0.302831,0.262872,0.300328,0.276622,0.210942,0.257385,0.172473,0.182571,0.248173,0.056674,0.179690,0.232766,0.256374,0.188218
735,3.062500,0.359114,0.302827,0.262866,0.300327,0.276623,0.210941,0.257408,0.172474,0.182578,0.248173,0.056673,0.179690,0.232762,0.256375,0.188223
736,3.066667,0.359119,0.302823,0.262862,0.300327,0.276623,0.210943,0.257391,0.172479,0.182578,0.248170,0.056671,0.179691,0.232764,0.256365,0.188232
737,3.070833,0.359119,0.302803,0.262832,0.300326,0.276622,0.210940,0.257408,0.172471,0.182582,0.248171,0.056672,0.179692,0.232761,0.256373,0.188227
738,3.075000,0.359121,0.302799,0.262829,0.300325,0.276623,0.210940,0.257407,0.172470,0.182584,0.248173,0.056672,0.179689,0.232762,0.256364,0.188236
739,3.079167,0.359133,0.302788,0.262826,0.300327,0.276621,0.210941,0.257389,0.172482,0.182581,0.248173,0.056672,0.179691,0.232761,0.256366,0.188239
740,3.083333,0.359125,0.302787,0.262828,0.300327,0.276621,0.210939,0.257401,0.172465,0.182575,0.248172,0.056670,0.179689,0.232760,0.256362,0.188241
741,3.087500,0.359128,0.302780,0.262827,0.300323,0.276616,0.210943,0.257383,0.172483,0.182583,0.248171,0.056669,0.179693,0.232759,0.256374,0.188236
742,3.091667,0.359132,0.302772,0.262826,0.300327,0.276616,0.210942,0.257405,0.172471,0.182583,0.248174,0.056668,0.179692,0.232760,0.256366,0.188248
743,3.095833,0.359142,0.302756,0.262825,0.300329,0.276616,0.210945,0.257402,0.172471,0.182590,0.248169,0.056670,0.179694,0.232759,0.256376,0.188238
744,3.100000,0.359143,0.302752,0.262826,0.300325,0.276611,0.210943,0.257382,0.172483,0.182587,0.248168,0.056673,0.179695,0.232752,0.256363,0.188243
745,3.104167,0.359143,0.302742,0.262826,0.300329,0.276611,0.210945,0.257377,0.172482,0.182586,0.248169,0.056671,0.179695,0.232756,0.256377,0.188240
746,3.108333,0.359146,0.302732,0.262831,0.300330,0.276607,0.210944,0.257377,0.172478,0.182595,0.248166,0.056674,0.179697,0.232756,0.256377,0.188243
747,3.112500,0.359148,0.302725,0.262834,0.300326,0.276602,0.210946,0.257371,0.172475,0.182587,0.248167,0.056674,0.179696,0.232756,0.256378,0.188240
748,3.116667,0.359147,0.302716,0.262836,0.300328,0.276601,0.210947,0.257374,0.172482,0.182595,0.248166,0.056675,0.179697,0.232757,0.256378,0.188238
749,3.120833,0.359149,0.302705,0.262841,0.300334,0.276603,0.210949,0.257373,0.172479,0.182594,0.248166,0.056670,0.179694,0.232759,0.256370,0.188245
750,3.125000,0.359148,0.302695,0.262845,0.300335,0.276600,0.210949,0.257392,0.172474,0.182588,0.248164,0.056671,0.179698,0.232756,0.256381,0.188239
751,3.129167,0.359149,0.302687,0.262848,0.300334,0.276597,0.210949,0.257366,0.172474,0.182585,0.248163,0.056673,0.179695,0.232759,0.256370,0.188242
752,3.133333,0.359149,0.302678,0.262853,0.300333,0.276594,0.210950,0.257366,0.172473,0.182583,0.248164,0.056671,0.179693,0.232759,0.256370,0.188242
753,3.137500,0.359144,0.302673,0.262859,0.300330,0.276589,0.210952,0.257369,0.172483,0.182590,0.248163,0.056671,0.179696,0.232756,0.256382,0.188233
754,3.141667,0.359147,0.302664,0.262863,0.300334,0.276590,0.210952,0.257367,0.172483,0.182592,0.248162,0.056671,0.179696,0.232759,0.256370,0.188237
755,3.145833,0.359144,0.302658,0.262870,0.300331,0.276585,0.210953,0.257367,0.172480,0.182589,0.248160,0.056670,0.179696,0.232759,0.256381,0.188228
756,3.150000,0.359143,0.302654,0.262871,0.300337,0.276586,0.210953,0.257363,0.172475,0.182581,0.248161,0.056672,0.179693,0.232759,0.256382,0.188227
757,3.154167,0.359142,0.302650,0.262877,0.300332,0.276582,0.210954,0.257383,0.172469,0.182573,0.248162,0.056670,0.179693,0.232761,0.256382,0.188225
758,3.158333,0.359139,0.302644,0.262883,0.300337,0.276585,0.210956,0.257365,0.172472,0.182582,0.248163,0.056670,0.179694,0.232761,0.256382,0.188224
759,3.162500,0.359136,0.302644,0.262888,0.300334,0.276583,0.210953,0.257369,0.172483,0.182587,0.248161,0.056670,0.179695,0.232762,0.256382,0.188224
760,3.166667,0.359133,0.302641,0.262894,0.300336,0.276574,0.210959,0.257390,0.172474,0.182583,0.248163,0.056671,0.179692,0.232764,0.256382,0.188219
761,3.170833,0.359132,0.302639,0.262896,0.300334,0.276580,0.210957,0.257386,0.172467,0.182574,0.248163,0.056670,0.179690,0.232765,0.256382,0.188216
762,3.175000,0.359127,0.302640,0.262897,0.300336,0.276581,0.210957,0.257372,0.172477,0.182584,0.248164,0.056669,0.179695,0.232767,0.256373,0.188219
763,3.179167,0.359123,0.302641,0.262903,0.300334,0.276581,0.210958,0.257386,0.172468,0.182574,0.248163,0.056668,0.179692,0.232768,0.256373,0.188219
764,3.183333,0.359119,0.302645,0.262907,0.300337,0.276576,0.210963,0.257372,0.172479,0.182585,0.248165,0.056671,0.179693,0.232768,0.256382,0.188211
765,3.187500,0.359117,0.302649,0.262905,0.300336,0.276585,0.210958,0.257393,0.172470,0.182582,0.248166,0.056670,0.179690,0.232768,0.256381,0.188205
766,3.191667,0.359115,0.302656,0.262910,0.300334,0.276582,0.210958,0.257393,0.172465,0.182568,0.248166,0.056673,0.179690,0.232770,0.256381,0.188205
767,3.195833,0.359103,0.302665,0.262917,0.300332,0.276583,0.210958,0.257372,0.172476,0.182563,0.248166,0.056670,0.179690,0.232769,0.256381,0.188205
768,3.200000,0.359099,0.302670,0.262918,0.300332,0.276585,0.210958,0.257393,0.172464,0.182563,0.248167,0.056670,0.179689,0.232771,0.256371,0.188208
769,3.204167,0.359103,0.302673,0.262915,0.300332,0.276587,0.210958,0.257391,0.172468,0.182564,0.248169,0.056671,0.179685,0.232772,0.256380,0.188199
770,3.208333,0.359090,0.302686,0.262921,0.300330,0.276588,0.210958,0.257375,0.172473,0.182568,0.248170,0.056671,0.179689,0.232772,0.256369,0.188204
771,3.212500,0.359087,0.302695,0.262922,0.300331,0.276589,0.210959,0.257398,0.172472,0.182570,0.248168,0.056670,0.179686,0.232771,0.256379,0.188196
772,3.216667,0.359084,0.302704,0.262924,0.300329,0.276591,0.210959,0.257376,0.172475,0.182565,0.248168,0.056675,0.179686,0.232773,0.256379,0.188195
773,3.220833,0.359081,0.302713,0.262923,0.300331,0.276592,0.210958,0.257384,0.172478,0.182568,0.248171,0.056672,0.179688,0.232772,0.256380,0.188193
774,3.225000,0.359075,0.302722,0.262926,0.300328,0.276595,0.210955,0.257380,0.172472,0.182561,0.248170,0.056672,0.179687,0.232771,0.256379,0.188193
775,3.229167,0.359071,0.302733,0.262925,0.300328,0.276598,0.210955,0.257400,0.172466,0.182558,0.248171,0.056674,0.179684,0.232771,0.256379,0.188194
776,3.233333,0.359068,0.302741,0.262925,0.300327,0.276598,0.210958,0.257380,0.172478,0.182559,0.248171,0.056673,0.179682,0.232773,0.256380,0.188193
777,3.237500,0.359066,0.302749,0.262924,0.300326,0.276600,0.210956,0.257399,0.172467,0.182558,0.248171,0.056675,0.179685,0.232773,0.256378,0.188191
778,3.241667,0.359064,0.302759,0.262923,0.300326,0.276604,0.210955,0.257387,0.172481,0.182569,0.248174,0.056671,0.179678,0.232775,0.256378,0.188191
779,3.245833,0.359064,0.302766,0.262922,0.300326,0.276605,0.210953,0.257390,0.172481,0.182566,0.248172,0.056674,0.179682,0.232774,0.256378,0.188191
780,3.250000,0.359064,0.302774,0.262919,0.300332,0.276610,0.210953,0.257409,0.172473,0.182566,0.248173,0.056673,0.179679,0.232778,0.256369,0.188196
781,3.254167,0.359066,0.302793,0.262943,0.300327,0.276608,0.210951,0.257411,0.172472,0.182565,0.248173,0.056672,0.179681,0.232775,0.256374,0.188189
782,3.258333,0.359068,0.302800,0.262941,0.300330,0.276614,0.210952,0.257412,0.172472,0.182565,0.248172,0.056673,0.179681,0.232775,0.256375,0.188190
783,3.262500,0.359068,0.302804,0.262939,0.300325,0.276612,0.210952,0.257413,0.172472,0.182560,0.248173,0.056673,0.179680,0.232775,0.256375,0.188189
784,3.266667,0.359067,0.302811,0.262937,0.300325,0.276614,0.210951,0.257396,0.172478,0.182562,0.248173,0.056674,0.179676,0.232775,0.256374,0.188189
785,3.270833,0.359068,0.302814,0.262935,0.300323,0.276614,0.210951,0.257417,0.172471,0.182559,0.248176,0.056675,0.179682,0.232778,0.256373,0.188188
786,3.275000,0.359068,0.302817,0.262933,0.300329,0.276620,0.210949,0.257419,0.172467,0.182560,0.248176,0.056674,0.179682,0.232779,0.256364,0.188197
787,3.279167,0.359069,0.302821,0.262931,0.300328,0.276621,0.210948,0.257417,0.172471,0.182556,0.248175,0.056673,0.179677,0.232775,0.256375,0.188190
788,3.283333,0.359067,0.302821,0.262929,0.300328,0.276619,0.210948,0.257416,0.172472,0.182562,0.248173,0.056672,0.179679,0.232777,0.256375,0.188188
789,3.287500,0.359070,0.302823,0.262928,0.300330,0.276619,0.210948,0.257392,0.172472,0.182556,0.248176,0.056673,0.179678,0.232776,0.256372,0.188190
790,3.291667,0.359071,0.302823,0.262926,0.300329,0.276621,0.210945,0.257417,0.172473,0.182561,0.248174,0.056671,0.179679,0.232775,0.256373,0.188189
791,3.295833,0.359074,0.302824,0.262924,0.300330,0.276621,0.210948,0.257411,0.172473,0.182567,0.248173,0.056671,0.179679,0.232778,0.256367,0.188196
792,3.300000,0.359072,0.302823,0.262925,0.300329,0.276620,0.210948,0.257393,0.172480,0.182568,0.248173,0.056671,0.179683,0.232776,0.256375,0.188188
793,3.304167,0.359076,0.302820,0.262922,0.300329,0.276620,0.210948,0.257395,0.172478,0.182565,0.248172,0.056677,0.179684,0.232775,0.256375,0.188189
794,3.308333,0.359077,0.302818,0.262923,0.300330,0.276620,0.210947,0.257409,0.172468,0.182556,0.248172,0.056673,0.179682,0.232774,0.256376,0.188192
795,3.312500,0.359083,0.302814,0.262920,0.300330,0.276618,0.210947,0.257386,0.172477,0.182558,0.248170,0.056674,0.179683,0.232775,0.256377,0.188193
796,3.316667,0.359082,0.302810,0.262920,0.300331,0.276615,0.210948,0.257411,0.172472,0.182562,0.248169,0.056673,0.179685,0.232774,0.256376,0.188193
797,3.320833,0.359085,0.302803,0.262919,0.300333,0.276614,0.210947,0.257409,0.172475,0.182566,0.248172,0.056671,0.179685,0.232775,0.256377,0.188192
798,3.325000,0.359083,0.302782,0.262894,0.300332,0.276614,0.210947,0.257408,0.172473,0.182572,0.248169,0.056674,0.179688,0.232773,0.256377,0.188196
799,3.329167,0.359082,0.302775,0.262894,0.300334,0.276615,0.210946,0.257383,0.172474,0.182564,0.248172,0.056673,0.179688,0.232776,0.256377,0.188194
800,3.333333,0.359087,0.302767,0.262893,0.300336,0.276610,0.210944,0.257407,0.172471,0.182569,0.248169,0.056673,0.179689,0.232776,0.256377,0.188195
801,3.337500,0.359089,0.302759,0.262894,0.300335,0.276612,0.210943,0.257406,0.172475,0.182571,0.248169,0.056671,0.179693,0.232775,0.256368,0.188204
802,3.341667,0.359092,0.302751,0.262892,0.300337,0.276610,0.210944,0.257401,0.172469,0.182555,0.248170,0.056671,0.179690,0.232774,0.256377,0.188198
803,3.345833,0.359096,0.302742,0.262892,0.300335,0.276607,0.210943,0.257386,0.172479,0.182570,0.248167,0.056672,0.179687,0.232773,0.256377,0.188201
804,3.350000,0.359099,0.302738,0.262893,0.300333,0.276601,0.210944,0.257382,0.172482,0.182572,0.248171,0.056671,0.179687,0.232773,0.256379,0.188202
805,3.354167,0.359103,0.302728,0.262887,0.300332,0.276600,0.210942,0.257394,0.172469,0.182561,0.248170,0.056674,0.179692,0.232771,0.256378,0.188203
